video_id,comment_id,parent_id,author,author_channel_id,text,like_count,reply_count,is_favorited,is_pinned,timestamp
PWirijQkH4M,Ugy6_PzV8d-eQ1eMUUp4AaABAg,root,@MrBeast,UCX6OQ3DkcsbYNE6H8uQQuVA,"Feel free to make Tik Toks, Shorts, or Insta Reels of any cool moments of this video!",206000,25,False,True,1721433600
PWirijQkH4M,Ugy6_PzV8d-eQ1eMUUp4AaABAg.A4iZhaHZ4sNA4ijzzjJAcQ,Ugy6_PzV8d-eQ1eMUUp4AaABAg,@senhorpedrudo5913,UC_xTF-Q7Mu1B07CBNWzTs5A,Help rio grande do sul 😢😢😢,18,0,False,False,1721433600
PWirijQkH4M,Ugy6_PzV8d-eQ1eMUUp4AaABAg.A4iZhaHZ4sNA4ijTP8vUsP,Ugy6_PzV8d-eQ1eMUUp4AaABAg,@TheRetroReboot,UC__i55eJR7s-q74aERkrJyg,bet,12,0,False,False,1721433600
PWirijQkH4M,Ugy6_PzV8d-eQ1eMUUp4AaABAg.A4iZhaHZ4sNA4ijqwWDTdR,Ugy6_PzV8d-eQ1eMUUp4AaABAg,@TrendSceneYT,UCh8gcm7y-ba5TjJf_TetUMg,Ok,8,0,False,False,1721433600
PWirijQkH4M,Ugy6_PzV8d-eQ1eMUUp4AaABAg.A4iZhaHZ4sNA4ikQBH4_qS,Ugy6_PzV8d-eQ1eMUUp4AaABAg,@Fionna-d7p,UC5KcLiJ6lIV3cMxMkfH5apA,K,7,0,False,False,1721433600
PWirijQkH4M,Ugy6_PzV8d-eQ1eMUUp4AaABAg.A4iZhaHZ4sNA4ijv79KEmB,Ugy6_PzV8d-eQ1eMUUp4AaABAg,@senhorpedrudo5913,UC_xTF-Q7Mu1B07CBNWzTs5A,Help rio grande do sul 😢😢😢,6,0,False,False,1721433600
PWirijQkH4M,Ugy6_PzV8d-eQ1eMUUp4AaABAg.A4iZhaHZ4sNA4ikGg6iQyn,Ugy6_PzV8d-eQ1eMUUp4AaABAg,@waifusimp69420,UCE4lnCvtzgKZ_F1bkxakIww,yes MrBeast,6,0,False,False,1721433600
PWirijQkH4M,Ugy6_PzV8d-eQ1eMUUp4AaABAg.A4iZhaHZ4sNA4ilcYc8JMX,Ugy6_PzV8d-eQ1eMUUp4AaABAg,@Nibikkk,UCyQFHGA4OzgB_Nmb4oUoPWA,Hello,6,0,False,False,1721433600
PWirijQkH4M,Ugy6_PzV8d-eQ1eMUUp4AaABAg.A4iZhaHZ4sNA5-Q2y92DLR,Ugy6_PzV8d-eQ1eMUUp4AaABAg,@tanvirgaming6748,UCTMiOkljUm-_leaUlkAQAkQ,"I am from Bangladesh, I want to play your game, Will you ever give me this chance?",6,0,False,False,1721433600
PWirijQkH4M,Ugy6_PzV8d-eQ1eMUUp4AaABAg.A4iZhaHZ4sNA4iljnMRMup,Ugy6_PzV8d-eQ1eMUUp4AaABAg,@Amoux11,UCsx_t4njfetu27Wqn04JCLw,Invite me to do this now.,5,0,False,False,1721433600
PWirijQkH4M,Ugy6_PzV8d-eQ1eMUUp4AaABAg.A4iZhaHZ4sNA4i_u_2GeZG,Ugy6_PzV8d-eQ1eMUUp4AaABAg,@NNONNNONNO,UCqewXCollL7XWaZa4_-d-xw,.,4,0,False,False,1721433600
PWirijQkH4M,Ugy6_PzV8d-eQ1eMUUp4AaABAg.A4iZhaHZ4sNA4il7hu9fmQ,Ugy6_PzV8d-eQ1eMUUp4AaABAg,@spiiderboy7,UCHEqFjfxcuYR4q3Bd524P8g,OKE,4,0,False,False,1721433600
PWirijQkH4M,Ugy6_PzV8d-eQ1eMUUp4AaABAg.A4iZhaHZ4sNA4ihSPNW1qt,Ugy6_PzV8d-eQ1eMUUp4AaABAg,@Jacobsmech,UC3NF-_PVwLN3krKtDwWmUdg,Ko,27,0,False,False,1721433600
PWirijQkH4M,Ugy6_PzV8d-eQ1eMUUp4AaABAg.A4iZhaHZ4sNA4iw1kvGkb3,Ugy6_PzV8d-eQ1eMUUp4AaABAg,@EXDIPO,UCZkfTskB7nh8Fivktdqj76g,Ok 👍👍👍👍,27,0,False,False,1721433600
PWirijQkH4M,Ugy6_PzV8d-eQ1eMUUp4AaABAg.A4iZhaHZ4sNA4isnpU5udZ,Ugy6_PzV8d-eQ1eMUUp4AaABAg,@dianhildabrandkenton9741,UClIvV-l5dfm-g7MFiBP0eBQ,Ok,3,0,False,False,1721433600
PWirijQkH4M,Ugy6_PzV8d-eQ1eMUUp4AaABAg.A4iZhaHZ4sNA4itAABEmKM,Ugy6_PzV8d-eQ1eMUUp4AaABAg,@MxssiXD1,UCKoA-TW-kaLXXt2U51cr3-w,LETGO,3,0,False,False,1721433600
PWirijQkH4M,Ugy6_PzV8d-eQ1eMUUp4AaABAg.A4iZhaHZ4sNA4kACobwvcT,Ugy6_PzV8d-eQ1eMUUp4AaABAg,@СергейЛавр-ж1й,UCx08LM_M9OUnUL_yT0V8SBg,😢😢😢😢😢😢😢😢😢❤❤❤,3,0,False,False,1721433600
PWirijQkH4M,Ugy6_PzV8d-eQ1eMUUp4AaABAg.A4iZhaHZ4sNA5-Pb02eXNP,Ugy6_PzV8d-eQ1eMUUp4AaABAg,@DudePressure,UC7u2-alk8Rc2GGe22Z8EiIA,I wil be the longest winning participant,3,0,False,False,1721433600
PWirijQkH4M,Ugy6_PzV8d-eQ1eMUUp4AaABAg.A4iZhaHZ4sNA4ii_uwPXvj,Ugy6_PzV8d-eQ1eMUUp4AaABAg,@giuliannajesus1672,UCP9u9ct9NJzmyOzoo3GTujA,:face-red-droopy-eyes::face-red-droopy-eyes::face-red-droopy-eyes::face-red-droopy-eyes::face-red-droopy-eyes::face-red-droopy-eyes:,24,0,False,False,1721433600
PWirijQkH4M,Ugy6_PzV8d-eQ1eMUUp4AaABAg.A4iZhaHZ4sNA4icG96yuQ6,Ugy6_PzV8d-eQ1eMUUp4AaABAg,@thenastynate01,UCeWPSx2C26z84mS9E-2H4Hg,ok,2,0,False,False,1721433600
PWirijQkH4M,Ugy6_PzV8d-eQ1eMUUp4AaABAg.A4iZhaHZ4sNA4j0UoD5Mfc,Ugy6_PzV8d-eQ1eMUUp4AaABAg,@sumag8692,UCXtNJk_1wmVAxLI2uvp72Sg,ok❤❤❤❤,2,0,False,False,1721433600
PWirijQkH4M,Ugy6_PzV8d-eQ1eMUUp4AaABAg.A4iZhaHZ4sNA5DvSbGmbwP,Ugy6_PzV8d-eQ1eMUUp4AaABAg,@Mymom-g9k,UCXcu5P5VGeR1RT61m2SRTSg,Mee,2,0,False,False,1721433600
PWirijQkH4M,Ugy6_PzV8d-eQ1eMUUp4AaABAg.A4iZhaHZ4sNA5mWNiQo9Sn,Ugy6_PzV8d-eQ1eMUUp4AaABAg,@Akbarmiya123-jojo,UCDt2G43sdPtoxDDJIPrDglg,Mr beast can you please come in Nepa🇳🇵🇳🇵🇳🇵🇳🇵,2,0,False,False,1721433600
PWirijQkH4M,Ugy6_PzV8d-eQ1eMUUp4AaABAg.A4iZhaHZ4sNA4iZqP7dnHo,Ugy6_PzV8d-eQ1eMUUp4AaABAg,@929W,UCsTm_5EluVwrR-MovKcpwhQ,​ @gummybear1884 shut up you arent,1,0,False,False,1721433600
PWirijQkH4M,Ugy6_PzV8d-eQ1eMUUp4AaABAg.A4iZhaHZ4sNA4ie3-uefdc,Ugy6_PzV8d-eQ1eMUUp4AaABAg,@LxJB-ew7eh,UCPmOFWsltcdkw-t1tfLsRMw,Snd,1,0,False,False,1721433600
PWirijQkH4M,Ugy6_PzV8d-eQ1eMUUp4AaABAg.A4iZhaHZ4sNA4ieyJlipen,Ugy6_PzV8d-eQ1eMUUp4AaABAg,@TYLER69420-golfwang,UCkxo-B3S47REzIC-aiyIlRg,NICK K,1,0,False,False,1721433600
PWirijQkH4M,UgzVQOynHWhyLkQHhjt4AaABAg,root,@denisteyssier6650,UC8AphXJTPr2OzFJrCi2BDlQ,"wow❤,
 finally❤,
bravo ❤❤,
🎉🎉🎉🎉❤",97,0,False,False,1752969600
PWirijQkH4M,UgxY2hOC79fPDEZc_wp4AaABAg,root,@X2_vg5,UCE5t3ADJbyGwSoibtjxIguQ,Mack should be a part of your team,74,0,False,False,1752969600
PWirijQkH4M,UgwVgzoGflNMstbpiit4AaABAg,root,@jabbar.Ansari.9897-q2d,UCVT7i6cmzky8R5_002p2PtA,Mene mr beast chanal subscribe kar diya he,27,0,False,False,1752969600
PWirijQkH4M,UgxMUeICf1NLpNAYZxJ4AaABAg,root,@newmi8357,UCkmxFtvUHhQ1Ax8VWtmVAqw,I playing one challenge plz 😢😢😢😢😢😢😢,12,0,False,False,1752969600
PWirijQkH4M,Ugyy8VHLct7MP9PIjqN4AaABAg,root,@pyengupgrade,UCTqnw4GSxuQyBvTnQrWlCIg,미스터 비스트 👍❤️👍❤️👍,15,0,False,False,1752969600
PWirijQkH4M,UgyOVvdzcMfuHXPGn4J4AaABAg,root,@sarahaudrey8663,UCoZDVr_q85i6HbPsYJiZCfw,Bro I almost cried during  this cause of the flash backs and Marks family 😢,39,0,False,False,1752969600
PWirijQkH4M,UgxB2ioVZc-cVsMYAsd4AaABAg,root,@Yahya_gbt,UCM7DN-V_XULl7j7VRySlEUg,26:26 mode 🎉epik🎉,7,0,False,False,1752969600
PWirijQkH4M,Ugz1Qs6IYcFhiT1NLo14AaABAg,root,@AnwarSaid-wx5tk,UCLDmSK4J2cRflJwAdLxDMBA,YO HE LOVES DOING CRAZY STUFF. MR BEAST I AM SUBSCRIBED I LOVE YOU GUYS SOOOOOOOOOOOOOOOOOOOOOOOOOOOOOOO MUCH(my whole family likes you,8,0,False,False,1752969600
PWirijQkH4M,UgzgIwRhOIjYp-VdF-N4AaABAg,root,@ButshaBesman,UCvecJOMUj0a2ZDCbaBJpgEA,27:30 legendary Mack is a legend,24,0,False,False,1752969600
PWirijQkH4M,UgxnLOtGIgHpNbSjIld4AaABAg,root,@teejaytorres5816,UCoI2fAEMVN-cX7CsqqAHD_Q,This got me so emotional!!! He truly deserved it. WOW. So happy for him. I almost thought Mr Beast would give him all the money that hes lost in the past.,6,0,False,False,1752969600
PWirijQkH4M,Ugxne4oERg6WS7nOp5V4AaABAg,root,@ErickMartinez-d2h,UCyvfmqIhFzTvP5CAs4HfSRQ,🎉wow el final estuvo genial,1,0,False,False,1752969600
PWirijQkH4M,Ugwk5BeX-3RZdiefjpJ4AaABAg,root,@crackheadfred6563,UCvp5upNMQs825BhKrIth87w,Always been my dream to be on one of your shows to try and win some money and have fun at the same time I enjoy your videos🎉,3,0,False,False,1752969600
PWirijQkH4M,Ugwp2CPPomY08tbuR7B4AaABAg,root,@Elliot-2007,UC39WZTSS1gayDvk-z43DDoA,4:12 YAY THIS IS COOL!!!!! 😎,8,0,False,False,1752969600
PWirijQkH4M,UgwPxFhLYh7O2s0xXxF4AaABAg,root,@izz4tt,UCbuK2mng_qAO0MVj20IbUwA,i like you video,3,0,False,False,1752969600
PWirijQkH4M,UgxLhXfvaZ-TwyjHzEB4AaABAg,root,@2961_Mukbang,UCojI0L5athdme_Y8U0JhLOg,good vid @MrBeast,1,0,False,False,1752969600
PWirijQkH4M,UgzvE5-mX1Tl9bws_gF4AaABAg,root,@Godzilla-p9g,UCfFtAgeYKKR_-7SZbp8ZmaA,"You are söve good.
Reels,l love  you.
😊😊😊😊😊
❤❤❤❤❤❤
😊😊😊😊😊
❤❤❤❤❤❤
🎉🎉🎉🎉🎉
🎉🎉🎉🎉🎉
😊❤🎉😊❤🎉
❤😊🎉❤❤
🎉🎉😊😊",2,0,False,False,1752969600
PWirijQkH4M,Ugz9fvaw3P8KLIxE5B94AaABAg,root,@HaurgeulisHaurgeulis,UCVPmVGnZSEf2pze8HURJmew,Ini lah kekuatan doa dari orang tua 🎉,2,0,False,False,1752969600
PWirijQkH4M,Ugw-BLFDtpbR4UMv6CR4AaABAg,root,@TttOoo-h7d,UCnQU8RhAuUJK_RvhKMFmE3w,Congratulations mac u tried until your last breath and were a hero and very strong I salute you for your insistence on winning u Deserves it 💪🏼💪🏼🥳🥳🥳🥳🥳🥳 and thank you very much Mr beast 👑❤️❤️❤️ for the chances you were giving him you’re truly a blessed angel and you have a kind heart that loves to help everyone May God bless you.,3,0,False,False,1752969600
PWirijQkH4M,UgzW0gWedhxFuL2J5PR4AaABAg,root,@みくちゃん大好き,UCyG4H3dBAv-wCCyfb7qCV3A,wao😮,1,0,False,False,1752969600
PWirijQkH4M,Ugw8BaHqN3uTI_uJOgx4AaABAg,root,@GabrielMendesdaSilva-s4c,UC__CnfWca6K3HrcA3EerCgA,Melhor vídeo que eu já vi😮,2,0,False,False,1752969600
PWirijQkH4M,UgwGadEZE3tQRtWGxaN4AaABAg,root,@Skylahfrrr,UCOCT0Aa2vggk28W9WVx-EjQ,Bro i was scared bc i wanted him to win so badly im so happy for Mack CONGRATS TO MACK!,12,0,False,False,1752969600
PWirijQkH4M,UgyAMqE_uDPQvIu5jQp4AaABAg,root,@DavidGeisler-ui4gz,UC6EYlyiPzWkYvopflTxMDrQ,I wanna be in a video,1,0,False,False,1752969600
PWirijQkH4M,UgyJl8SbCt7-sXD02wR4AaABAg,root,@MXTROLLFASE,UCgK6u845JVMo9knoHG55Wfw,Al fin lo logro🥹❤❤❤❤️♾️,2,0,False,False,1752969600
PWirijQkH4M,UgxC131rTMOfNedh5Ix4AaABAg,root,@AnishKumar-z3m,UCcJvsvKMCjm7E9VqnfxrX6A,Mrbeast muje vi yak moka dijiy mea apka bhot bara fean  hu  aapko dekhane ka dil karta hea,2,0,False,False,1752969600
PWirijQkH4M,UgzOPXXOnhaEmPxAp6h4AaABAg,root,@AlamAlamgir-d2z,UC7bhCu43AG4n7Bdz2k4cPRg,😂😊,1,0,False,False,1752969600
PWirijQkH4M,UgykJg-szXMgvZEzjDh4AaABAg,root,@badshadow8284,UCMfCFLe1GO_-WuQNybz11Sg,"Big fan brother from Bangladesh

please sir come bangladesh just one time.

here have your loots of fans they want to meet you & want to see you just one time.

i am also want that you give me a task. 

please sir",2,0,False,False,1752969600
PWirijQkH4M,UgxOdrv1ZerUiCCKeSp4AaABAg,root,@Gosia-f5t,UCun2abGxt6TciQtQFNEsvwg,"szanuje ze dzielisz sie pieniedzmi z innymi ludzmi
❤❤❤💜😄",9,0,False,False,1752969600
PWirijQkH4M,Ugwf3PgcIWk-XkRoEfV4AaABAg,root,@Alexandreridho-w5l,UC-IRTCToEzR0JDzrA6Y2r3A,I cried when I saw it 😢,2,0,False,False,1752969600
PWirijQkH4M,Ugy8f1-h24oI86Nq-0h4AaABAg,root,@arkasssss1,UC8t3HijQurp93d-_whFozfg,hes the best human in the world give him another chanse,7,0,False,False,1752969600
PWirijQkH4M,Ugzjza87dAcyREty9jZ4AaABAg,root,@JrHridoyVaiOfficial,UCYiEwWLSz7q0LUzwWKe1wqg,Excellent 👌 Nice 🙂 Video 👏,1,0,False,False,1752969600
PWirijQkH4M,Ugzs5uHzvsUQz-TKXFB4AaABAg,root,@Rosarianny,UCN64d05Nrcr3lLB0gH2fNIA,Eso si fue lindo,1,0,False,False,1752969600
PWirijQkH4M,UgxtYmB9xrhz72cF2gh4AaABAg,root,@QuedalM,UCz97VjNH037KI1gAHnBpZMg,It's crazy 😮,2,0,False,False,1752969600
PWirijQkH4M,UgxzHw8qVTpWw6XvzHR4AaABAg,root,@mm2Surka,UCx5P_84mgLkFo2mh2eV_Z7A,That was the most Entertaining video I’ve ever watched,16,0,False,False,1752969600
PWirijQkH4M,Ugz6bNYaupKT3LXBzwx4AaABAg,root,@dantequirco6479,UCrhuO7dbYCRoUF2iGM0iQxg,vamos mack felicidades🥳,2,0,False,False,1752969600
PWirijQkH4M,UgxfhQPhkjM5V6FZO4F4AaABAg,root,@adriankisiela2270,UC3U4SO2P2nk3J0Uph_mka4Q,Rewelacyjny i trzymający w napięciu film🤩,1,0,False,False,1752969600
PWirijQkH4M,Ugw3kWuSUIxWVTdyzk14AaABAg,root,@layna_stay,UCyg3UBz1v8bIbI8bBDG3TtA,chills bro👏👏👏,1,0,False,False,1752969600
PWirijQkH4M,UgwNx15ruiTFYFwbuJF4AaABAg,root,@sreemanoshray3025,UCm68BpRhDr2G1zLa3ifS1oA,My heart beat faster all time video 😮😮😮,7,0,False,False,1752969600
PWirijQkH4M,Ugx7puZZ0ETvAr_FI0x4AaABAg,root,@Bogdan-f4s,UCGdX2ny15VGwYz2nVA9sIFQ,Good job,1,0,False,False,1752969600
PWirijQkH4M,UgxoGgk612Om__LKTIh4AaABAg,root,@mrfk-xz2yn,UC_8L5XvWX4KUgQVK16WwbEw,Kawl is boy friend  I love you Jimmy kawl India please come one time try India Jimmy Indian pet video please please please please please please please please please please please please please please please please please please please please please please please please please please please please please please please please please please please please please please please please please 🥺🥺🥺🥺🥺🥺🥺🥺🥺🥺🥺,1,0,False,False,1752969600
PWirijQkH4M,Ugwrb44Fl1tl_E8Bw2Z4AaABAg,root,@JannatulTayeba-c4i,UCgCjdpU2XQBuX57ksa5cJug,good🎉,0,0,False,False,1752969600
PWirijQkH4M,Ugz8UyjFhXHHnQd_ybl4AaABAg,root,@amiloyundaa,UCjMK7IrzrdJXsFdQqmOaEDA,10:34 😂😂😂😂 jimmy,5,0,False,False,1752969600
PWirijQkH4M,Ugy01LVIPK5yrilfXpB4AaABAg,root,@danieltrujillo4445,UCSe5UcpgQzBO5yKQWb3kVXw,Also cry with this video 😢😢,0,0,False,False,1752969600
PWirijQkH4M,Ugz6XFZUNz47lpUJI8l4AaABAg,root,@1millionviews437,UCkcpDL3-biioq-xyT7bhQpQ,Yeahhhhhh Mr.Beast I'm your no.1 fan here in Philippines 🇵🇭🇵🇭🇵🇭,0,0,False,False,1752969600
PWirijQkH4M,UgwMkm1Scqr1ZebyBKV4AaABAg,root,@GladysHuamanchumorojas,UCDIlw-hhI1fnzXHYlZ6wLSQ,Te gusta rose ?😊,0,0,False,False,1752969600
PWirijQkH4M,UgxF7_99AAmHQIBMUbN4AaABAg,root,@MercilonFequiere,UC2SYbb6vBNypUhPVxuCWE4A,he won I'm really happy for luo,0,0,False,False,1752969600
PWirijQkH4M,Ugz3q9YhgPmqpDUFZHJ4AaABAg,root,@TurkeyPinkyPants-OfficialChann,UC1wS7BqXOlHHCew0VHZISwQ,MrBeast and @TurkeyPinkyPants would make great buddies:),0,0,False,False,1752969600
PWirijQkH4M,Ugxt0njckn1aI_7OySZ4AaABAg,root,@joeyiscool8,UCmb_uq_a0j2DOeVqQ1AdiBg,this is possibly the best video ever made,0,0,False,False,1752969600
PWirijQkH4M,UgwDhF6P7Yre_rr3XQd4AaABAg,root,@EMMANUELSAMPENE-r3f,UCO2LHAAfj0vJehrx5qXoimw,MrBeast and @TurkeyPinkyPants could be great buddies:),0,0,False,False,1752969600
PWirijQkH4M,UgzuKVXJhxXHR4jOxj54AaABAg,root,@Progamer-o2u,UCGl49mbolLK0OUtLsi4NJRg,thats so kind Mr.beast,0,0,False,False,1752969600
PWirijQkH4M,UgxCX9YYgeTfUiNpJC54AaABAg,root,@Shivbhardwaj18,UCoQ6esiyUeQ4zCnGxe7MzXg,Thanks for 249 subscribers ❤❤🎉🎉,0,0,False,False,1752969600
PWirijQkH4M,Ugy-I9tVXsTckQmRmUJ4AaABAg,root,@Jack-bruh11,UCwc9bsN1tHDmvsaIBVFMLhA,Mac is the G O A T,0,0,False,False,1752969600
PWirijQkH4M,UgyUlNHmGdD3Id7snsJ4AaABAg,root,@PatrickKing-n5x,UCdlpLfjEzq-J2IGTdXKzbKA,This is why I subscribe to your channel.,0,0,False,False,1752969600
PWirijQkH4M,UgzjgOlgT-gMcl9XftR4AaABAg,root,@TanjinaAkhter-uf4qf,UCcD2WpyEVQSo8G8XLJw85bw,Congratulation maik 🎉🦸,0,0,False,False,1752969600
PWirijQkH4M,UgzDJlqm8bSjzI8rA_J4AaABAg,root,@SvitlanaMoskalenko-v8q,UCckzAq0i3-Vt-bIhcPi11hQ,🎉🎉🎉🎉🎉🎉🎉🎉🎉🎉❤,0,0,False,False,1752969600
PWirijQkH4M,Ugw5MC1fPb5PBLqDXmZ4AaABAg,root,@AdulAdi-i9f,UCTJIt-i4diMfEJxEj_hqzaw,I like you channel,0,0,False,False,1752969600
PWirijQkH4M,UgxpeEjrhgu1OVPkjBJ4AaABAg,root,@van-xu9iu,UCIkZJSyb7qkn61y-74nU-Pg,He is awesome!! Wish everyone had this determination!,0,0,False,False,1752969600
PWirijQkH4M,UgzZdd6xsMxY5sZqUrh4AaABAg,root,@crisianoR,UCIOS3xuwXfLEuJF71DqM2Fg,❤🎉🎉,0,0,False,False,1752969600
PWirijQkH4M,Ugy0cgC-BWmBugRG0QZ4AaABAg,root,@MaríadeJesusTiradoRincón,UCWis6VijWiaE7zmbJk0hFaA,Mrbeasts soy tu fan y compré tu chocolate por Amazon 🥹 estoy en Venezuela y están en ecuador 🇪🇨,0,0,False,False,1752969600
PWirijQkH4M,UgwPBpTJLl7kHfBFa_V4AaABAg,root,@jsnyder421js,UCwhQH3h-EBVRe_I6exEAi-g,i love mrBeast,0,0,False,False,1752969600
PWirijQkH4M,Ugwgsv0L8Nuq8zm9XF14AaABAg,root,@GleidisGuillen,UCWso2-rmTcm1aHoTeDXM8wA,💪💪💪👍👍👍,0,0,False,False,1752969600
PWirijQkH4M,UgxM8FVMWTaz7Vtg_gR4AaABAg,root,@محمدمحمد-ي1س7ع,UC6--BH2j18D9V0w7VSgadcA,😊😅😮😢🎉🎉🎉🎉😂😂❤❤❤,0,0,False,False,1752969600
PWirijQkH4M,UgxHIwW2pV67xBQRtDp4AaABAg,root,@MaïmounaDiatta-n5w,UChhVNSkl6m5I9GceAT_uwMA,Cette partie est très riche en émotions aller mack onest tous derrière toi,0,0,False,False,1752969600
PWirijQkH4M,Ugykq52jsPiksOC7A-x4AaABAg,root,@rafailgaleev1194,UCUOAN7Qf9ftggN4EgoryhDg,Get mack in another video please,0,0,False,False,1752969600
PWirijQkH4M,UgzeEShOjU2AnGTzylV4AaABAg,root,@dasithtang563,UCXYpc1O-XzeBl0Bx-y5s_zg,At the last part I feel like Mack is going to lose 🫡,0,0,False,False,1752969600
PWirijQkH4M,UgzzsL_loTCSkLdES314AaABAg,root,@adstar2347,UCZXDOm__wIzKPCdKPMRet_g,amo el triunfo de matt se lo merece paso por mucho,0,0,False,False,1752969600
PWirijQkH4M,UgzNwnXH2r5XvZXQnWZ4AaABAg,root,@プロデトロイト,UC5Fun8Um5WBxDtAy8M8G7jg,"If an accident happens, the channel can't continue... It's amazing courage",6,0,False,False,1752969600
PWirijQkH4M,Ugx4P2nCA9OXUN72EH94AaABAg,root,@ทัดสางไชยะจักร,UCbJvrvXRTg3yabtupHO25pA,สุดยอดจิงๆ❤❤❤❤,0,0,False,False,1752969600
PWirijQkH4M,UgwE_WHeAboa6BiidfJ4AaABAg,root,@roockegreenez,UCTKjQ_IhiiyDbirOr5gEkfw,Como faz para participar desses desafios???,3,0,False,False,1752969600
PWirijQkH4M,UgxFTijJWxHEiDC3OVZ4AaABAg,root,@stevenkossougro4201,UC72yu1xn1Vutk9hu7-WY1bg,je vous apprecie et je souhaite participer,1,0,False,False,1752969600
PWirijQkH4M,Ugxpr8yuom50c4Q0lg94AaABAg,root,@Taspiya-o4h,UCv9FoLS9HdA9_q-b5gllMQw,Mack খুব ভালো খেলে,0,0,False,False,1752969600
PWirijQkH4M,Ugx0hqTbrIP8t8gYo2N4AaABAg,root,@MirianBelisario-u8k,UC7VzG_oBk8ljDnjw7m0y_cA,Alguém aqui ê brasileiro 😅,0,0,False,False,1752969600
PWirijQkH4M,UgyUbUk4Yxg4tWfzKIl4AaABAg,root,@DEMACIANO_SUBLIME,UCan6451hNeN85QbqDkgliDA,"Me pone melancólico pensar, cuánto son 100k dólares, con eso le resuelves la vida a cualquiera, o al menos la mía.",0,0,False,False,1752969600
PWirijQkH4M,UgzQkjMhu2fpFBZUM9F4AaABAg,root,@aidanfett282,UC6sCr2X4NuX3jmIU7SZ2ePg,make mack a member mr beast. please. we need it for him he is the ultimate contestant and needs to stay or come back every video,632,0,False,False,1752969600
PWirijQkH4M,Ugz8hZ-nrQ_9p2XDh4R4AaABAg,root,@dustin-sn1he,UCC6e_aUvLfeyQkhaJRbPu5g,"Oh my gosh, after all of those tries you did it great job you are awesome",0,0,False,False,1752969600
erLbbextvlY,UgyQPBqFTgsz0pkRZlx4AaABAg,root,@MrBeast,UCX6OQ3DkcsbYNE6H8uQQuVA,"I tried to really slow this video down, let me know if you liked it :)",267000,25,False,True,1721433600
erLbbextvlY,UgyQPBqFTgsz0pkRZlx4AaABAg.A1bm36qfEJgA1bmjPj0tL6,UgyQPBqFTgsz0pkRZlx4AaABAg,@Joud-wg5ft,UCsMELxlGwxMq9C1Ike94jmw,Of course,38,0,False,False,1721433600
erLbbextvlY,UgyQPBqFTgsz0pkRZlx4AaABAg.A1bm36qfEJgA1bmkCSOiXk,UgyQPBqFTgsz0pkRZlx4AaABAg,@awadheshmaurya5236,UCQj67vrMdXgJvw7LLeWRLfw,Mujhe bhi bulate bhaiya,12,0,False,False,1721433600
erLbbextvlY,UgyQPBqFTgsz0pkRZlx4AaABAg.A1bm36qfEJgA1bm5XZPag1,UgyQPBqFTgsz0pkRZlx4AaABAg,@luan2423,UCsCwIlDqCjLgBZ14ASm8K_Q,Its good,2900,0,False,False,1721433600
erLbbextvlY,UgyQPBqFTgsz0pkRZlx4AaABAg.A1bm36qfEJgA1bmmDNwn-K,UgyQPBqFTgsz0pkRZlx4AaABAg,@ЗинераФаттахова-д7ш,UCFvLIrz3lYboCtsywkTP1tA,❤,7,0,False,False,1721433600
erLbbextvlY,UgyQPBqFTgsz0pkRZlx4AaABAg.A1bm36qfEJgA1bmQi__Ook,UgyQPBqFTgsz0pkRZlx4AaABAg,@RaiderXS,UC5IcbtXD9pHUhuPEN_4b4Rw,Hey mrbeast,67,0,False,False,1721433600
erLbbextvlY,UgyQPBqFTgsz0pkRZlx4AaABAg.A1bm36qfEJgA1bmTksM1P0,UgyQPBqFTgsz0pkRZlx4AaABAg,@Kirona_00,UCGQgC7FEbLX3j4jCkkrsCNw,3 minuters ago:0??!,64,0,False,False,1721433600
erLbbextvlY,UgyQPBqFTgsz0pkRZlx4AaABAg.A1bm36qfEJgA1bmmXLEWt3,UgyQPBqFTgsz0pkRZlx4AaABAg,@natandelafuenteplanas5312,UCfPhmxTsnFaFozf4-6xDPlg,hola MrBeast,5,0,False,False,1721433600
erLbbextvlY,UgyQPBqFTgsz0pkRZlx4AaABAg.A1bm36qfEJgA1bmmr7-ENM,UgyQPBqFTgsz0pkRZlx4AaABAg,@bnanik,UCz_jtpPIZ727BY38t8uabEQ,please give food,5,0,False,False,1721433600
erLbbextvlY,UgyQPBqFTgsz0pkRZlx4AaABAg.A1bm36qfEJgA1bmIDVdYse,UgyQPBqFTgsz0pkRZlx4AaABAg,@javierDC6118,UC5elp1oPJLFHJxxn_XAU8uw,xd no entendi,32,0,False,False,1721433600
erLbbextvlY,UgyQPBqFTgsz0pkRZlx4AaABAg.A1bm36qfEJgA1bmf0tL0n-,UgyQPBqFTgsz0pkRZlx4AaABAg,@qn8i11,UCws3ftA2xXpVyYphVMWMJcg,"من
لصبحها
لقصشحهتقملخستثقل",4,0,False,False,1721433600
erLbbextvlY,UgyQPBqFTgsz0pkRZlx4AaABAg.A1bm36qfEJgA1bmiwJpnhp,UgyQPBqFTgsz0pkRZlx4AaABAg,@ARINAGO-b8z,UCPFyzAER7oHZ0tcCbuc2-6w,Я знаю ты не знаешь  русский но это лучшее видео которое я видела❤,123,0,False,False,1721433600
erLbbextvlY,UgyQPBqFTgsz0pkRZlx4AaABAg.A1bm36qfEJgA1bmqMaOljm,UgyQPBqFTgsz0pkRZlx4AaABAg,@Diegogamerxd6798,UCz14sCxAaOR6yyp_qaGLGJA,Hello mrbeast,51,0,False,False,1721433600
erLbbextvlY,UgyQPBqFTgsz0pkRZlx4AaABAg.A1bm36qfEJgA1bm8E31BjA,UgyQPBqFTgsz0pkRZlx4AaABAg,@CAS1MAR,UCWuaVR82pV_XpKqK-CIfOdg,Great vid Jimbo,119,0,False,False,1721433600
erLbbextvlY,UgyQPBqFTgsz0pkRZlx4AaABAg.A1bm36qfEJgA1bmmyNBRHB,UgyQPBqFTgsz0pkRZlx4AaABAg,@chipmunkv8388,UCqBfkxEIIowbrcB8MxPiHkw,A,3,0,False,False,1721433600
erLbbextvlY,UgyQPBqFTgsz0pkRZlx4AaABAg.A1bm36qfEJgA1bmmyqgt2C,UgyQPBqFTgsz0pkRZlx4AaABAg,@PieOnYT,UCfsX4sJjopSZFeWpJC9hX8g,Hello,3,0,False,False,1721433600
erLbbextvlY,UgyQPBqFTgsz0pkRZlx4AaABAg.A1bm36qfEJgA1bmoF5lPRo,UgyQPBqFTgsz0pkRZlx4AaABAg,@ZunielValdez98-nt7xb,UCT6LgHqaJl--bQlr70fqpGg,Hello,3,0,False,False,1721433600
erLbbextvlY,UgyQPBqFTgsz0pkRZlx4AaABAg.A1bm36qfEJgA1bmoTE6Q3-,UgyQPBqFTgsz0pkRZlx4AaABAg,@YousefAli-dl2fs,UCIwXGTqeGxyaS6ddGFKjK6A,Hello,3,0,False,False,1721433600
erLbbextvlY,UgyQPBqFTgsz0pkRZlx4AaABAg.A1bm36qfEJgA1bmoileqgP,UgyQPBqFTgsz0pkRZlx4AaABAg,@_skye_3754,UCJ8GoRw-LhEACxhclNDQJ5w,yes,3,0,False,False,1721433600
erLbbextvlY,UgyQPBqFTgsz0pkRZlx4AaABAg.A1bm36qfEJgA1bmoo06EAR,UgyQPBqFTgsz0pkRZlx4AaABAg,@chipmunkv8388,UCqBfkxEIIowbrcB8MxPiHkw,"Im here , from indonesia❤",3,0,False,False,1721433600
erLbbextvlY,UgyQPBqFTgsz0pkRZlx4AaABAg.A1bm36qfEJgA1bmoocu38u,UgyQPBqFTgsz0pkRZlx4AaABAg,@Murgir_Ma_2.0_Gaming,UCLuobrKO12xD33XnkU9kBrQ,Wow,3,0,False,False,1721433600
erLbbextvlY,UgyQPBqFTgsz0pkRZlx4AaABAg.A1bm36qfEJgA1bmpBK2NVA,UgyQPBqFTgsz0pkRZlx4AaABAg,@bnanik,UCz_jtpPIZ727BY38t8uabEQ,please,3,0,False,False,1721433600
erLbbextvlY,UgyQPBqFTgsz0pkRZlx4AaABAg.A1bm36qfEJgA1bmpHlRqAy,UgyQPBqFTgsz0pkRZlx4AaABAg,@NittoMojumder,UCjpUAHJg6yDR_RsifoWZ4sg,"Yes, it is good",3,0,False,False,1721433600
erLbbextvlY,UgyQPBqFTgsz0pkRZlx4AaABAg.A1bm36qfEJgA1bmpL5kMZP,UgyQPBqFTgsz0pkRZlx4AaABAg,@ItsAaronPlayz,UCGalkkA2boGWh5oUkJG9sog,7 Days Are A W!,3,0,False,False,1721433600
erLbbextvlY,UgyQPBqFTgsz0pkRZlx4AaABAg.A1bm36qfEJgA1bmprjZ8FL,UgyQPBqFTgsz0pkRZlx4AaABAg,@InXgood,UCCi2zNKzbuwiwrSqLt3WgRg,Wow is morning my is night,3,0,False,False,1721433600
erLbbextvlY,UgyQPBqFTgsz0pkRZlx4AaABAg.A1bm36qfEJgA1bmqBdSKkU,UgyQPBqFTgsz0pkRZlx4AaABAg,@AzamatNematov-e6p,UCwMTfiPKo0LSMdQUkz1p_JA,🏍🏍🏍🏍🏍🏍🏍🏍🏍🏍,3,0,False,False,1721433600
erLbbextvlY,UgzfUpazq8OzkQKJTo54AaABAg,root,@Siriyans-b7w,UCdGZWFmld_L-SSxIiemBkng,9:27,0,0,False,False,1784466000
erLbbextvlY,UgztwAGkYFYjiDK4jmd4AaABAg,root,@kenyahsieh6567,UCDXDjl8cWQEeKTTJzVtoVtQ,NICE!,0,0,False,False,1784462400
erLbbextvlY,UgxCzRbJbnoLfGGf6RJ4AaABAg,root,@kenyahsieh6567,UCDXDjl8cWQEeKTTJzVtoVtQ,GOOD!,0,0,False,False,1784458800
erLbbextvlY,UgzPIRWf_GlHl0jDKhd4AaABAg,root,@UmaimaQureshi-s1j,UCyIPeVC1DK_i_eNhQ5f5BQw,Please give me calange 😢😢😢😢,0,0,False,False,1784455200
erLbbextvlY,UgyhI0twuowIcl5pE714AaABAg,root,@BushcraftHakankarahan,UCCuCK2C7GZJYs7dtD4wkDLQ,"Hi Friend 👋

I challenge you my friend 🤩💪🏻 you can't stay on deserted island with me for 1 month 🏝️",0,0,False,False,1784451600
erLbbextvlY,UgziswGg5CvGYhVZ26x4AaABAg,root,@Siriyans-b7w,UCdGZWFmld_L-SSxIiemBkng,2:57,0,0,False,False,1784448000
erLbbextvlY,UgzYb2t_23WZccYHJbN4AaABAg,root,@kenyahsieh6567,UCDXDjl8cWQEeKTTJzVtoVtQ,TEST!,0,0,False,False,1784444400
erLbbextvlY,Ugw84hbhWh5W5oabwo14AaABAg,root,@YusufYusufRahma,UCt5OeY1c3LO9R-lhqEgVVdg,😅😅😅,0,0,False,False,1784440800
erLbbextvlY,UgzJacsKfYjvk4f3pc94AaABAg,root,@YusufYusufRahma,UCt5OeY1c3LO9R-lhqEgVVdg,😮😮😮😮😮,0,0,False,False,1784440800
erLbbextvlY,Ugwp_idc_OG1xf1KjfR4AaABAg,root,@BdSomrat-e7u4g,UCgO7QDzskFeBMFk7gHb6d3A,Mr Visakhapatnam,1,0,False,False,1784433600
erLbbextvlY,UgyV5I94cGt6IItiLMZ4AaABAg,root,@BdSomrat-e7u4g,UCgO7QDzskFeBMFk7gHb6d3A,Mrbeast iPhone 172000,1,0,False,False,1784433600
erLbbextvlY,UgxJyUJt3Jq4OyHbPSd4AaABAg,root,@ValmirAlberti-x2j,UCcbY-FhopX08aAkVXPUxO5w,Turn o que deu tranquilo substituir desde 1 milhão de dólares penso você não me dando eu vou te apoiar e te fazer você receber a placa de 500000 405000005000 escritos,0,0,False,False,1784430000
erLbbextvlY,UgyTxhhlax3qr93tfdl4AaABAg,root,@HanselTercero,UCBygG2T3FMb_MTxAVMNgwzg,❤,0,0,False,False,1784422800
erLbbextvlY,UgynhKVHaL7dXKslosh4AaABAg,root,@GabrielGutiérrez-j4y,UCJAYJrchmcBYgB0qea1hFQQ,"Vengo por donato, que grande y que lejos a llegado",0,0,False,False,1784412000
erLbbextvlY,UgzSECuRWa2wNFehgnF4AaABAg,root,@MdKamrul-vw7cv,UCccJn_Z_9Vqdj_clNtaLDAA,Can you give me a challenge that I can do? I'm very poor.,0,0,False,False,1784401200
erLbbextvlY,UgyDI_Yx04WRTY-cWbZ4AaABAg,root,@andrewppham,UCYtl-tZHVpOzto5ZwnWFxpQ,"Is this the place where Adam and Eve made here, Beacause there was a poisonous apple tree that made Adam and Eve die",0,0,False,False,1784397600
erLbbextvlY,Ugx11PvNeTzrtRwuR2V4AaABAg,root,@manelzin_11,UC1VGY4HYi7eksXjA-g6HE0A,Oi gente,1,0,False,False,1784390400
erLbbextvlY,UgyC3QmGKOMFbyGEBZJ4AaABAg,root,@justintucker1861,UCs9hycPeeicFTfRy5b3tDTA,Jason did it better he went on island with nothing no food no water,0,0,False,False,1784390400
erLbbextvlY,UgzhHgOMSRmMBOTtTAx4AaABAg,root,@prajithmav4242,UCXW73Ifs3zV8Kz-04HT9g-Q,Ankita Mane length video length video,0,0,False,False,1784386800
erLbbextvlY,UgzMsT1_JlIven7ZRNt4AaABAg,root,@MirazHosain-p1z,UCBO1EwRYbg_jar94NRq7XAw,❤ 1:02 o9,0,0,False,False,1784419200
erLbbextvlY,UgzmD934yHuDrn43aPl4AaABAg,root,@kenyahsieh6567,UCDXDjl8cWQEeKTTJzVtoVtQ,GOOD!,0,0,False,False,1784419200
erLbbextvlY,UgypxHI87mrmr9C_mjx4AaABAg,root,@omorfarok5911,UCV67ss-koPBHnO_1cfuQHPQ,Love you from Bangladesh 🎉🎉🎉❤❤❤,0,0,False,False,1784419200
erLbbextvlY,UgzZye_eUk3tJq8uCVN4AaABAg,root,@EagleEyes-i5m,UC6l3E2ntA0lcy6sSHWTqJ-g,2:20 bro 😂😂😂,1,0,False,False,1784419200
erLbbextvlY,Ugyh7m8o-4WTEt--jth4AaABAg,root,@kenyahsieh6567,UCDXDjl8cWQEeKTTJzVtoVtQ,NICE!,0,0,False,False,1784419200
erLbbextvlY,UgxPZQQEw6kZJPAQPqJ4AaABAg,root,@talentsiri7685,UCcmC4eMPXivhtde3YvxexKQ,తెలుగు బిడ్డరా నేను,0,0,False,False,1784419200
erLbbextvlY,Ugx9BDzlJYEsLoia_l14AaABAg,root,@kenyahsieh6567,UCDXDjl8cWQEeKTTJzVtoVtQ,TEST!,0,0,False,False,1784419200
erLbbextvlY,UgyFCx9CRgsO0uTM8m54AaABAg,root,@mihadshuvo5038,UCxZLWeA352UKlrKw9sf0I4w,❤❤❤,0,0,False,False,1784419200
erLbbextvlY,UgxiU5Y9ZalAT67ic3B4AaABAg,root,@HosnearaAkther-c3g,UCkJKDwQY3G2HAkbXx5HOiug,plese 1 iphone Bangladesh,1,0,False,False,1784419200
erLbbextvlY,UgxFqSXdqNQ9LYUDenp4AaABAg,root,@AJAlt-s6h,UCp3IRYDCshFumt0varYxJnQ,What's a smore,0,0,False,False,1784419200
erLbbextvlY,Ugy4S6CskISTdIPVuDp4AaABAg,root,@EllyonWilliams,UCfdFZFifnpVNrd_YByFuByQ,Anyone in 2026😊😊❤,1,0,False,False,1784419200
erLbbextvlY,Ugxgp9SfzflQ79BQFox4AaABAg,root,@yarhim5527,UC_Hp0kIBtefOSV-9hbZi-4g,donatooo,0,0,False,False,1784419200
erLbbextvlY,UgyUBrt4M-2zN31-myJ4AaABAg,root,@DrissElferouah,UCeBLOUjtuiKK4ydRh60Kkiw,"i tra ok brt gggo  ]
 sh did do [",0,0,False,False,1784419200
erLbbextvlY,UgytecflefxFzK-8PVl4AaABAg,root,@RiyaTalukder-v8s,UCfRLVUGD02GIyREQsPzdjrw,"Please give me a chance to participate in your video, I am very poor, it would be great for me if I got the chance.❤",0,0,False,False,1784419200
erLbbextvlY,Ugw5fpEJF96bktg940V4AaABAg,root,@BrianacristelMontésarrazola,UCfjDyOIGGYvAkfvxk1MckUg,Thanks MrBeast for giving Mack another chance,1,0,False,False,1784419200
erLbbextvlY,UgxZY5_IslBXNqja3w94AaABAg,root,@DipuStories-k6o,UCMM0MQLoKHc08_JEiOC2dmA,আমিও এই গেমগুলো খেলতে চাই বাংলাদেশ থেকে বলছি,0,0,False,False,1784419200
erLbbextvlY,UgzIKITvvPZevAbyW2d4AaABAg,root,@HevelynFontoura,UCn72n5wYLP381I0RVE3Of1Q,😂😂😂,0,0,False,False,1784419200
erLbbextvlY,UgwmykYpSJ_Um26na4d4AaABAg,root,@JakareaHacan,UCW59eUHsIeDMZvUVWIOeIOA,i so like mr  beast veDeo,0,0,False,False,1784419200
erLbbextvlY,UgzMh3wuzE5u9ideNAV4AaABAg,root,@MDshakilMia-t3q7v,UC7VSio0-6S3waWUNxbgTRJw,Ned your halpme,0,0,False,False,1784419200
erLbbextvlY,UgyZYPkZLeoyPfm-FzB4AaABAg,root,@MDshakilMia-t3q7v,UC7VSio0-6S3waWUNxbgTRJw,nice,0,0,False,False,1784419200
erLbbextvlY,Ugzl9JtEGgdD3ndf_Pd4AaABAg,root,@TG-Florian,UCUN5wSNcs_Nm-V_e1i_1BoQ,12:36 its Ronaldo!!!,0,0,False,False,1784419200
erLbbextvlY,UgxZjsg5MTaA5TpBKvp4AaABAg,root,@LezZA_playz,UCnrJmvB-uAWxQjlh-DMmomQ,Hhi,0,0,False,False,1784332800
erLbbextvlY,UgzupGwB05J2MwKaPkN4AaABAg,root,@বিনোদনহাসিররাজা100,UCzX_B3JLnxaLD5xh4wyuC-g,অসাধারণ একটি আইল্যান্ডের তোমরা চলে গিয়েছো আমার কাছে অনেক ভালো লাগছে,0,0,False,False,1784332800
erLbbextvlY,Ugw23vQwdcxFN5nMPsd4AaABAg,root,@dsridhar3270,UCmPIbFUgvRheZY5LyCEjlcQ,Hello sir,0,0,False,False,1784332800
erLbbextvlY,Ugwhii0JyuxYsSmd5Yx4AaABAg,root,@kenyahsieh6567,UCDXDjl8cWQEeKTTJzVtoVtQ,GOOD!,0,0,False,False,1784332800
erLbbextvlY,Ugy4omEz9YHUjhDPaxN4AaABAg,root,@YLEGENDFF,UCPpWegVsTyrPKGc9Js1YYcw,😮😊,0,0,False,False,1784332800
erLbbextvlY,UgyMVwKejHXsXCAW1np4AaABAg,root,@ArifAhmed-k5f,UCcCDpKSeiV3INpIt4AfZ0wQ,😂😂😂😂😂😂😂😂😂😂😂😂😂😂😂😂😂😂😂😂😂😂😂😂😂😂😂😂😂😂😂😂😂,0,0,False,False,1784332800
erLbbextvlY,UgwBbleuY8jwtrIBASJ4AaABAg,root,@ArkhaBariq-j9m,UCfU9v_QkpzxgzotHrnvIXVg,Nyamuk,0,0,False,False,1784332800
erLbbextvlY,Ugx6p7pX1b3tSUKX1wB4AaABAg,root,@Mansur-oo8uy,UCFeOSjulAzjWj2ig3HPgapA,What happened at 4:40 PM,0,0,False,False,1784332800
erLbbextvlY,UgyK68iAzI6_lL8ivl14AaABAg,root,@kenyahsieh6567,UCDXDjl8cWQEeKTTJzVtoVtQ,GOOD!,0,0,False,False,1784332800
erLbbextvlY,UgwI6b4-0H33kZSNnbJ4AaABAg,root,@kenyahsieh6567,UCDXDjl8cWQEeKTTJzVtoVtQ,NICE!,0,0,False,False,1784332800
erLbbextvlY,UgyW6W-hRoQxWWK8oZt4AaABAg,root,@Laxmanpatel__99,UCQsq28OsII5Za1D7PfBkBqA,Welcome to India,0,0,False,False,1784332800
erLbbextvlY,Ugwzy2mIcCL15IjT5AV4AaABAg,root,@kenyahsieh6567,UCDXDjl8cWQEeKTTJzVtoVtQ,NICE!,0,0,False,False,1784332800
erLbbextvlY,UgxWPFoCiCs2uXMI_6F4AaABAg,root,@kenyahsieh6567,UCDXDjl8cWQEeKTTJzVtoVtQ,TEST!,0,0,False,False,1784332800
erLbbextvlY,UgxIvEbMvBD1ViKY1a94AaABAg,root,@ZyaraLuz,UCi8NQpkaSSKay2PIBDyWgIw,250 YEARS?!?!?!!???!?,0,0,False,False,1784332800
erLbbextvlY,UgwaPxumE2zVohM-c1F4AaABAg,root,@Спартак-п2и,UCjb8pE-b8b49A8YgN-pAW4w,Hello I am no  English😢😢😢😢😢😢😢😢😢😢😢😢😢😢😢 I am Russian,0,0,False,False,1784332800
erLbbextvlY,UgxOJkPVDpEZJJZRJ_R4AaABAg,root,@zinhlemkhwanazi1445,UCbggnBd3ZHF6x7Ehg68guQw,Mak is back woooo,0,0,False,False,1784332800
erLbbextvlY,UgxsyqybpubpedOWhW14AaABAg,root,@evelinalmeida1817,UCIOzIW_1zaREHHwplsBBGfw,maaaaaaaaaano,0,0,False,False,1784332800
erLbbextvlY,Ugy446OwTZge0Z9PJv54AaABAg,root,@goopfgf123,UCLj0HBzXaVAtW2wgkbnG-lQ,Мистер бист ты понимаешь русский,0,0,False,False,1784332800
erLbbextvlY,UgxzbR7GA4eLZoVT2zt4AaABAg,root,@HaidarAli-m5k,UCQCOjZVo1FM8Iae07osBeuQ,I'm a fast iPhone 11,0,0,False,False,1784332800
erLbbextvlY,UgwGJXhHQAuU9WhRaOt4AaABAg,root,@HaidarAli-m5k,UCQCOjZVo1FM8Iae07osBeuQ,I said that you can go to song the diesel,0,0,False,False,1784332800
erLbbextvlY,UgzzuUAcvp3SaJgcnTJ4AaABAg,root,@HaidarAli-m5k,UCQCOjZVo1FM8Iae07osBeuQ,Background,0,0,False,False,1784332800
erLbbextvlY,Ugwk2B4Opx-7N8hTmXh4AaABAg,root,@HaidarAli-m5k,UCQCOjZVo1FM8Iae07osBeuQ,"❤❤❤😊😊
Pictures",0,0,False,False,1784332800
erLbbextvlY,UgyZrgksHijAhlU6tal4AaABAg,root,@HaidarAli-m5k,UCQCOjZVo1FM8Iae07osBeuQ,Hamilton Montana,0,0,False,False,1784332800
erLbbextvlY,UgxUj5INrS0SuhBk_eV4AaABAg,root,@HaidarAli-m5k,UCQCOjZVo1FM8Iae07osBeuQ,Okay dad quotes,0,0,False,False,1784332800
erLbbextvlY,UgxFmSTJIr2L71_3-GF4AaABAg,root,@HaidarAli-m5k,UCQCOjZVo1FM8Iae07osBeuQ,Mickey Singh song,0,0,False,False,1784332800
erLbbextvlY,UgxxyCHrQBNt-zTiBDh4AaABAg,root,@HaidarAli-m5k,UCQCOjZVo1FM8Iae07osBeuQ,India Mike,0,0,False,False,1784332800
erLbbextvlY,UgxCa6ZFe9HJMP3bSn54AaABAg,root,@HaidarAli-m5k,UCQCOjZVo1FM8Iae07osBeuQ,How much do the call of duty ghosts online,0,0,False,False,1784332800
erLbbextvlY,Ugx3nLz6YKgtRC7kwvZ4AaABAg,root,@HaidarAli-m5k,UCQCOjZVo1FM8Iae07osBeuQ,No,0,0,False,False,1784332800
erLbbextvlY,UgwvAHnCcUKMH5CP8kl4AaABAg,root,@kenyahsieh6567,UCDXDjl8cWQEeKTTJzVtoVtQ,GOOD!,0,0,False,False,1784246400
erLbbextvlY,UgxI13r3W0lP7njhA2R4AaABAg,root,@Arundailyvlog_12,UCf9Dxd2rbNcr75eu4wwfv6w,Hello Mr dest me aapke sath kam karna chahta hun kyunki mujhe ek camera camera laptop video ko pura process chahie isliye main aapke sath Kai video banana chahta Hun ki Main kam karne jisse main kam karunga aap mujhe kuchh dollar ya kuchh bhi denge to main use khareed sakta hun isliye mujhe kam karna hai,0,0,False,False,1784246400
erLbbextvlY,UgxP_XJKu1iClzH6Akl4AaABAg,root,@kenyahsieh6567,UCDXDjl8cWQEeKTTJzVtoVtQ,NICE!,0,0,False,False,1784246400
erLbbextvlY,UgxlwaJMrkamx7wVidt4AaABAg,root,@bilalsatti7270,UCvx48GJgTg9pbXLv21NvFww,i play this game on roblox like we have to stay here and do work to survive i have subscribe all canels of ms beast,0,0,False,False,1784246400
erLbbextvlY,UgwI1aA1RlkwW-_GbDp4AaABAg,root,@CHAUHANJIKHERI31,UC8rwIuk1RujyBdF-PdTESKg,PLESE MAI AAP KA FAN HU INDIA mai up se dhek raha hu,0,0,False,False,1784246400
erLbbextvlY,UgzG_sftGYKOyPAphYV4AaABAg,root,@CHAUHANJIKHERI31,UC8rwIuk1RujyBdF-PdTESKg,WOW MUJHE EK PHONE KI JURURAT HAI S20 ULTRA,0,0,False,False,1784246400
KOEfDvr4DcQ,UgyKhGHMEP3WUpCnmPh4AaABAg,root,@MrBeast,UCX6OQ3DkcsbYNE6H8uQQuVA,The new Feastables bars will take some time to hit shelves! Should be in every Walmart right now and give the other retailers some time to get the new product ❤ #FeastablesPartner,123000,25,False,True,1721433600
KOEfDvr4DcQ,UgyKhGHMEP3WUpCnmPh4AaABAg.A-eGGbiVv4aA-eO_24-6Hb,UgyKhGHMEP3WUpCnmPh4AaABAg,@Phosphenes666,UCdx3ICiBYW_YmZtdEt0qlFg,I’m sorry mac,16,0,False,False,1721433600
KOEfDvr4DcQ,UgyKhGHMEP3WUpCnmPh4AaABAg.A-eGGbiVv4aA-eQ7MBRXYo,UgyKhGHMEP3WUpCnmPh4AaABAg,@Fat-vm3bc,UCWzYEKUApFBuZFOTyhurqAQ,please give him a noffer change 😭😭😭😭,9,0,False,False,1721433600
KOEfDvr4DcQ,UgyKhGHMEP3WUpCnmPh4AaABAg.A-eGGbiVv4aA-eOgM7flhU,UgyKhGHMEP3WUpCnmPh4AaABAg,@gdoiscm,UCcKMR5KXHGxroWPRecDTzhQ,e aqui no brasil?,7,0,False,False,1721433600
KOEfDvr4DcQ,UgyKhGHMEP3WUpCnmPh4AaABAg.A-eGGbiVv4aA-eQR3aWBnQ,UgyKhGHMEP3WUpCnmPh4AaABAg,@Naima-e2k,UCRK6SeDDLxIQ1zKblh4p-5g,Denle otra oportunidad 😢😢😢😢😢 porfa dejen jugar otra vez a Mack,6,0,False,False,1721433600
KOEfDvr4DcQ,UgyKhGHMEP3WUpCnmPh4AaABAg.A-eGGbiVv4aA-ePbR1kvBV,UgyKhGHMEP3WUpCnmPh4AaABAg,@basheerbasheer4293,UCVrRZ9MAIM0Lc8iQbGjOx9A,Mr beast challenge me!!!!!,5,0,False,False,1721433600
KOEfDvr4DcQ,UgyKhGHMEP3WUpCnmPh4AaABAg.A-eGGbiVv4aA-eQhRWp1MB,UgyKhGHMEP3WUpCnmPh4AaABAg,@jacobmenard,UCpAczCjLSwSapuBARJTkaXg,Any in canada,5,0,False,False,1721433600
KOEfDvr4DcQ,UgyKhGHMEP3WUpCnmPh4AaABAg.A-eGGbiVv4aA-eQmcwdQMj,UgyKhGHMEP3WUpCnmPh4AaABAg,@ناصرالرجامي,UCa2bgJIjAHKsRoGj4cMfEZg,هل يمكن أن تحقق لي حلمي يا اخي صدقني ان حلمي بسيط جدا,5,0,False,False,1721433600
KOEfDvr4DcQ,UgyKhGHMEP3WUpCnmPh4AaABAg.A-eGGbiVv4aA-eQrWhh7fT,UgyKhGHMEP3WUpCnmPh4AaABAg,@SachinJaikaran,UC4BaePmf-XfklYMxivZVKtQ,Yea,5,0,False,False,1721433600
KOEfDvr4DcQ,UgyKhGHMEP3WUpCnmPh4AaABAg.A-eGGbiVv4aA-eQ2uwSWaF,UgyKhGHMEP3WUpCnmPh4AaABAg,@swepo5719,UCVsPFei26oP3JG-2BO5_Qcg,will feastables be ever in europe?,4,0,False,False,1721433600
KOEfDvr4DcQ,UgyKhGHMEP3WUpCnmPh4AaABAg.A-eGGbiVv4aA-eR4Wu1t_h,UgyKhGHMEP3WUpCnmPh4AaABAg,@MarkyChocky,UC60vwdAUoWB_mqNhOrOii9w,W,4,0,False,False,1721433600
KOEfDvr4DcQ,UgyKhGHMEP3WUpCnmPh4AaABAg.A-eGGbiVv4aA-eRMkzAjkB,UgyKhGHMEP3WUpCnmPh4AaABAg,@Jazz-bt1ql,UCIHfC0jR2-5_GxaKXRfRKrg,OMG,4,0,False,False,1721433600
KOEfDvr4DcQ,UgyKhGHMEP3WUpCnmPh4AaABAg.A-eGGbiVv4aA-eRvGPTNE-,UgyKhGHMEP3WUpCnmPh4AaABAg,@parkerbacon,UCSLfs-IvxjsXQxVwjDAjgDA,No,4,0,False,False,1721433600
KOEfDvr4DcQ,UgyKhGHMEP3WUpCnmPh4AaABAg.A-eGGbiVv4aA-eS2dJT2Cm,UgyKhGHMEP3WUpCnmPh4AaABAg,@Asf12347,UCNviobvBsnYu-yfXBS39p4g,O yeah boy,4,0,False,False,1721433600
KOEfDvr4DcQ,UgyKhGHMEP3WUpCnmPh4AaABAg.A-eGGbiVv4aA-eS7T-5jhY,UgyKhGHMEP3WUpCnmPh4AaABAg,@to4no_Bitcoin,UCF-11bvt9vE9iw5qmPNUSbg,😭😭Mak,4,0,False,False,1721433600
KOEfDvr4DcQ,UgyKhGHMEP3WUpCnmPh4AaABAg.A-eGGbiVv4aA-eSpkEu4XR,UgyKhGHMEP3WUpCnmPh4AaABAg,@Sam_soccer,UCNwzyU1EIy2aVbdBdrRWTXQ,Bro really think,4,0,False,False,1721433600
KOEfDvr4DcQ,UgyKhGHMEP3WUpCnmPh4AaABAg.A-eGGbiVv4aA-eTBXeRudg,UgyKhGHMEP3WUpCnmPh4AaABAg,@danielyaseen,UCVbqTiPrLlPb19I6YoHcG6w,Yo Imma buy one,4,0,False,False,1721433600
KOEfDvr4DcQ,UgyKhGHMEP3WUpCnmPh4AaABAg.A-eGGbiVv4aA-eTNbNZgLS,UgyKhGHMEP3WUpCnmPh4AaABAg,@jeongkeun2070,UCNcKVr476tqrctEmrQ261bA,옼ㅁㅋㅋㅋㅋㅋㅋ,4,0,False,False,1721433600
KOEfDvr4DcQ,UgyKhGHMEP3WUpCnmPh4AaABAg.A-eGGbiVv4aA-eTtBLmEaq,UgyKhGHMEP3WUpCnmPh4AaABAg,@Krisbobber,UCz1dNTciaxHwBT11FcehgTA,IT LOOKS SO GOOD,4,0,False,False,1721433600
KOEfDvr4DcQ,UgyKhGHMEP3WUpCnmPh4AaABAg.A-eGGbiVv4aA-eUNwJohig,UgyKhGHMEP3WUpCnmPh4AaABAg,@illingdoug,UCvR1P1et9gvp41ZUu_su46Q,🥵,4,0,False,False,1721433600
KOEfDvr4DcQ,UgyKhGHMEP3WUpCnmPh4AaABAg.A-eGGbiVv4aA-eUQPNT-lM,UgyKhGHMEP3WUpCnmPh4AaABAg,@darianromain4269,UC80iIxMKQkabBgUvK9HfuXg,Dale otra oportunidad,4,0,False,False,1721433600
KOEfDvr4DcQ,UgyKhGHMEP3WUpCnmPh4AaABAg.A-eGGbiVv4aA-eV5u-wB4I,UgyKhGHMEP3WUpCnmPh4AaABAg,@jhonatanfelipe6696,UC6a90ZIpexAYAhlNvzpiAvQ,HAVE feastables in the brazil?,4,0,False,False,1721433600
KOEfDvr4DcQ,UgyKhGHMEP3WUpCnmPh4AaABAg.A-eGGbiVv4aA-eZNE2K_ju,UgyKhGHMEP3WUpCnmPh4AaABAg,@GjghjttGdvhu,UCtPuXniD13ep0IWuvMjvxkA,انا اريد  المساعدة ❤,4,0,False,False,1721433600
KOEfDvr4DcQ,UgyKhGHMEP3WUpCnmPh4AaABAg.A-eGGbiVv4aA-eZW_Xlh_J,UgyKhGHMEP3WUpCnmPh4AaABAg,@mariabolmrtnz3618,UC3vMfJBrvjW2txjsgA4cxeg,ok but think about giving me some money lol,4,0,False,False,1721433600
KOEfDvr4DcQ,UgyKhGHMEP3WUpCnmPh4AaABAg.A-eGGbiVv4aA-e_2OZx2oq,UgyKhGHMEP3WUpCnmPh4AaABAg,@منوع-ض7ح,UCQBe2GW2je3opWjsOpykbuQ,انا يمني اثبتوو وجود اليمن هياا😢😢❤,4,0,False,False,1721433600
KOEfDvr4DcQ,UgyKhGHMEP3WUpCnmPh4AaABAg.A-eGGbiVv4aA-eNsOFmlqO,UgyKhGHMEP3WUpCnmPh4AaABAg,@basnya228,UC_Kyr2AY9hCw7xa7cich-BQ,"Mr beast If you make your bars also available in the CIS (Russia, Belarus, Kazakhstan, etc.), we will make an altar for your bars",27,0,False,False,1721433600
KOEfDvr4DcQ,UgwEWrjNyONmR3SjLcR4AaABAg,root,@SaliAz-w1i,UCBy6jw-nLwHrqtR0M_Py5CA,❤❤❤❤❤❤❤,0,0,False,False,1784470080
KOEfDvr4DcQ,UgxOc6o2cLpRix6_Nk54AaABAg,root,@Hoko-b5g,UCEylSIOKQjGfIk4--z2dABg,Egoruik,0,0,False,False,1784469840
KOEfDvr4DcQ,UgwD1jqHQEB6B4dfJK14AaABAg,root,@smartskills1996,UC5s6OkxPl44w81iRO7rXEwg,In final is very sad he do have risk but he didn't but in final just Miss 😭😭😭😭❤❤❤😮😮😮😅😅😢😢😢,0,0,False,False,1784462400
KOEfDvr4DcQ,UgzftZC4ewayaKQJJot4AaABAg,root,@smartskills1996,UC5s6OkxPl44w81iRO7rXEwg,❤❤❤❤❤😮😮😮😮😮😮😮😮😅😅😅😅😅😅as 3 stages it very funny,0,0,False,False,1784462400
KOEfDvr4DcQ,Ugy5paJjrzCQEwAVCXJ4AaABAg,root,@RandyAndena,UC1vtdtN4aWabWfpbSrQwlSQ,Hi mr beast i am from philippines and i'm your biggest fan,0,0,False,False,1784455200
KOEfDvr4DcQ,Ugw_bc4AB-sfSwCeSPp4AaABAg,root,@BurhanUddin-y5e,UCPSl38Le9eMdAfMZdef7gbA,😅😂😂😂😂😂😂😂😂😂😂😂😂😂😂😂,0,0,False,False,1784451600
KOEfDvr4DcQ,Ugy8fMm-Wwr4ZrxzriB4AaABAg,root,@นันทนาเดชสง่า-ย8ฎ,UCfCZCNKUusM6bef_MBD8cpQ,😭,0,0,False,False,1784451600
KOEfDvr4DcQ,UgwB6skQ5YpDPzKoH5B4AaABAg,root,@김남원-e2q,UCET44zC-gbtilNZQz1rjpvw,81000.000,0,0,False,False,1784440800
KOEfDvr4DcQ,UgwyCR0v4r2qe7w5alx4AaABAg,root,@김남원-e2q,UCET44zC-gbtilNZQz1rjpvw,10/000.,0,0,False,False,1784440800
KOEfDvr4DcQ,Ugxb93JJFGeFGXej3uZ4AaABAg,root,@김남원-e2q,UCET44zC-gbtilNZQz1rjpvw,"10,/",0,0,False,False,1784440800
KOEfDvr4DcQ,UgxUF_OsJM_HBWr98Kt4AaABAg,root,@김남원-e2q,UCET44zC-gbtilNZQz1rjpvw,200,0,0,False,False,1784440800
KOEfDvr4DcQ,UgyJjM5k4hqIXM8WDZ54AaABAg,root,@ShahTasawar-h2c,UCETzL2_xJBg5bKscsrmQkFQ,❤❤❤❤,0,0,False,False,1784430000
KOEfDvr4DcQ,Ugwq2hEB3qrl63rCmNN4AaABAg,root,@edgarruiz5094,UCymRkW7fwho9z3fv3Tl12yA,MrBeast,1,0,False,False,1784430000
KOEfDvr4DcQ,UgxuH49p217AENnar594AaABAg,root,@TheFlashioo,UCS_91tvF8bZjFtwl_2C9sFg,Oh noo mack 😢,0,0,False,False,1784430000
KOEfDvr4DcQ,UgyJhKKRnMgOu8gJuhl4AaABAg,root,@YanetNegash,UC-CP94NNMS2_VZ_Zs6lJkbQ,He is so strong,0,0,False,False,1784412000
KOEfDvr4DcQ,UgwUwX5gAGkrhcaJIA14AaABAg,root,@JoséDreni,UCaJRtwNO4-1LM5INO41hyKA,Hola,0,0,False,False,1784408400
KOEfDvr4DcQ,UgwphmnNe2ZfiX9EOVh4AaABAg,root,@JoséDreni,UCaJRtwNO4-1LM5INO41hyKA,😢Hola,0,0,False,False,1784408400
KOEfDvr4DcQ,UgzffxO2H00r1w4-PHN4AaABAg,root,@JoseCollado-ye3sz,UC7FukvlQlw7B929GeRDE0UA,REGALAME  UN  AIPA   MRBEAST,0,0,False,False,1784408400
KOEfDvr4DcQ,UgwW6Wo3AoT9SRFxTKx4AaABAg,root,@ZiphoMazibuko-p8k,UCjPC1HMfCQhkFp8cAZ1x6gw,😢😢😢😢😢😢😢😢😢😢😢😢😢😢r.l.p,0,0,False,False,1784408400
KOEfDvr4DcQ,UgwZ3E2EMoXKoh24t2h4AaABAg,root,@Anarbek-v3v,UCnV_dgtODbgc5Qc0ftZURjw,Всем удачи 🎉🎉🎉🎉🎉,0,0,False,False,1784404800
KOEfDvr4DcQ,UgyAN7zOJeuIKRWSkwJ4AaABAg,root,@AbdullahAğduk,UC_Rst9t0MjpN-pgyvYGK-fg,mrbeast çok iyi,0,0,False,False,1784404800
KOEfDvr4DcQ,Ugzkc__c3eDl5-k6V8J4AaABAg,root,@cute_harmain2,UCB39b9OepIDOv1YkJxTyexA,What the heck is that o my god nooo😢,0,0,False,False,1784404800
KOEfDvr4DcQ,UgzGCE0l1mUNImpVW6F4AaABAg,root,@likuberihun6590,UC0buTTYuN4y74kOV7wUHjTA,3rd chance!!,0,0,False,False,1784401200
KOEfDvr4DcQ,Ugy3UKI3fpfaMuX-Mz54AaABAg,root,@mdnurnabihossain6002,UCPxdtlG100O4DRx9nZkBpXw,Plz help me 😢😢❤❤,0,0,False,False,1784397600
KOEfDvr4DcQ,UgwXTUBo08lD3TlU6iJ4AaABAg,root,@srrilroman-s2g,UCu8Sh3psEnJJwAT4JmbSc7Q,21:55,0,0,False,False,1784397600
KOEfDvr4DcQ,UgxmYUTn2WYPJdgOe2p4AaABAg,root,@DpekJ,UC_YXwy9xAkTeIIInVCdxiwA,Commenting on every mrbeast video to increase my subscribers,0,0,False,False,1784397600
KOEfDvr4DcQ,Ugyvx60E6ktxcPPHJh54AaABAg,root,@FaizaFalak-p6c,UCcXgxd2uJ5qKXgtKNtSDSag,😢😢😢😮😮,0,0,False,False,1784397600
KOEfDvr4DcQ,Ugz9KTvvd9op5mBWAJJ4AaABAg,root,@srrilroman-s2g,UCu8Sh3psEnJJwAT4JmbSc7Q,36:29:20,0,0,False,False,1784397600
KOEfDvr4DcQ,UgydbIk7yujH3PuTWwR4AaABAg,root,@SwedenCodm,UC5Q9oLJLLZiCIbCvSx_2a8A,O feel soo bad for him,0,0,False,False,1784397600
KOEfDvr4DcQ,Ugwf_-wKA_opPrHGz614AaABAg,root,@Thelastguest27,UCgCpvF7zBCGRHACuDBb_huA,Bring him back now,0,0,False,False,1784394000
KOEfDvr4DcQ,UgwfJ8pYu5TB4M0R_j14AaABAg,root,@4an1yah,UCKo-OuNlwv4nOkflPRczJAQ,POOR MAC LET HIM LIVE,0,0,False,False,1784390400
KOEfDvr4DcQ,UgyO3E_mZj5MrLWlfvJ4AaABAg,root,@OLUKAYODEOGUNDARE,UCt2eDm7RQpipVuhAnQNg6Rw,bro dude that is scary,0,0,False,False,1784390400
KOEfDvr4DcQ,UgwZQwve6LQuPDwZSSJ4AaABAg,root,@Ashakulmiddya,UCnqYhCP1eLdbF1HqA9H6e2A,2026,0,0,False,False,1784390400
KOEfDvr4DcQ,UgwDzHm1jW50ASPjDah4AaABAg,root,@Ashakulmiddya,UCnqYhCP1eLdbF1HqA9H6e2A,2026,0,0,False,False,1784390400
KOEfDvr4DcQ,UgxfG-PaQksDTnxP62h4AaABAg,root,@jxp-b9v,UCYYxUnnj2_SEIb0_NneODhw,马克得了MVP,0,0,False,False,1784386800
KOEfDvr4DcQ,UgxVb0s3jM2UXuKZaIl4AaABAg,root,@sotugnoMondol,UCTEZq58Rnc1wPRn2rsWnWsQ,Hlw sir . I am from Bangladesh 🇧🇩..i am your big fan . I want to join your game.. pls help me,0,0,False,False,1784386800
KOEfDvr4DcQ,UgyRr-u4VlDEkLMY4l54AaABAg,root,@ArifulIslam-v9v5f,UCA9m7tQWO2wZQiSbZl7m2GQ,Your chocolate is very good.plz give me some chocolate 🍫,0,0,False,False,1784386800
KOEfDvr4DcQ,Ugw9TR2Ff27iqjrywkN4AaABAg,root,@AzhmeerKhan-x6b,UCagkZufHYqN0GSxsqQSNxDQ,Mrbeast i am begging you to give mack his money back i am begging to you,0,0,False,False,1784386800
KOEfDvr4DcQ,UgxiKA6duYOYT4cT60R4AaABAg,root,@Gollumollu-es7mu,UCc2qfpH_IF_yfVCWySkmqGg,Hi,0,0,False,False,1784386800
KOEfDvr4DcQ,UgxtZXO3YdVasOvq3uZ4AaABAg,root,@LuccaFerreras,UCicCoXkExbqR0zmDKb9yMUA,"Give him his $800,000",0,0,False,False,1784419200
KOEfDvr4DcQ,UgzwgunwEyM8Myv7Q814AaABAg,root,@shorifkhan4101,UCG2bMpNO6oDJWM4RtdejEAQ,সে কিভাবে নিঃশ্বাস নেবে,0,0,False,False,1784419200
KOEfDvr4DcQ,UgwzQczc1VzaZvD_W4l4AaABAg,root,@Divyfg,UCUYeueXXDPHh93SxLre8Viw,😮😮😮😮😮😮😮 4:28,0,0,False,False,1784419200
KOEfDvr4DcQ,UgwmZi05omh_kLFL30B4AaABAg,root,@Влад_26к,UCnNh5hF0j-K7AEDBTpIxBXQ,А я перестаю бояться пауков,0,0,False,False,1784419200
KOEfDvr4DcQ,UgwcjX1yjC6J97-jK9F4AaABAg,root,@Shadow-i5v,UCybgtDuvKFLqG0u0sV2EtYA,"конечно ставить самое трудное испытание дважды это так смешно,интересно кто то из команды мистера биста хоть проверял это задание?",0,0,False,False,1784419200
KOEfDvr4DcQ,UgxhlAaHlsVhKFCXZm94AaABAg,root,@SakibSK-l9y4u,UCcKdE6ZMUcx5Dy_Ot4zorng,❤❤❤❤❤❤,0,0,False,False,1784419200
KOEfDvr4DcQ,UgyfP1Sl-6vWrEaviD54AaABAg,root,@Alireza-z1d7o,UC6nnfP34sa6-JwPHfvOhplw,ماشین برای شما پنج دلار برای ما یک آرزو هست 😢 ‬ ‏‪3:17‬‏,0,0,False,False,1784419200
KOEfDvr4DcQ,UgzBhl0yYi7zgzffDax4AaABAg,root,@FatihFatihkeren-k1o,UCdIuqZMIRxUA5GFGNZzsuVQ,Yang ngelakuin temenya tapi kok di posternya dia,0,0,False,False,1784419200
KOEfDvr4DcQ,UgwF_K2G071cAGXkpN94AaABAg,root,@noorsa77599,UCUmowv1PgBQCh5vyyMbN_YA,😊😊,0,0,False,False,1784419200
KOEfDvr4DcQ,UgxAbqUPLeP8h2vQ3kV4AaABAg,root,@alexiscarstens,UCc2OnzqnxuGa6cw3pjUbElg,BRING MACK BACKKK HE DESERVES IT!!!! HE HAD SO MUCH EFFORT PUT INTO EVERY SINGLE CHALLENGE,4,0,False,False,1784419200
KOEfDvr4DcQ,Ugx17lC7k8J2lUJ6gGR4AaABAg,root,@mdsaied-og5rdসাইম,UC8Ov08qN-imDaCHinYjgBkw,😊😊😊,0,0,False,False,1784419200
KOEfDvr4DcQ,UgwdGD3wTVaWoZ3REqd4AaABAg,root,@JMSCARGAMING-2.0,UC0GOiXVkLlfzJc5_xB08FYA,"""Every time I watch your videos, I'm reminded that creativity, hard work, and kindness can truly change the world. Thank you for inspiring millions of people every single day. Wishing you and your team even more success—much love from Bangladesh! ❤️🌍""",0,0,False,False,1784419200
KOEfDvr4DcQ,UgyNfDqAhXFml7ehEt94AaABAg,root,@BizionBlox,UCRpOcZA7N-J421QfSmznnmg,Bro did all that for 0 dollars 💵😢,0,0,False,False,1784419200
KOEfDvr4DcQ,Ugzgd9eAFnhV63AXGb94AaABAg,root,@prahladchoudhary626,UC0EVjwAXEJOO-OYmtXSwTIQ,Hi,0,0,False,False,1784419200
KOEfDvr4DcQ,Ugzot7SvSNqNrgB0Eqd4AaABAg,root,@ayush_amazing_Fox,UCAy0Pc4ryLN1cp47UxXH8WQ,।,0,0,False,False,1784419200
KOEfDvr4DcQ,UgysX8rE5QueyJ9-olx4AaABAg,root,@jasonwolff1,UCRDHMMhHZyjWpYbHY8xuvrQ,Chandlers face 16:24😂😂😂😂,0,0,False,False,1784419200
KOEfDvr4DcQ,Ugz_w-0-LsOSHgY4afl4AaABAg,root,@DudaRibeiro-s5f,UC0eeatnMHd1ISPX_al7tIBA,Io,0,0,False,False,1784419200
KOEfDvr4DcQ,UgxcuTkMpQGM1fyYsTt4AaABAg,root,@AmirHosseinHassanpour-t3p,UCQOFDawkx25eai5UyCTjIyQ,سلام,0,0,False,False,1784419200
KOEfDvr4DcQ,UgzdBGoL3D_sJMBkpj54AaABAg,root,@Bruno-c1k,UCQbyXcwG-d9IfDwJiiYiUmQ,No me dejan comprarlo pero voto por Karl,0,0,False,False,1784419200
KOEfDvr4DcQ,UgyX1AXkRUlea5pksd54AaABAg,root,@johnbenson5811,UCkyzrF2fv4WcezDiVbBOpig,O,0,0,False,False,1784419200
KOEfDvr4DcQ,UgyFeLFjyyqh9u5YIKR4AaABAg,root,@johnbenson5811,UCkyzrF2fv4WcezDiVbBOpig,I can’t here,0,0,False,False,1784419200
KOEfDvr4DcQ,UgylsQzmvY6Ow9AEx0N4AaABAg,root,@aman.ff804,UCR_YfgdIXapMhn4YW2NOStw,😮😢,0,0,False,False,1784419200
KOEfDvr4DcQ,Ugx1OFYvyVmeFWuM2xR4AaABAg,root,@LuzsPayano,UCwpoxMJ-PxIjnGVbP3M5Qxw,0:43,0,0,False,False,1784419200
KOEfDvr4DcQ,UgyK1Y-xsLy2hXJYV0d4AaABAg,root,@LuzsPayano,UCwpoxMJ-PxIjnGVbP3M5Qxw,Are you guys in the beginning? Saw him say this is so gnarly oh my God. 0:44,0,0,False,False,1784419200
KOEfDvr4DcQ,UgyZkVhs_4Saeg-GkO54AaABAg,root,@paccyiragena,UCrYuBp-vcFER0L6iCIh3zDA,Hello too,0,0,False,False,1784419200
KOEfDvr4DcQ,UgyZ81H9r5Lhx-h9pu94AaABAg,root,@FynnMilo,UCTBXryYE7xqG88bCU4HTUQQ,Ich Mathe mit,0,0,False,False,1784419200
KOEfDvr4DcQ,Ugx2AhCrdTu3O6LU3Sh4AaABAg,root,@h-o-t-r-o-d-3,UCXygUFo3WjbQYMhHsa8ZlqA,how are we going to not bring him back but have Ashley on the show every other week,0,0,False,False,1784419200
KOEfDvr4DcQ,UgxOTGHvmfyuQhLEdKR4AaABAg,root,@ikechukwuofuonye4993,UCilW4POer5HfRvEN8k2UH9Q,Mr beast everyone is always scared but this is evil 😈 Jimmy,0,0,False,False,1784419200
KOEfDvr4DcQ,Ugw8TS7KP4j2itH4Hcx4AaABAg,root,@multi08081983,UC48oOis2NF1JNEeKMrII6ZQ,Wow😮,0,0,False,False,1784419200
KOEfDvr4DcQ,UgyW6BxSd-orspoMpKx4AaABAg,root,@BrianacristelMontésarrazola,UCfjDyOIGGYvAkfvxk1MckUg,"Please give Mack another chance, please",0,0,False,False,1784419200
KOEfDvr4DcQ,UgxSRlUywkm50lwmCSh4AaABAg,root,@Bilal9216-j9c,UCrCwYxlHQQXF758EoEHBoPA,How to participate in this show?,0,0,False,False,1784419200
KOEfDvr4DcQ,UgzUGJNfCB8XAOSwgrR4AaABAg,root,@Natalya-v8g6p,UCCdXl_SN_AAMgXnX9mnC4Sw,👉🥴,0,0,False,False,1784419200
KOEfDvr4DcQ,Ugwk9_xGCSfeIrTh4_94AaABAg,root,@sıkıldımartükbe,UC-ZVfClAQ8SAXm1x-NDib7w,09:54,0,0,False,False,1784419200
KOEfDvr4DcQ,UgxIgYFTJPsht041Crd4AaABAg,root,@Grey_reimer,UCMp8PhgRLP5SRQxyJHMHoNA,Это очень вкусная шоколадка я её сегодня ела она восхитительная,0,0,False,False,1784419200
KOEfDvr4DcQ,UgxIXpBtL1YrZ-5C_9J4AaABAg,root,@redditnightmares9660,UC1Isf_9u7v2AlJTzsLvAwog,Hello,0,0,False,False,1784419200
4SNThp0YiU4,Ugz9uyes34S4xPZUqpV4AaABAg,root,@MrBeast,UCX6OQ3DkcsbYNE6H8uQQuVA,"Thank you for 300,000,000 Subscribers!",533000,25,False,True,1721433600
4SNThp0YiU4,Ugz9uyes34S4xPZUqpV4AaABAg.A5q6RVkESIGA5q6Z5a7R66,Ugz9uyes34S4xPZUqpV4AaABAg,@WassimHakiki,UCDApQigCm5HWGDcfdG_5P7Q,❤❤❤❤💯💯💯💯🎉🎉🎉🎉🌹🌹🌹🌹,9,0,False,False,1721433600
4SNThp0YiU4,Ugz9uyes34S4xPZUqpV4AaABAg.A5q6RVkESIGADy8if4xN0W,Ugz9uyes34S4xPZUqpV4AaABAg,@Seogverma,UCvwMiWFTX6zX7uifE83U5Fw,❤❤❤❤❤,5,0,False,False,1752969600
4SNThp0YiU4,Ugz9uyes34S4xPZUqpV4AaABAg.A5q6RVkESIGA5q6XnFK7I6,Ugz9uyes34S4xPZUqpV4AaABAg,@Itzz_n4te,UCjt2WYxojS3bX2IHIfQXXjg,SUBBED,4,0,False,False,1721433600
4SNThp0YiU4,Ugz9uyes34S4xPZUqpV4AaABAg.A5q6RVkESIGA5q6Z3ERUfP,Ugz9uyes34S4xPZUqpV4AaABAg,@NazmusSakib-ld5ud,UCbVcBO9n0bCMAnoboNXNPaA,Bangladesh,4,0,False,False,1721433600
4SNThp0YiU4,Ugz9uyes34S4xPZUqpV4AaABAg.A5q6RVkESIGA6hn7DL62ih,Ugz9uyes34S4xPZUqpV4AaABAg,@mahmoudboughani5788,UCc1ipf59xPMMKMI3dVGQe5Q,Rguty,4,0,False,False,1752969600
4SNThp0YiU4,Ugz9uyes34S4xPZUqpV4AaABAg.A5q6RVkESIGA5q6VsMeHMo,Ugz9uyes34S4xPZUqpV4AaABAg,@kanetate03,UCgq7KLIvyc3grvtRP8zIE2A,あ,3,0,False,False,1721433600
4SNThp0YiU4,Ugz9uyes34S4xPZUqpV4AaABAg.A5q6RVkESIGA5q6X4WnngZ,Ugz9uyes34S4xPZUqpV4AaABAg,@nidalbena3853,UCAamsGCJlflPFttf8Va5brg,Ur welcome,3,0,False,False,1721433600
4SNThp0YiU4,Ugz9uyes34S4xPZUqpV4AaABAg.A5q6RVkESIGA5q6XviXEfl,Ugz9uyes34S4xPZUqpV4AaABAg,@Team_Luke,UC0XCaCFaFDOjlmpFwyFvV1A,Let’s go,3,0,False,False,1721433600
4SNThp0YiU4,Ugz9uyes34S4xPZUqpV4AaABAg.A5q6RVkESIGA5q6Xzm560Q,Ugz9uyes34S4xPZUqpV4AaABAg,@Aerules,UCDqTlWWhsjHjR22COTxPYcg,LETS GO 300 MIL,3,0,False,False,1721433600
4SNThp0YiU4,Ugz9uyes34S4xPZUqpV4AaABAg.A5q6RVkESIGA5q6Y5esQXM,Ugz9uyes34S4xPZUqpV4AaABAg,@nxghtflow,UCzsliixJHBMap454fqS1vzA,Your Welcome,3,0,False,False,1721433600
4SNThp0YiU4,Ugz9uyes34S4xPZUqpV4AaABAg.A5q6RVkESIGA5q6Y7FO99H,Ugz9uyes34S4xPZUqpV4AaABAg,@yoshigamesroblox4455,UCqOBhIurT3JkjjXUbHV6YtQ,🎉,3,0,False,False,1721433600
4SNThp0YiU4,Ugz9uyes34S4xPZUqpV4AaABAg.A5q6RVkESIGA5q6ZCkVvbV,Ugz9uyes34S4xPZUqpV4AaABAg,@Idontenjoyourcompany,UCJCtYQ3QnSCJUuGr9DvTbvA,Yw,3,0,False,False,1721433600
4SNThp0YiU4,Ugz9uyes34S4xPZUqpV4AaABAg.A5q6RVkESIGA5q6ZPGZYv0,Ugz9uyes34S4xPZUqpV4AaABAg,@OnlyGame-o3c,UCY0i3HsZqISplr5d7zLewDg,Here😮,3,0,False,False,1721433600
4SNThp0YiU4,Ugz9uyes34S4xPZUqpV4AaABAg.A5q6RVkESIGA5q6ZP4NSBs,Ugz9uyes34S4xPZUqpV4AaABAg,@PeterAndersen-r5u,UCDtxiJK5WwYgDnK1avdKDNw,RAHHHHH,3,0,False,False,1721433600
4SNThp0YiU4,Ugz9uyes34S4xPZUqpV4AaABAg.A5q6RVkESIGA5q6ZYZXZc4,Ugz9uyes34S4xPZUqpV4AaABAg,@njoudass,UCV8RE1SqtvaCOj6yWratSPQ,Yw,3,0,False,False,1721433600
4SNThp0YiU4,Ugz9uyes34S4xPZUqpV4AaABAg.A5q6RVkESIGA5q6ZyYScU2,Ugz9uyes34S4xPZUqpV4AaABAg,@idkwhoiam9870,UCDeKw_AHqoxLplJw05fjl0w,YOOO 1 MINUTE AGO,3,0,False,False,1721433600
4SNThp0YiU4,Ugz9uyes34S4xPZUqpV4AaABAg.A5q6RVkESIGA5q6_73980c,Ugz9uyes34S4xPZUqpV4AaABAg,@zeeplays2,UC-soB2YHnUqgS7ACwVtjk5w,W,3,0,False,False,1721433600
4SNThp0YiU4,Ugz9uyes34S4xPZUqpV4AaABAg.A5q6RVkESIGA5q6_kxyweI,Ugz9uyes34S4xPZUqpV4AaABAg,@EmptikBestTMP,UC-j9c1N3wPBZg1UY9yG4Rgw,No problem❤,3,0,False,False,1721433600
4SNThp0YiU4,Ugz9uyes34S4xPZUqpV4AaABAg.A5q6RVkESIGA5q6_oLAB1G,Ugz9uyes34S4xPZUqpV4AaABAg,@BendyPlays,UCon8C3vGRpVK69o3zZLNCLw,bandy,3,0,False,False,1721433600
4SNThp0YiU4,Ugz9uyes34S4xPZUqpV4AaABAg.A5q6RVkESIGA5q6_sSx75l,Ugz9uyes34S4xPZUqpV4AaABAg,@Sebastianxd2010,UCVON8mcicTZhzoSjij2z11A,good,3,0,False,False,1721433600
4SNThp0YiU4,Ugz9uyes34S4xPZUqpV4AaABAg.A5q6RVkESIGA5q6_u07HjM,Ugz9uyes34S4xPZUqpV4AaABAg,@BelowZerØ_debug,UCNiCj0r3pJXBtCtdqercvsA,:),3,0,False,False,1721433600
4SNThp0YiU4,Ugz9uyes34S4xPZUqpV4AaABAg.A5q6RVkESIGA5q6aDHR_5C,Ugz9uyes34S4xPZUqpV4AaABAg,@CheezeGaming.,UCFt5jFZRFLEqTkXBYRGLVew,Yay I reply,3,0,False,False,1721433600
4SNThp0YiU4,Ugz9uyes34S4xPZUqpV4AaABAg.A5q6RVkESIGA5q6aXt-rie,Ugz9uyes34S4xPZUqpV4AaABAg,@Random_guy067,UCJaOAY-CZyKRjR5LTAgks5Q,W,3,0,False,False,1721433600
4SNThp0YiU4,Ugz9uyes34S4xPZUqpV4AaABAg.A5q6RVkESIGA5q6ajS88PP,Ugz9uyes34S4xPZUqpV4AaABAg,@xxoia,UCA4vikVBNwUE53xT-Jdd4zg,No promble,3,0,False,False,1721433600
4SNThp0YiU4,Ugz9uyes34S4xPZUqpV4AaABAg.A5q6RVkESIGA5q6ajZbLdT,Ugz9uyes34S4xPZUqpV4AaABAg,@ispamsojoin4039,UC94e0JZRqTWLmSXus1IwN7A,W,3,0,False,False,1721433600
4SNThp0YiU4,UgwBfd3BqLkQfMy_kHx4AaABAg,root,@Danny_B001,UCZzZlHV9kR3ShFQs1ByStGA,I love u Mr beast🎉,0,0,False,False,1784470646
4SNThp0YiU4,UgyQ3y2sETyWrGLBMq54AaABAg,root,@sunilmahadik5608,UCjeeJFGZhPb240j9sktiwvQ,Carrie is here too,0,0,False,False,1784469840
4SNThp0YiU4,UgzGLLj3f36LMi1V_vh4AaABAg,root,@ЯрославЮрченко-т3е,UC-KmiNIbdK_wG8oZZz5uisg,😮😮😮😮😮,0,0,False,False,1784467800
4SNThp0YiU4,UgwBedkvYZeZgWRTS0N4AaABAg,root,@NengHo-c4t,UCZRWxNFwLg-nT7xK44ngqag,"Mít,t,mít,gến,việt,năm🥺🥺🥺🥺🥺🥺🥺🥺🥺😐👍👍😐👍",0,0,False,False,1784466000
4SNThp0YiU4,UgzRGDMy7UqCUVeVevl4AaABAg,root,@mrfolktheathird,UCPC7fZ9uK7hGH3CmnNXQVAA,Ronaldo pasta boiiii👀🫱,3,0,False,False,1784466000
4SNThp0YiU4,UgxBhNua2Xdj_Kr91nZ4AaABAg,root,@คนดีคนเดิม77,UCUU6G4E3kdMPQFKzSbyEuRw,Spd🎉🎉 4:04,0,0,False,False,1784462400
4SNThp0YiU4,Ugxaxq5ncsOP2ROE0Qt4AaABAg,root,@FelipeTorresRodrigues-x3b6c,UCEd8E3DNU-10rwmVQ_zHTkQ,Mr beast trás o enaldinho,0,0,False,False,1784458800
4SNThp0YiU4,Ugyu3-VPHanhFWg59JN4AaABAg,root,@Karelblue,UCfVcWxSf5Ld4C3y4NC8CwxA,Ronaldo pasta 💀💀💀💀💀💀,0,0,False,False,1784458800
4SNThp0YiU4,UgzJ7teHIzBobe36P_N4AaABAg,root,@sri-_yani_yusuf,UCfjkwlsB5AEyt8qwJbn5lsQ,Indo sedirii,0,0,False,False,1784455200
4SNThp0YiU4,UgxmOVtNnSMBimrUZwp4AaABAg,root,@LanChi-ys4zx,UCOsC8miVmr0_HGLYwVdWJ7Q,Ronaldo pasta😭✌️,1,0,False,False,1784451600
4SNThp0YiU4,UgyyA3UDSVM9rA4Yfu14AaABAg,root,@SpadezDKX,UCYYHFpyebpi7PNBWSgXWFoQ,29:46 ronaldo pasta 😮😮😮,3,0,False,False,1784451600
4SNThp0YiU4,UgwUxyVNYNxxH4AD2OJ4AaABAg,root,@fauzanAlmalik-l6i,UCUFBHZr8tA6LUxRerQP6Aog,Ronaldo pasta✨,0,0,False,False,1784448000
4SNThp0YiU4,UgzpRr6MEqgnoj47Zxp4AaABAg,root,@sigman-j4m,UCU4i6q3fGUxZrwoeTBhTuUg,"Ronaldo pasta😂😂😂😂
Speed:😂😂😂😂",0,0,False,False,1784448000
4SNThp0YiU4,UgyG_3NjMzb6vlAPdD54AaABAg,root,@AliNabil-g9i,UCFgnLeMbpH8OwxD_8qRNRnw,6:59 ☠️☠️☠️,0,0,False,False,1784448000
4SNThp0YiU4,UgxgUjHw53q5UE09KVh4AaABAg,root,@Ratchakorn-l6e,UCs4AHiboE-O96mJrZKZ3m1w,29:40,1,0,False,False,1784444400
4SNThp0YiU4,UgzG_QCiiI88295Mjtl4AaABAg,root,@Adr14n_13,UCvP9t_VRfVCL2IpsePlLuVQ,Speed was like BOII I LIKE THIS😂😂😂😂😂then he goes I HATE THIS BOII👿👿👿👿 respect moment😅😅😅😂😂😂😂😂😂,0,0,False,False,1784444400
4SNThp0YiU4,UgzMqqctiaws2WDg-eN4AaABAg,root,@dhero05thesecondalt,UC5rCT9qSaX-QP5qilGLVmnA,29:45 Ronaldo pasta😂🎉,0,0,False,False,1784444400
4SNThp0YiU4,UgyMn7QL9u1kgJoYq5h4AaABAg,root,@Rifqyzn,UCkH1qtfCnathv5sHfJSyAJg,Ronaldo pasta😂👌🏿👀 29:33,0,0,False,False,1784440800
4SNThp0YiU4,UgyMQHePmVg11-dDXgN4AaABAg,root,@ais.robbyrbx,UCEfA49Mw7LdhDwX0bEQpv8g,29:45 Ronaldo pasta,0,0,False,False,1784440800
4SNThp0YiU4,UgxpgCp3uTjtUKyQZzh4AaABAg,root,@suwinaijansin1453,UCGEIz6kRoEW-S4SgFgwkd7A,ปุ๋ยแต่พี่ทำไมพูดไทยไม่เป็น,0,0,False,False,1784440800
4SNThp0YiU4,UgwYpL0XiLSjV2m-dH54AaABAg,root,@SolGomez-Capibara,UCOJekdHcgXRkGTaZXIs305Q,Ganó mi youtuber favorita y que tan generoso fue dar esos 1000 dólares 😊😊😊😊,0,0,False,False,1784440800
4SNThp0YiU4,UgyImz6KMsuP9DJVyMd4AaABAg,root,@BdSomrat-e7u4g,UCgO7QDzskFeBMFk7gHb6d3A,Amar boro bhata Marathi Apne ki Jodi please bhaiya apna video MP3 aapane kya baat hai apna video mein dekhiae please bhaiya aap mere ko bhalu Wala aankhen ke suit Aage mein LagLaga❤❤,1,0,False,False,1784437200
4SNThp0YiU4,UgwTnoxLjx6nceQDg9R4AaABAg,root,@BdSomrat-e7u4g,UCgO7QDzskFeBMFk7gHb6d3A,Hello bhaiya hamen to hamen apna video dekhe apna video Tamil comedy,1,0,False,False,1784437200
4SNThp0YiU4,Ugw-OAMvkKyKSHkWquN4AaABAg,root,@MdJewel-k3u,UCsKq7O-N_ERtH_7wrQSlFvw,আমি আপনার ভিডিও বাংলাদেশ থেকে দেখি আমার খুবই ভালো লাগে,0,0,False,False,1784433600
4SNThp0YiU4,UgyFjhNy1F7rGr2_W4J4AaABAg,root,@DJMIKO0107,UCVK6_raFmJsfla7Og44jxwg,すしらーめんりくくんいるな,0,0,False,False,1784430000
4SNThp0YiU4,UgwKjMqunz-KE1yaP5B4AaABAg,root,@goofygroffer,UC2stpbhniOpp1E8JjPzEfbg,welcome to ronaldo pasta bradar😂😈,11,0,False,False,1784426400
4SNThp0YiU4,UgypFFc9KWmN6DsrmJZ4AaABAg,root,@cindybeda8553,UCCKavu4u_vPrc1ajWHuJcvg,29:47 thee JUST FOR U is crazyy,1,0,False,False,1784422800
4SNThp0YiU4,UgxClvIYsrtFlUiFUx54AaABAg,root,@Thegr4etDane,UCpGNXaoU1ZRno1v9Kwbf04w,Welcome to Ronaldo pasta who ever is reading this,3,0,False,False,1784422800
4SNThp0YiU4,UgygIJVGzDPo7PfpwJZ4AaABAg,root,@amoo_you__deus_and_Jesus,UCdknjKznfun-qa_zl-VKkNQ,O enaldo,0,0,False,False,1784419200
4SNThp0YiU4,Ugxcch6q32af_4YfoZV4AaABAg,root,@Ivan9to5,UCnZGwSsF87RQwD0RoMJAIlQ,29:45 Ronaldo pasta,3,0,False,False,1784412000
4SNThp0YiU4,UgxpqiiiXmQoxyLdFQ14AaABAg,root,@YemsNrMain-123,UCWn6tReROzyi836HzkrrNeQ,Ronaldo pasta 😂😂😂,1,0,False,False,1784408400
4SNThp0YiU4,UgytsPgd68ZQUyv1X6R4AaABAg,root,@Pencilibility,UCoZmj_gbGBsJH98HAEis1Rg,29:40 RONALDO PASTA,1,0,False,False,1784408400
4SNThp0YiU4,UgzqkHJeTr0UyNwjzOp4AaABAg,root,@zinedradaacra3,UCtW3-ANYMBRVoX_JCyq1K1Q,29:46,2,0,False,False,1784408400
4SNThp0YiU4,UgwayQdcCCe-k6bFHWZ4AaABAg,root,@MassielAguilar-o9e,UCf6rDxThSV5USZhZIyXKGfQ,"Guys, do you saw Jaden animations there’s a video about and then she won. Oops sorry no spoilers.",0,0,False,False,1784404800
4SNThp0YiU4,UgxJGp8TD1MJA4tvPm54AaABAg,root,@mdnurnabihossain6002,UCPxdtlG100O4DRx9nZkBpXw,Plz help me 😢😢😢,0,0,False,False,1784394000
4SNThp0YiU4,Ugz_yOxQfNrXhY2rD1V4AaABAg,root,@KiLLaH5787,UCll81CtXWwKDBBUiXZXY-XQ,29:45,2,0,False,False,1784394000
4SNThp0YiU4,Ugxdrap1G84mZ9SmBA54AaABAg,root,@SaifAli-j5p1m,UCwhQ8Kh_Z-2BsbMGdE3Kxgw,Mujhe bhi bai banani hai video ap ke sath me beast,0,0,False,False,1784394000
4SNThp0YiU4,UgwzuLq4m9M-b-jcSFt4AaABAg,root,@goodolAdamwarlock13390,UCPIasy9GbmcmKorqg215Yyg,Yaaay jaiden won,0,0,False,False,1784394000
4SNThp0YiU4,UgwZErK52cYQHDFsTaR4AaABAg,root,@Ayvey_simps,UCRR5sUES_X36dPdMcEQyzAg,Ronaldo pasta,7,0,False,False,1784390400
4SNThp0YiU4,Ugzg6BzETUmVILsQTqh4AaABAg,root,@dhanashreetupe6498,UCsJZDHZ1_jnYjw0bCukkJxA,Carry minati 😂 kya Kara hi yaha,0,0,False,False,1784390400
4SNThp0YiU4,UgyrDlG4kVlt6jw6s_d4AaABAg,root,@sharonscapellato-n5i,UCleU2XDBioAsmSm_MBWvClQ,I only know rubius ❤❤ ahahhahaha,0,0,False,False,1784386800
4SNThp0YiU4,Ugx6BTRJIXyAWpFw0O14AaABAg,root,@WassanaDuangjai,UCRsPKe7gkpPqckKZkYX-ZhA,SPC😮,0,0,False,False,1784386800
4SNThp0YiU4,UgyspwlzOSlPzLzwl1F4AaABAg,root,@sontungvu4528,UCeRuAaV5iplVZireaMncgUg,boii Ronaldo pasta so ruff boiii 🥶✌️,6,0,False,False,1784386800
4SNThp0YiU4,Ugwv2Nmi_U-qFECcEhp4AaABAg,root,@davidouattara-t7u,UC2XkhW9irADw3Rp6Y6qKw1w,je veux participe,0,0,False,False,1784386800
4SNThp0YiU4,UgwmCKNqh6ZLc-j1vgV4AaABAg,root,@Andrejwieldakniño_0,UC4SQlvKZexdaitS20nUHDsw,Ronaldo pasta😂✌️,28,0,False,False,1784419200
4SNThp0YiU4,UgyFFG5D6L74G1G6a5V4AaABAg,root,@BDeBrun6741,UCnivob2Z7-lhftSf9Fuew6Q,ronaldo pasta,7,0,False,False,1784419200
4SNThp0YiU4,UgwbpqWZT5x2UnQGk2l4AaABAg,root,@RC7-h3p,UCKwsIO0I8mToZewo6nzdT6g,there's a mark robert bro🥀,1,0,False,False,1784419200
4SNThp0YiU4,UgyZdjX8iefHqK3uXw94AaABAg,root,@rakharamadhan6529,UCnaPE7U4S9Z3Xs46PFVhpxA,29:40 welcome to ph broder 😂,5,0,False,False,1784419200
4SNThp0YiU4,UgyYGGw20vRH-P33S0p4AaABAg,root,@azkrants,UCQ4bIgp2PTdifSahhd5cXSw,29:46 Ronaldo Pasta,6,0,False,False,1784419200
4SNThp0YiU4,Ugx5SPtrKnzIZazM3yx4AaABAg,root,@huynhmo2224,UCynJxShNpfeOYhJgKPzI1Cw,I don't know how they use the toilet.,0,0,False,False,1784419200
4SNThp0YiU4,UgzDKpRNPZsUqom_3hB4AaABAg,root,@GreekMapping122,UC6xT0XIWXK8-2JM3PPxMNzg,29:45,5,0,False,False,1784419200
4SNThp0YiU4,UgyLSQFdkRhC0zk0s_p4AaABAg,root,@DylanZaidZamudio,UC1tCR4dUWLjwEfOK3WHFV9A,Nick diovangi ☠️🔥🔥,1,0,False,False,1784419200
4SNThp0YiU4,UgyIw6I53ZnjJ7OpnHd4AaABAg,root,@f9justhim,UC7iiWv86x1BALW5UqoS7PhA,Sonnnn made ronaldo pasta 🤣😂😂🫱🫱🫱  29:46,10,0,False,False,1784419200
4SNThp0YiU4,UgxAZz7pcl_M6cOm7Gh4AaABAg,root,@SukhdeepSingh-mi2be,UCziG3jXRoN4eq651KbsymwQ,Mr Beast plz contact me help me brother 🙏,0,0,False,False,1784419200
4SNThp0YiU4,Ugz-tOOzJStclQuQ7st4AaABAg,root,@JohnTempMail,UCB7Sabn3ARkwuUW3aX8HLuA,bro this makes me feel so poor,0,0,False,False,1784419200
4SNThp0YiU4,UgzfWb_9AvIOEbhh3VZ4AaABAg,root,@AnchaleeSriwonhong-v5s,UCD_G4DM0djNFVTqTyZEISxQ,SPG,0,0,False,False,1784419200
4SNThp0YiU4,Ugx0uCGBoUyYhMm-tQN4AaABAg,root,@1of69,UCAbkbfu6hNIrCEXRQ4XRoUg,I feel like vanossGaming should have been there,0,0,False,False,1784419200
4SNThp0YiU4,UgyDsb1DuwUBBqVjdqp4AaABAg,root,@IDAthecat,UCgfM-5q_52OtLMGJrFVd6Mw,29:39 Ronaldo pasta,5,0,False,False,1784419200
4SNThp0YiU4,UgyTb8Dvc1Jtoi-84494AaABAg,root,@JinxyMedia0,UCXdVX1oyJAzYIuiKMlC4IXw,speed acting normal this video,0,0,False,False,1784419200
4SNThp0YiU4,Ugwlrx4YUcAmustWWX14AaABAg,root,@LuânVươngTV,UC_kjEK1DUkdmkEsUYsTI2cQ,That's amazing!,0,0,False,False,1784419200
4SNThp0YiU4,Ugxpr7YWWCznetGaj-B4AaABAg,root,@fairuzzanotegarrajwaalfadz742,UCIsmCTT50D422Q_jP6-OIIQ,welcome to Messi pasta,2,0,False,False,1784419200
4SNThp0YiU4,UgyQdFStZZfOrRjF-CB4AaABAg,root,@ichquan706,UCu2w7SvjQnW_zyvh6RQlTbw,29:40 welcome to ronaldo pasta boiii,2,0,False,False,1784419200
4SNThp0YiU4,UgwMJ2gFRfIjnicyV3l4AaABAg,root,@RandomlyMadeContentYT,UCZJHK3y_ME9M4ZEhTzNlO8A,Ronaldo Pasta Phonk,1,0,False,False,1784419200
4SNThp0YiU4,UgyRLDEhezoAZ4oJKv54AaABAg,root,@shalibubuman3012,UC2PRQqQpiVsyvKk2LxYGJLA,😂🎉😂🎉😂🎉🎉🎉😂🎉😂🎉🎉😂29:45 RONALDO PASTA BOIIIIIIIIIII,1,0,False,False,1784419200
4SNThp0YiU4,Ugz-i2Iiz1TxzVfGhhp4AaABAg,root,@VeraMelo-b7w,UCGAO7j-Uaipg91TSOjsQ6dA,Enaldinho e português,0,0,False,False,1784419200
4SNThp0YiU4,UgzcPTMEmlEIVFr4frh4AaABAg,root,@jollygoodshow-w2g,UCTLZbodUKIqQhTiR4nSMR0g,"29:45 ronaldo pasta, just for YOU",1,0,False,False,1784419200
4SNThp0YiU4,UgwqgO7hoJ957jEiJDd4AaABAg,root,@vintagetrs,UCDAfkj7boHuo513sjAMUBIA,Why does sketch keep lifting his eyebrows up and down,0,0,False,False,1784419200
4SNThp0YiU4,UgxY48yBE278ivBnqw94AaABAg,root,@CorneliousPlaceItNow,UC0nCdyOhuT-jNp1Qik6O7FA,29:45 Ronaldo pasta boiii 😂,3,0,False,False,1784419200
4SNThp0YiU4,UgxO8f8FP3kP61BERl94AaABAg,root,@staleybread5272,UCZMWrU-_D0dTxgB4oP6jFbQ,29:45 ronaldo pasta,2,0,False,False,1784419200
4SNThp0YiU4,Ugy1L9UHnPGoxlZXz8R4AaABAg,root,@ZarakKhan-m9m,UCe9nppEYOT6AJyCSwIXZCGQ,I show speed and Carry minate ❤❤❤,0,0,False,False,1784419200
4SNThp0YiU4,UgyzuhvgEPD4kPAlcSd4AaABAg,root,@Randomperson-u8s,UCs6mJxUOIVCpoSpJPaxijxw,Ronaldo pasta 🗣️🗣️🥶🥶,3,0,False,False,1784419200
4SNThp0YiU4,UgxUUtUDtQ2xpynvTtx4AaABAg,root,@tomwiltse9422,UC5KXzjLFNgGanG1wevq6nBg,Jaden animation I love you! 0:03,0,0,False,False,1784419200
4SNThp0YiU4,UgwdsFNjdwg7HLRcokN4AaABAg,root,@nahiermontenegro107,UCjfLlyHQBSrXPTIPi-lsjqA,What is the winner?,0,0,False,False,1784419200
4SNThp0YiU4,Ugy1tgf4u4A2kJlLHwR4AaABAg,root,@RayGamer157,UC8QNxK4wDs1EBh-1szmOoSQ,Ksi people that knows Kai   And beta squad,0,0,False,False,1784419200
9RhWXPcKBI8,UgxCCZzRQwMvvVTLo054AaABAg,root,@MrBeast,UCX6OQ3DkcsbYNE6H8uQQuVA,Subscribe for a chance to be in one of my future videos!,170000,25,False,True,1721433600
9RhWXPcKBI8,UgxCCZzRQwMvvVTLo054AaABAg.9yOUPEvi5eHA-1JMRMdjRh,UgxCCZzRQwMvvVTLo054AaABAg,@Afrawhengamer,UCFn106KiVb67X80sfedUo3g,sir give me chance,26,0,False,False,1721433600
9RhWXPcKBI8,UgxCCZzRQwMvvVTLo054AaABAg.9yOUPEvi5eHA-H7hAtVlzS,UgxCCZzRQwMvvVTLo054AaABAg,@Stormy32156,UCDzSgfSCV-6nk7D9Sc_ZP7g,Please me Jimmy,14,0,False,False,1721433600
9RhWXPcKBI8,UgxCCZzRQwMvvVTLo054AaABAg.9yOUPEvi5eH9yOUatHUtlo,UgxCCZzRQwMvvVTLo054AaABAg,@elianimalaction9387,UCPcWtSifaraM4VBYFmI2TCQ,Already done 👍😊,10,0,False,False,1721433600
9RhWXPcKBI8,UgxCCZzRQwMvvVTLo054AaABAg.9yOUPEvi5eH9yOUc4VI9Cz,UgxCCZzRQwMvvVTLo054AaABAg,@dareallobsidian,UCvpr4zt6l9O8uct2lXqceoQ,yessir,10,0,False,False,1721433600
9RhWXPcKBI8,UgxCCZzRQwMvvVTLo054AaABAg.9yOUPEvi5eH9yOUV_CYxt2,UgxCCZzRQwMvvVTLo054AaABAg,@kayboard3333,UCtltZhO1Tbo94fqILDHeLaA,get me on im british,9,0,False,False,1721433600
9RhWXPcKBI8,UgxCCZzRQwMvvVTLo054AaABAg.9yOUPEvi5eH9yOUbjm1S94,UgxCCZzRQwMvvVTLo054AaABAg,@PROT3RO,UCjn8YSTMEOfmsWBZXONpxhQ,Hola,9,0,False,False,1721433600
9RhWXPcKBI8,UgxCCZzRQwMvvVTLo054AaABAg.9yOUPEvi5eH9yOUWCjun78,UgxCCZzRQwMvvVTLo054AaABAg,@MDgames910,UCcyfQjtI7Lf583iyT2Ucg_A,Plz let me,8,0,False,False,1721433600
9RhWXPcKBI8,UgxCCZzRQwMvvVTLo054AaABAg.9yOUPEvi5eH9yOUWzt7ape,UgxCCZzRQwMvvVTLo054AaABAg,@D________ZORO________D,UCRW8bOemGhSDg9kepMsCPgQ,ME,7,0,False,False,1721433600
9RhWXPcKBI8,UgxCCZzRQwMvvVTLo054AaABAg.9yOUPEvi5eH9yOUXTqrv6k,UgxCCZzRQwMvvVTLo054AaABAg,@ToroROBLOX_GamerPlayGames10000,UCBxtNlvVEZlvZRxDvbZTZtw,Pin me,7,0,False,False,1721433600
9RhWXPcKBI8,UgxCCZzRQwMvvVTLo054AaABAg.9yOUPEvi5eH9yOUXK2Fu8x,UgxCCZzRQwMvvVTLo054AaABAg,@NetzarFlores,UCbiBzMjPH3gWkpI92VHPqEw,W,6,0,False,False,1721433600
9RhWXPcKBI8,UgxCCZzRQwMvvVTLo054AaABAg.9yOUPEvi5eH9yOUZdeq9QE,UgxCCZzRQwMvvVTLo054AaABAg,@RoutyMoura,UC8cv2iqImpuNi9S5IJU-YKA,Give me a cookie,6,0,False,False,1721433600
9RhWXPcKBI8,UgxCCZzRQwMvvVTLo054AaABAg.9yOUPEvi5eH9yOUZh9vnyD,UgxCCZzRQwMvvVTLo054AaABAg,@cdcdkw,UCF2HfuaCxTPU-w1jNXZy4dA,cool,6,0,False,False,1721433600
9RhWXPcKBI8,UgxCCZzRQwMvvVTLo054AaABAg.9yOUPEvi5eH9yOUpE2YYRW,UgxCCZzRQwMvvVTLo054AaABAg,@LAUTIFABRIKarl,UCQRtw_lNMs9vQ2R9wxBtHkQ,"Hello Mr beast Friend , My name is Fabricio From Perú 👍",30,0,False,False,1721433600
9RhWXPcKBI8,UgxCCZzRQwMvvVTLo054AaABAg.9yOUPEvi5eH9yOUVraghq7,UgxCCZzRQwMvvVTLo054AaABAg,@Andrew32100,UCBqdxqFWG5LSLygpIb2yPQA,Nopes,4,0,False,False,1721433600
9RhWXPcKBI8,UgxCCZzRQwMvvVTLo054AaABAg.9yOUPEvi5eH9yOUWdNH9mc,UgxCCZzRQwMvvVTLo054AaABAg,@chromeminx,UC0ourZFiuVFnT6A3dmfXRIQ,YES,4,0,False,False,1721433600
9RhWXPcKBI8,UgxCCZzRQwMvvVTLo054AaABAg.9yOUPEvi5eH9yOU_3WW69W,UgxCCZzRQwMvvVTLo054AaABAg,@santanaj4301,UCI8l2z-3phbeJejvWm7149A,Hopefully see you soon 👍😎,4,0,False,False,1721433600
9RhWXPcKBI8,UgxCCZzRQwMvvVTLo054AaABAg.9yOUPEvi5eH9yOUaPI2Sp5,UgxCCZzRQwMvvVTLo054AaABAg,@inmatepalpatine,UC9K_bUrf3WFl-oxbtoytF8A,Damn,4,0,False,False,1721433600
9RhWXPcKBI8,UgxCCZzRQwMvvVTLo054AaABAg.9yOUPEvi5eH9yOUcFAH0Fu,UgxCCZzRQwMvvVTLo054AaABAg,@HeartsForIzuku_.,UCoO5KY7JLOY_lEX8hxqB_1Q,W JIMMY,4,0,False,False,1721433600
9RhWXPcKBI8,UgxCCZzRQwMvvVTLo054AaABAg.9yOUPEvi5eH9yOUcRzUpSF,UgxCCZzRQwMvvVTLo054AaABAg,@leotttttt19845,UCppqnwWHtLkWoL-4KSrL94Q,como quieras,4,0,False,False,1721433600
9RhWXPcKBI8,UgxCCZzRQwMvvVTLo054AaABAg.9yOUPEvi5eH9yOUd89JLU4,UgxCCZzRQwMvvVTLo054AaABAg,@cxlxbfn,UClzMUKybge2CmE3DOngd0lQ,OK,4,0,False,False,1721433600
9RhWXPcKBI8,UgxCCZzRQwMvvVTLo054AaABAg.9yOUPEvi5eH9yOUd8ub6LD,UgxCCZzRQwMvvVTLo054AaABAg,@NotDeadlyRay,UC3k6Tpw10fxMEsGeQEm7bpg,Subscribed,4,0,False,False,1721433600
9RhWXPcKBI8,UgxCCZzRQwMvvVTLo054AaABAg.9yOUPEvi5eH9yOUei-AwjA,UgxCCZzRQwMvvVTLo054AaABAg,@cruelcrisis516,UCdss2hXr3Frm0z9GAyTfU_Q,lol,4,0,False,False,1721433600
9RhWXPcKBI8,UgxCCZzRQwMvvVTLo054AaABAg.9yOUPEvi5eH9yOUfCSE_DC,UgxCCZzRQwMvvVTLo054AaABAg,@VivSoccer,UCHFrT4mXYDYdnwXFkSXs2iQ,Ong,4,0,False,False,1721433600
9RhWXPcKBI8,UgxCCZzRQwMvvVTLo054AaABAg.9yOUPEvi5eH9yOUfPj-jC3,UgxCCZzRQwMvvVTLo054AaABAg,@Puffy_4,UC6kJM_QYOnsIo4FBhj-JGcA,Ok bet,4,0,False,False,1721433600
9RhWXPcKBI8,UgxCCZzRQwMvvVTLo054AaABAg.9yOUPEvi5eH9yOUfSFZ78Q,UgxCCZzRQwMvvVTLo054AaABAg,@Renuka_Raman,UCGsVGOR839hS7lDzUKLq-Gw,Subscribed 4 years ago,4,0,False,False,1721433600
9RhWXPcKBI8,UgxgGhxcoctv3sD2Kmd4AaABAg,root,@XyzXyz-p8r,UC19zERyaPmXDrbTm_NDOsLQ,Sir.muje.1.ghar.chahiye.meri.madat.karo.,0,0,False,False,1784468460
9RhWXPcKBI8,UgxvIPaDl3LQHX9BWs94AaABAg,root,@XyzXyz-p8r,UC19zERyaPmXDrbTm_NDOsLQ,Mr.beast.meri.madat.karo.,0,0,False,False,1784468340
9RhWXPcKBI8,UgzDuhnYQ-UVXIHmJ4d4AaABAg,root,@XyzXyz-p8r,UC19zERyaPmXDrbTm_NDOsLQ,Mr.beast.muje.bhi.aana.he.video.may,0,0,False,False,1784468340
9RhWXPcKBI8,Ugw0rcRi6MFBi2zjmJp4AaABAg,root,@SanwalThaheem-z7j,UCCcL3PlelJALBkBn-HRLPjQ,Hello Mr Beast .. 😊 My Name Is Sanwal I live in Pakistan Please You Invite Me And Give me a simple challenge 💯🫰🏻,0,0,False,False,1784462400
9RhWXPcKBI8,UgwXN4AFpDUfINVgQCh4AaABAg,root,@FawnParker-t8v,UCzfrHW9wznuxJ3ivY1Z8-AQ,Susie woke up with her boyfriend,1,0,False,False,1784451600
9RhWXPcKBI8,UgysVA6chUajuWafi7Z4AaABAg,root,@Wanning8492,UC2ke5RzSO-kRhI7ohRSWOgw,EWW! EWW! EWW! IT'S A BUG!🤢,0,0,False,False,1784444400
9RhWXPcKBI8,UgxmrplOTgbfZjK4jjh4AaABAg,root,@Wanning8492,UC2ke5RzSO-kRhI7ohRSWOgw,22✌✌😝🤪🤪😝😝😜😜,0,0,False,False,1784444400
9RhWXPcKBI8,Ugzq8SEpHNt_syRQWyp4AaABAg,root,@MarkAndry-g1y,UCQ04ZR10O66qNz9iP-rQs8Q,"☘Islam is the final religion revealed by God to guide humanity. It is the faith that God has chosen for all people until the end of time. God sent Prophet Muhammad (peace be upon him) as the last of all prophets and messengers, and no prophet will come after him.

The Holy Qur'an is the word of God, revealed to Prophet Muhammad (peace be upon him). It is the final divine scripture, preserved from alteration, guiding people to truth, righteousness, the worship of God alone, justice, mercy, and good moral character.

God says:

«“Muhammad is not the father of any of your men, but he is the Messenger of Allah and the Seal of the Prophets.” (Qur'an 33:40)»

And He also says:

«“Indeed, the religion in the sight of Allah is Islam.” (Qur'an 3:19)»",0,0,False,False,1784415600
9RhWXPcKBI8,UgxlX04penJRAvxRfTd4AaABAg,root,@Levi-b4b4o,UC6ugI7doEKPOIrMJ2Prdx4Q,"I just realized bailey was also in the “Pass 12 grades, win 10K” video",0,0,False,False,1784404800
9RhWXPcKBI8,UgxXkY4wV3fipySCJgd4AaABAg,root,@MdKamrul-vw7cv,UCccJn_Z_9Vqdj_clNtaLDAA,Can you give me a challenge that I can do? I'm very poor.,0,0,False,False,1784401200
9RhWXPcKBI8,UgxKnuHzlrFLwmTxbfF4AaABAg,root,@srujaygajbhiye2331,UCW0juIWw-AwqiRNJeLEm6wQ,Brother you didn't give a to perform a task to you're indian subscriber if you read this comment jimmy plz give a indian subscriber to perform a task and win some amount @MrBeast,1,0,False,False,1784394000
9RhWXPcKBI8,UgwICauNX9cGgPuWeRB4AaABAg,root,@sophiarizwan-z4z,UCG9KlQ9OOZEEyJ_n__7ttxA,they out smarted mrbeast with the tv lol,0,0,False,False,1784390400
9RhWXPcKBI8,UgzwL_FiNTJy0HqliTB4AaABAg,root,@afifajarin5428,UCjAeMKsmiMszXOwK8MA-GDg,Nice idea,0,0,False,False,1784390400
9RhWXPcKBI8,Ugyf__BGi9eVbj4JTft4AaABAg,root,@AlghiFahri-c3l,UCOGvr8PND01JLn35mkA9BPw,kongtol,0,0,False,False,1784419200
9RhWXPcKBI8,UgzX75bzounNtjMmCYl4AaABAg,root,@9Jay7,UCNo6Tz9B6M078eILugXicxw,No to everything but yes to $10k Harry potter books is diabolical,0,0,False,False,1784419200
9RhWXPcKBI8,UgyzNBC6n77ogjuo8fx4AaABAg,root,@govindyt-1,UCerAaWDNs1_9mIexT_kPSMQ,I struggle whole my life no enjoyment my lovely how can I do the same with,0,0,False,False,1784419200
9RhWXPcKBI8,Ugxz3PmrZT2HGcuT2VR4AaABAg,root,@RdRiyad-q9o1w,UCFrmDHmHKyd3VW-2w_lrj0Q,Im from Bangladesh some challenge give me pls,0,0,False,False,1784419200
9RhWXPcKBI8,UgxWdzk4RPkdhdYBio14AaABAg,root,@Maple9mm,UCcNl1XWnXcImqgTmEiIi_og,They should marry atp lol,0,0,False,False,1784332800
9RhWXPcKBI8,UgzwskbCZgD4Mq_xBdd4AaABAg,root,@MirHamza-v7m8v,UCfPyBiRLXSgMUdQx-YHpgZQ,Spot myid,0,0,False,False,1784332800
9RhWXPcKBI8,UgxVH-IvKpIqWq2OuXl4AaABAg,root,@KARIMNATIELI-j1h,UComMZOSaY_6vaI9TFlt5dWA,I LOVE YOU FROM AFRICA,1,0,False,False,1784332800
9RhWXPcKBI8,UgwzffjHEwUv2tyV8614AaABAg,root,@Futurecore_yt,UCCo9AmBOJhcue_ud8GsxCAg,😂😂😂,0,0,False,False,1784332800
9RhWXPcKBI8,UgzCdx5Y4_I_DZyHyfd4AaABAg,root,@SundasNasr,UCT9hU5fwecJCMKm4RCjy7zw,Ye ek lrki hai jo hlpe kr rhi hai,0,0,False,False,1784246400
9RhWXPcKBI8,Ugy3fnVvoOi18vSFtU94AaABAg,root,@AndersonMoreno-u2m,UCS8GS3x20rOELxb3gbuv1Eg,MrBeast me gustaria tener la oportunidad de paticipar en un reto de esta clase,0,0,False,False,1784246400
9RhWXPcKBI8,Ugy1xbAAZayW0A5FyAx4AaABAg,root,@kittitriwijitkasem6287,UCXNlNjECTGC4aB_yoDbuIdg,can you make  video with snail,0,0,False,False,1784246400
9RhWXPcKBI8,UgzghxJVGt2BcM9WhQ94AaABAg,root,@bloxanStorm-c5l,UCdcicN2WHyTwPG6b6ZlPJrw,Wonder what they were doing when the electricity was off🤔,0,0,False,False,1784246400
9RhWXPcKBI8,UgwMQ4mDBGYgD8qPout4AaABAg,root,@AlizRuiz-x7p,UC-VUKHs-lFiasHkOVGCkafA,Gio youre my friend love to meet you but live in mexico congratulations you deserve it love you gio,0,0,False,False,1784246400
9RhWXPcKBI8,UgwpI7FD61wQ5IbFzXN4AaABAg,root,@KarinaSolano-g2b,UCAt-JZ5TlVeYBxMmiBFzgKQ,Ooooo😮😮😮😮😮,0,0,False,False,1784246400
9RhWXPcKBI8,UgwTEHEsjG_54w67O8h4AaABAg,root,@angel-dl8wv,UCTABCq54kwvEHGDolo7mJNA,Who is the black dress woman?,0,0,False,False,1784160000
9RhWXPcKBI8,UgyrZlYmWiTM2hmiYfB4AaABAg,root,@KingkhanKingkhan-b5x,UCHgm34fvulW3mhxDnqPLJdQ,Give a chance bro,1,0,False,False,1784160000
9RhWXPcKBI8,UgzBn0i9gdFbuDQCotB4AaABAg,root,@mdjunaid8582,UC8GBT2Kf923TwOqyCk72-Mg,টাকা  দরকার,0,0,False,False,1784160000
9RhWXPcKBI8,Ugxm4STWBWu_vqmxxjx4AaABAg,root,@SantoshPraise,UCkxR-SJYLM7D7aEIExs4Qaw,"Hello Mr Beast
I have been following you and watching your amazing videos.
I don’t have much dare to write this but it is really very important for me to write to you for sponsorship for my school. I have have a dream to to start a school and for the same I need financial support for the establishment. I have been working as School Principal for many year now I want to start a school on my own.
Seeking support from you. 
I have uploaded some school videos in my YouTube channel.
Thank you. Looking forward for your reply.",0,0,False,False,1784160000
9RhWXPcKBI8,UgyVfdCYr6NXqSNIrqF4AaABAg,root,@canalallimite,UC2j072OJA3IA_AjG4K861Eg,"Hola soy de argentina y quiero participar en algún juego, como hago gracias !!❤😂😢😮😅😅😊😊❤❤",0,0,False,False,1784160000
9RhWXPcKBI8,UgzNj3Bo4wkU-QQO2j54AaABAg,root,@crimsonprince5808,UCPBSxn-TvM0J2dBD4PoFiMg,Only og’s remember Bailey worked for Mrbeast,0,0,False,False,1784073600
9RhWXPcKBI8,UgwwO3OQyEk5irwGKWp4AaABAg,root,@Night-q7z1z,UCEr8gqxy0Y8maXVdzjAlmeQ,12:35 ТОНИ СТАРК СОБРАЛ МИНИ РЕАКТОР СИДЯ В ЯМЕ ИЗ МЕТАЛОЛОМА,0,0,False,False,1784073600
9RhWXPcKBI8,UgzsJAOygLNLbQIS1jB4AaABAg,root,@FAITHGAMER-PLAYZ,UC68JaAiV9fY8TeRtFp6vOTA,Love 💕 from Pakistan IAM zalmi Bhai fan,0,0,False,False,1784073600
9RhWXPcKBI8,UgxHs1Ap0ieJ6rh_K6d4AaABAg,root,@Energy_9820,UCBjRddMJ57Xw1UlTYjyVNog,Dlaczego nie było pokazane ostatniego wyboru? Czyżby coś przed nami ukrył? Bo mam wrażenie że jednak się nie podzielili,0,0,False,False,1784073600
9RhWXPcKBI8,UgxZ7sXOpFfaedVe0gN4AaABAg,root,@ZeynepGezer-n1k,UC9cDseJMbwjabpIHTtWOraA,"I'd be honored to be in the next game, jimmyyy",0,0,False,False,1784073600
9RhWXPcKBI8,UgxEvLN_dnR33NBc4Rd4AaABAg,root,@EarickMashli,UCX0B8LT3HqrIdzi_TPrsEpA,Mujhi bhi,0,0,False,False,1784073600
9RhWXPcKBI8,UgxBb0Nzqdm3CweMVAh4AaABAg,root,@sridharsridhar5285,UCUyOM64vbCkdxFc1_28HY4A,I am india,0,0,False,False,1784073600
9RhWXPcKBI8,UgyPTAj1WZ1vfhQ3C0l4AaABAg,root,@ItzAbhiiYT,UCAnDn5UqsFWHzAM96DHzmow,5:17 karl throwing the food like that really killed me :(,0,0,False,False,1783987200
9RhWXPcKBI8,UgyqultioXfuiMJcQx14AaABAg,root,@MarkGreco-t8b,UC10FQ07RdayY0fyTdNOS13g,They are a couple figure it out,0,0,False,False,1783987200
9RhWXPcKBI8,UgxvdoLKzvQ-0zlsCgZ4AaABAg,root,@waannoiizy3307,UClP6KjJ7IZj4W9KzQ7yoMgA,ชอบผู้หญิงน่ารักดี ตามมาจากที่อยู่กับแฟนเก่า❤,0,0,False,False,1783987200
9RhWXPcKBI8,Ugywi0rnSyQpBpZi9Eh4AaABAg,root,@ghostgopal.007,UCf6n6bKfnvBBRukCmR5pTQQ,Hey @MrBeast all your videos are amazing! but the moment your guys threw away the food with the table was not nice…please don‘t do this anymore. thank you,0,0,False,False,1783987200
9RhWXPcKBI8,Ugz5OuP5XiiA7rnq-vN4AaABAg,root,@CobraKai-474,UC-VLuw5wG355Kpxt12jsU5g,Chandler in the final?,0,0,False,False,1783987200
9RhWXPcKBI8,Ugz-5vjZtnMe2_ETu6J4AaABAg,root,@CGTRAVELINDIA36,UC3UAWaaqH48Fy0Eorti2ERw,"My name is brijmohan 
I am from India (एशिया) i accept your challenge",0,0,False,False,1783900800
9RhWXPcKBI8,Ugw1UzoiXtkDPELg5TR4AaABAg,root,@Surajdancer99k,UCGKltXM42QkEqqOy1wT52rA,Hamara ID promotion kar diya aapka video dekhta hun aur video per like karta hun aapka fan hun❤,0,0,False,False,1783900800
9RhWXPcKBI8,UgwgcH3B-ilWzNLwMBV4AaABAg,root,@ShikariSuman,UC9smw9YC2V544VVfAl91HLw,Bahut badhiya video hai bhai,0,0,False,False,1783900800
9RhWXPcKBI8,Ugw3_VHc7GeizO2-cfZ4AaABAg,root,@armaansinghmaan740,UCMDL3Dv79EV2xr5cJH9AYpg,"If they dose'nt have their mobile 
So i can't live  their 😂😂😂",0,0,False,False,1783900800
9RhWXPcKBI8,Ugz7FIhJ-IdLGtcePFB4AaABAg,root,@MimiHobi-r8v,UCJ5NATjbOFmcpS5NIUHuIwA,انت افضل يوتيوبر شفته في حياتي,0,0,False,False,1783900800
9RhWXPcKBI8,UgwAnLUiNXvNLAC64g94AaABAg,root,@sandhya.129,UCJhCiENsnz2Ijnk3B0xWQIQ,I want Mrbeast,0,0,False,False,1783900800
9RhWXPcKBI8,Ugyecn7nljNT-FFIWZx4AaABAg,root,@Stbrown-z6l,UC2ou7TyR54INTJsPjFBinUQ,How does she know what time it is when Bailey was flashing lights,0,0,False,False,1783900800
9RhWXPcKBI8,UgwQrm7WjWAJ49iUHsV4AaABAg,root,@Kaeya.alberich.s,UCnMjhryD_plZlwSL0F-hj8Q,"Tu pourra jamais réussir mon feu...je suis en France , je suis loin de ma famille et mon papa vient de mourir... Mais je me sent pas ok de pleurer car je doit encore avoir un apparu avec les meubles et tout... j'ai un appart et très peu de meuble...franchement je suis pathétique",0,0,False,False,1783900800
9RhWXPcKBI8,UgzjAOF1WYRDk6Nem094AaABAg,root,@russellkukhahn,UCxpFFbHeDFkGBUFTKWdKGgA,Dude I’m a newly subscribed fan that just started binge watching your videos I wanna participate 🎉🎉🎉🎉🎉🎉🎉🎉😂🎉🎉,0,0,False,False,1783900800
9RhWXPcKBI8,UgxGFIBlnlYbFytgSBl4AaABAg,root,@Allysya-z2i,UCIUWGyzbD4PsVq9_Nl6GXXQ,Assalamualaikum warahmatullahi aku subscribe,0,0,False,False,1783900800
9RhWXPcKBI8,UgyXL4GVUjy5XTNKGAx4AaABAg,root,@Yomiblack07,UCIWHx-GHE__CDHABBzjJ8ng,Pakistan zindabad,0,0,False,False,1783900800
9RhWXPcKBI8,UgyjxYWo-lLvJNqY_4x4AaABAg,root,@mingjie1765,UCsllr4Pz9HfRqykyjG2fcSQ,"well, if someone left in the first hour, the video would only be 1 min",0,0,False,False,1783814400
9RhWXPcKBI8,UgxbUU65Fd7GMn8Q1bJ4AaABAg,root,@UttamHalder-b9v5j,UCJWeUVYWEbEHJj4DS4RXh1g,😮😮😮😮😮😮😮😮😮😮😮,0,0,False,False,1783814400
9RhWXPcKBI8,UgxxMY6JKb6JgXILN5R4AaABAg,root,@GyrtkgVdkedkrt,UC8li5-NCiMSQN0pKGFe1k7Q,মিস্টার বিন তুমি আমাকে একটা স্যামসাম মোবাইল দাও তোমার ভিডিও আমি দেখি বাংলাদেশের থেকে,0,0,False,False,1783814400
9RhWXPcKBI8,UgyQDuv9l-pQuFciB6V4AaABAg,root,@ulimüller-e8o,UCC-P1sXZoOGAjepBlfWkjxA,",,Technical I Had spended Money‘‘ 😂",0,0,False,False,1783814400
9RhWXPcKBI8,UgxxBTOaaMQ1VnmwOkF4AaABAg,root,@ulimüller-e8o,UCC-P1sXZoOGAjepBlfWkjxA,"Please, BUT I‘m Germany. It‘s Not so good, I know.",0,0,False,False,1783814400
9RhWXPcKBI8,Ugxvn8aVEk4hntkV8sh4AaABAg,root,@faizanfaizankhan562,UCHQ62iIvVmiylvK4h9Zj7fg,Love from Pakistan @ zalmi,0,0,False,False,1783814400
9RhWXPcKBI8,UgxbxoU-GGT8csMkWsR4AaABAg,root,@poonamsaini9867,UCy1yZ3EFev5Egz_yHaHi3BA,Jab main ggogle pay use krungi tab me jrur mr. Beast ki members ship join krungi I'm the biggest fan of Mr. Beast . I'm a house .but daily watch mr. Beast videos and hope ki 1 din mr. Beast se jrur milungi . It's my biggest dream .,0,0,False,False,1783814400
9RhWXPcKBI8,UgyzecGhmmoTUpNq-Pp4AaABAg,root,@vaidhaikadu9133,UCcyf6GQ3QnrljAz5RStq1XQ,mr beast i want to come in your      vedeo,0,0,False,False,1783814400
9RhWXPcKBI8,UgyYBHxMXsOMeFqJ1kR4AaABAg,root,@marzanmallick6569,UCDXJOkfycN6vweicBoSpkXA,Ami ahyi raam calnge kelte cahi,0,0,False,False,1783814400
9RhWXPcKBI8,UgyZHcrN_cONC7mS2nJ4AaABAg,root,@madouxifb1r,UCjRTqMwL1xGXvwvTfvMxNFA,12:34,0,0,False,False,1783814400
9RhWXPcKBI8,UgyWiuEIPdmPcLgQnZV4AaABAg,root,@manhtuan7145,UCTsgcAeWWTpuSfLhJ0At4fg,"Quá đơn giản , 360 ngày vẫn ở được .",0,0,False,False,1783814400
9RhWXPcKBI8,Ugw-ESHDkb23hYGUOM94AaABAg,root,@Amirleez,UCxo0phlwckG0Hhr5jTscCdQ,You could honestly do this challenge over and over with different people and I'd continue to watch them all!,1,0,False,False,1783814400
9RhWXPcKBI8,UgwJvoVGWIb1_3ajxBl4AaABAg,root,@IzziaFrancoPimentel,UC8yZDO4hkyBl1OOVQLGtmTg,"Seus vídeos são muito legais, mas, por favor, PAREM DE DESPERDIÇAR TANTA COMIDA! Vocês desperdiçam demais, é sério😣",0,0,False,False,1783814400
9RhWXPcKBI8,UgyqKylE4oDoEXW0ejF4AaABAg,root,@nyachimangenda5117,UCoNQ6NZ_PLIAo-u1tShLccg,Being trapped or locked in the house for even just a few hours....I can't breathe because that's my biggest fear,0,0,False,False,1783728000
9RhWXPcKBI8,UgzsEoD_eeovaVU7vfB4AaABAg,root,@SonuTailor-x1q,UCADerrLBx5T_RaXxMTiTYmQ,Kreece  Girl???,0,0,False,False,1783728000
9RhWXPcKBI8,UgynxnUVCLTrEbBwzRt4AaABAg,root,@DelhaFatiha,UCijT6fn7UhU-uBg1KteSpXQ,OMG,0,0,False,False,1783728000
9RhWXPcKBI8,Ugw6CJkM8lW3ILNVKbR4AaABAg,root,@MaAnnabelleStaMaria,UCwL1SVWJe54E6eWy5EQDMUQ,Who is waching in 2026?,0,0,False,False,1783728000
9RhWXPcKBI8,Ugw3QGMYh8TgYVluZ9h4AaABAg,root,@SujonIslam-d5v,UCKfVxtM-8lhUUcqGAhyC3JA,আমি পারবো,0,0,False,False,1783728000
9RhWXPcKBI8,Ugy28VHm2R6JaMllM4B4AaABAg,root,@AlishaKhan-h2h,UCfCi4psb0hKSUZD7pg4jLZw,Please help me Jimmy,0,0,False,False,1783728000
krsBRQbOPQ4,UgwYCqS6fjLz2BU-iot4AaABAg,root,@MrBeast,UCX6OQ3DkcsbYNE6H8uQQuVA,I hope you all enjoy how much we’ve been leveling up the videos :D,98000,25,False,True,1721433600
krsBRQbOPQ4,UgwYCqS6fjLz2BU-iot4AaABAg.A-6YLj0JN7ZA-6fCfOK_46,UgwYCqS6fjLz2BU-iot4AaABAg,@DavidStereYT,UCU0FTIhSM223bVtJnxk3TNg,Esto es épico realmente arrullo,12,0,False,False,1721433600
krsBRQbOPQ4,UgwYCqS6fjLz2BU-iot4AaABAg.A-6YLj0JN7ZA-6e3TrimzM,UgwYCqS6fjLz2BU-iot4AaABAg,@Ejenzas,UCKVFhwpoDDKNU4sjVQ4r_eA,Hello mr beast,7,0,False,False,1721433600
krsBRQbOPQ4,UgwYCqS6fjLz2BU-iot4AaABAg.A-6YLj0JN7ZA-6hytRJIB6,UgwYCqS6fjLz2BU-iot4AaABAg,@jamesvalentin,UCQhfxcQC3kQZrXv0a8cqHvg,wher is chanler,6,0,False,False,1721433600
krsBRQbOPQ4,UgwYCqS6fjLz2BU-iot4AaABAg.A-6YLj0JN7ZA-6iOYkaqjT,UgwYCqS6fjLz2BU-iot4AaABAg,@zohxrr,UCZqucd8nzF4eNhHRBqNtiTA,Where's my cookie 😭,6,0,False,False,1721433600
krsBRQbOPQ4,UgwYCqS6fjLz2BU-iot4AaABAg.A-6YLj0JN7ZA-6fMtvh9LP,UgwYCqS6fjLz2BU-iot4AaABAg,@Vishakhskingdom,UCKRU1V4io1wzIlDNlSscE-w,My first time replying to you comment,5,0,False,False,1721433600
krsBRQbOPQ4,UgwYCqS6fjLz2BU-iot4AaABAg.A-6YLj0JN7ZA-6g9kFJvuS,UgwYCqS6fjLz2BU-iot4AaABAg,@DEEGUS448,UCmNSb1CMkyw-pT4k3U_rP_Q,Hell yeah!,5,0,False,False,1721433600
krsBRQbOPQ4,UgwYCqS6fjLz2BU-iot4AaABAg.A-6YLj0JN7ZA-6ic1mzfLJ,UgwYCqS6fjLz2BU-iot4AaABAg,@yooooooo-200,UC1Hf4S2vMMX1ce44u3ybt1Q,To nise,5,0,False,False,1721433600
krsBRQbOPQ4,UgwYCqS6fjLz2BU-iot4AaABAg.A-6YLj0JN7ZA-6jJvWrpJm,UgwYCqS6fjLz2BU-iot4AaABAg,@Argumentto,UCuLxPXJf2lDE3HeaB_sJAQw,Less goo,5,0,False,False,1721433600
krsBRQbOPQ4,UgwYCqS6fjLz2BU-iot4AaABAg.A-6YLj0JN7ZA-6dwETuO14,UgwYCqS6fjLz2BU-iot4AaABAg,@jeffthegod_,UCEv_hUjDVFo2HRb1IiTyPkQ,bro its literally so insane that yall have a literally high-end tv production team,25,0,False,False,1721433600
krsBRQbOPQ4,UgwYCqS6fjLz2BU-iot4AaABAg.A-6YLj0JN7ZA-6ksWapUyL,UgwYCqS6fjLz2BU-iot4AaABAg,@sergioalejandrocr7cruzfarf686,UCVBo7-Zs676jkXzSaXFRC7A,Bro este tipo es el mejor,23,0,False,False,1721433600
krsBRQbOPQ4,UgwYCqS6fjLz2BU-iot4AaABAg.A-6YLj0JN7ZA-7SAjIjpRl,UgwYCqS6fjLz2BU-iot4AaABAg,@KrystelmailenSauzasandoval,UCceeETc0nOaFKhdDaoX5hlw,Has otro con la voz de Fede Vigevani ❤,22,0,False,False,1721433600
krsBRQbOPQ4,UgwYCqS6fjLz2BU-iot4AaABAg.A-6YLj0JN7ZA-6jjBOhyMl,UgwYCqS6fjLz2BU-iot4AaABAg,@Orion_Anims,UCewzb_MmgVbqj1vVEubGGrw,Yooo,2,0,False,False,1721433600
krsBRQbOPQ4,UgwYCqS6fjLz2BU-iot4AaABAg.A-6YLj0JN7ZA-6kiiey_WQ,UgwYCqS6fjLz2BU-iot4AaABAg,@history-mappedout,UC3LVsBVhV5fcNKeiWrX5dDA,space milk,2,0,False,False,1721433600
krsBRQbOPQ4,UgwYCqS6fjLz2BU-iot4AaABAg.A-6YLj0JN7ZA-6l77sCdBD,UgwYCqS6fjLz2BU-iot4AaABAg,@Matuli_2010,UCVrEk3oKJWr6NCQEG1Ia90g,thanks for visiting in finland,2,0,False,False,1721433600
krsBRQbOPQ4,UgwYCqS6fjLz2BU-iot4AaABAg.A-6YLj0JN7ZA-6l8RIFx5e,UgwYCqS6fjLz2BU-iot4AaABAg,@ดีครับดีครับ-ฒ3ฆ,UCONWD2lIpV0CeU7G9nNWyVA,Ok,2,0,False,False,1721433600
krsBRQbOPQ4,UgwYCqS6fjLz2BU-iot4AaABAg.A-6YLj0JN7ZA-6lqM2kV-Q,UgwYCqS6fjLz2BU-iot4AaABAg,@ninjad739,UCJIilALKejPRvxoq9Krml0A,Yes we do,2,0,False,False,1721433600
krsBRQbOPQ4,UgwYCqS6fjLz2BU-iot4AaABAg.A-6YLj0JN7ZA-6m1fhA0R1,UgwYCqS6fjLz2BU-iot4AaABAg,@pizzacommenter,UCUyn0VeltYZODrooCS9fkfQ,yooooooo😱,2,0,False,False,1721433600
krsBRQbOPQ4,UgwYCqS6fjLz2BU-iot4AaABAg.A-6YLj0JN7ZA-6mMFHdtF3,UgwYCqS6fjLz2BU-iot4AaABAg,@Yassinerouimi,UCgBeF8uuG-rxZEz4ZvXF2fw,Ok,2,0,False,False,1721433600
krsBRQbOPQ4,UgwYCqS6fjLz2BU-iot4AaABAg.A-6YLj0JN7ZA-6mZzV2Ov4,UgwYCqS6fjLz2BU-iot4AaABAg,@ManFace63,UC3_DZPJ0_1T0gQC2art_Hqg,Mr beast go to space,2,0,False,False,1721433600
krsBRQbOPQ4,UgwYCqS6fjLz2BU-iot4AaABAg.A-6YLj0JN7ZA-6mdOIZPuR,UgwYCqS6fjLz2BU-iot4AaABAg,@Tripplemorph,UCgpFNC57CC5JNToMBdFcZFA,w,2,0,False,False,1721433600
krsBRQbOPQ4,UgwYCqS6fjLz2BU-iot4AaABAg.A-6YLj0JN7ZA-LwO8fz7gk,UgwYCqS6fjLz2BU-iot4AaABAg,@luisacaamano,UCG0gbSukxCsVOvXOceGa8AA,MANUEL,2,0,False,False,1721433600
krsBRQbOPQ4,UgwYCqS6fjLz2BU-iot4AaABAg.A-6YLj0JN7ZA-6mWyj4gDi,UgwYCqS6fjLz2BU-iot4AaABAg,@mahmoudalobaid2152,UC454qoJvJoTciWa0iBrONoQ,My favorite islands 🏖️🏝️ are the 150M$ island and the 200M$ one,1,0,False,False,1721433600
krsBRQbOPQ4,UgwYCqS6fjLz2BU-iot4AaABAg.A-6YLj0JN7ZA-6nAfPEu2d,UgwYCqS6fjLz2BU-iot4AaABAg,@ІлляЩербаченко,UCygEmf5dsGUbvG7it-_olJQ,😊😊😊😊😊😊😊😊😊😊😊😊😊😊😊😊😊😊😊😊😊😊,1,0,False,False,1721433600
krsBRQbOPQ4,UgwYCqS6fjLz2BU-iot4AaABAg.A-6YLj0JN7ZA-6pywla62d,UgwYCqS6fjLz2BU-iot4AaABAg,@user-zz2md6ml3l,UCdaAAeV51UyEcewnY3epk5Q,Да окей,1,0,False,False,1721433600
krsBRQbOPQ4,UgwYCqS6fjLz2BU-iot4AaABAg.A-6YLj0JN7ZA-6rgqEly_u,UgwYCqS6fjLz2BU-iot4AaABAg,@RJVilbar,UC--sv8SkHp8h4FIK8NRl2mw,That’s pretty awesome!👏👏👏,1,0,False,False,1721433600
krsBRQbOPQ4,Ugy-1Y6PE3DHPxEWY994AaABAg,root,@MonicaSantos-v4b,UCuvtF87nqI_bTOK4CkSE9yA,👏👏👏👏👏👏👍👍💯💯💯,1,0,False,False,1784466000
krsBRQbOPQ4,UgzVmfhTdsGLnzZhUE54AaABAg,root,@AarifGouri-s8d,UCbefN_4r1NtoTupDbtCKzsQ,𝗖𝗼𝗺𝗲 𝘁𝗼 𝗶𝗻𝗱𝗶𝘆𝗮 𝗺𝗿 beast🎉❤❤,0,0,False,False,1784462400
krsBRQbOPQ4,Ugwi2hkUh-NemsbsGl54AaABAg,root,@Yvon-legoat,UCMe4Csqp3FW7OqVZi-PQr4w,Do a vidéo where you visit Madagascar,1,0,False,False,1784462400
krsBRQbOPQ4,Ugyck679qJOYiMlOwNB4AaABAg,root,@NasheNhira-s2r,UCW8w0J0oMRi5tnPpuLDG5uw,Jimmy is the best,0,0,False,False,1784462400
krsBRQbOPQ4,Ugwqolo-esmFBooHWM54AaABAg,root,@SSJranks,UCCvDYFPLTOgDsZjjreS1WfQ,Beast island😂,0,0,False,False,1784458800
krsBRQbOPQ4,UgxX068G0ZF7K1PHkuJ4AaABAg,root,@shimantosutradhar-i7w,UCFzWG8dlUrWeLk6MtZO1JXQ,"*""I watch your videos all the time. My mom is sick and I really need some money.""*😭😭",0,0,False,False,1784451600
krsBRQbOPQ4,UgzQCa65Ouek9Y4F3G94AaABAg,root,@evillarryhehea,UCm4YVJhsvNrlnEQBjqJpMIg,bro cen you go in pilipines in  laguna victorya,0,0,False,False,1784451600
krsBRQbOPQ4,UgzbUdpMDD8XQuEtxah4AaABAg,root,@sameerkharuse210,UCg-FqDSOWFvLfeParx3UdGA,"""One video... millions entertained. That's why MrBeast stays on top.""",0,0,False,False,1784444400
krsBRQbOPQ4,UgxwH2Jbvfyya2IGFOR4AaABAg,root,@SitaParmar-n3o,UCuQn9T8nRnczYu2DWFJ7v9A,Bahot acha video hai ❤❤❤,0,0,False,False,1784444400
krsBRQbOPQ4,UgzFzSkrT7RCaFzfMWR4AaABAg,root,@RuanaFerreira-f2f,UC0HKQJUFtmvwJriWOnUCQgw,🇧🇷🇧🇷,0,0,False,False,1784437200
krsBRQbOPQ4,Ugw0_I-ZckmjPW-RBbd4AaABAg,root,@andreazufia343,UCXPIFsvUKo9OsiQJt_CkWaQ,Stumble Guys,0,0,False,False,1784430000
krsBRQbOPQ4,UgxWdeww0P591WWhMH54AaABAg,root,@Pokémonripper-x9b,UC8B0GpmvyWTyRzdwMj72OkQ,The way Carl laugh 3:35,0,0,False,False,1784422800
krsBRQbOPQ4,Ugz3l10PZ4EUy56mq4h4AaABAg,root,@CristinaRosas-w1f,UCkkMXL-Z8bQDXcmvoGGSNtg,Sí sí me está el viso es mi lonario puede comprar una casa de 1000 millones de dólares,0,0,False,False,1784419200
krsBRQbOPQ4,Ugyov2BuHOuI7EOsOsd4AaABAg,root,@MustafaAbubakar-r5n,UCQmPB6LMRMF-l8a_IE0NBcQ,No one go to the three lines at the top click audio track and do klingon,0,0,False,False,1784412000
krsBRQbOPQ4,Ugzs7AX18De1sR-bXuZ4AaABAg,root,@DayanaJaim,UCH_KYYlun-HbZKvAHFkxJrA,Se escucha bien con la voz de fede vigevani,0,0,False,False,1784404800
krsBRQbOPQ4,Ugx9tKx_Xi9K3EHE-f54AaABAg,root,@musclemushroom,UCUYjDRetecGddjcXb1IkyTg,cayo?,0,0,False,False,1784404800
krsBRQbOPQ4,Ugz8MZiSI1pZ8Z5Aak94AaABAg,root,@ShimranSheikh-o5z,UCn2eyFdL2roWSTxwDLmB0WQ,Best,0,0,False,False,1784390400
krsBRQbOPQ4,UgzYNNCvxIhz08r-kBx4AaABAg,root,@DipuStories-k6o,UCMM0MQLoKHc08_JEiOC2dmA,মিস্টার বিস্ট আমিও এই গেমগুলো খেলতে চাই বাংলাদেশ থেকে বলছি,0,0,False,False,1784386800
krsBRQbOPQ4,UgxScF4Tpx31JO51eDR4AaABAg,root,@ZoroVD-i1b,UCjfzBKbu1pMHRDdKlQuNkUw,❤❤❤,0,0,False,False,1784386800
krsBRQbOPQ4,Ugw27nwOvxRXj97Xx254AaABAg,root,@MroverallFRG.Abdallah,UCBDWxUtA1QYhqgTS1Wh_ZVg,yo the 150m island is like cayo prieco in gta,0,0,False,False,1784386800
krsBRQbOPQ4,Ugw6jCi_x4p0fS1Fzi94AaABAg,root,@pengurusbpuchong5224,UCEjOBrkGWxzp1DNRmxnKZJA,Money you got there😊,0,0,False,False,1784419200
krsBRQbOPQ4,UgxOS4Ltv09WUZ5gbPh4AaABAg,root,@AzeemSafiVlogs,UCg_pETfrGNH6-TJJlhFC3bA,❤❤❤,0,0,False,False,1784419200
krsBRQbOPQ4,UgxlRkcQdUnsb0fBYg54AaABAg,root,@Imperatorekendal,UCnNkCazlOSjG3iK3Gw53Ktg,"Io preferisco la seconda dove c'erano le scimmie, ma non per il prezzo per le scimmie, poi è sospesa nell'acqua è bellissimo",0,0,False,False,1784419200
krsBRQbOPQ4,UgxgCcFJHBpp4tPvVLJ4AaABAg,root,@Unioil_05Admin,UCie0UnU0OIMpd-8X-uV0G7w,You have Class￼ Jimmy￼￼,0,0,False,False,1784419200
krsBRQbOPQ4,UgzBZktQ2b0s_CvZCVh4AaABAg,root,@NaThisili,UC3QNo1hUEBpobPzRj39CPYw,No way it's Dream Island from BFDI,0,0,False,False,1784419200
krsBRQbOPQ4,Ugyi_e00XRKJQByHawB4AaABAg,root,@itznickask,UC-shNbk2FQehJZAYU1kqlrQ,I am indian please any one blog camra gift plz 🥺,0,0,False,False,1784419200
krsBRQbOPQ4,Ugw7nPo-YX6PmZXlwjx4AaABAg,root,@Lvdy-prime,UCjK0-js124v-4g5K-8Jf7vw,Mrbeast may you help me with $450 please 🙏 😢,1,0,False,False,1784419200
krsBRQbOPQ4,UgzV9DLrUj196G_pHdV4AaABAg,root,@FarhanShakeel-g3g2h,UCqefmab9JO8dTsR2lg4KuBw,Mr beast I'm living in Pakistan I wish in a video challenge please,0,0,False,False,1784419200
krsBRQbOPQ4,Ugy5Xme3fsww72H54CJ4AaABAg,root,@skrafik1413,UCz7e2GB3nbktuW2umdxySMw,Men aapka bohoot bada fan ho men aapse milna chahta hun pilis,0,0,False,False,1784419200
krsBRQbOPQ4,UgxEeLoyMyJLz8w4Ash4AaABAg,root,@luistapia1766,UChwB8e5V547JxcPJNWt-ktw,Ponganlo en klingon,0,0,False,False,1784419200
krsBRQbOPQ4,UgzdE3BX3p8g0yw6qTZ4AaABAg,root,@ma.luisaalcantara,UCp9i0lBrTSKLJyCQWtaRfsw,I like to move it move it 🤣,0,0,False,False,1784419200
krsBRQbOPQ4,UgyTSVhWI6ngHCPQMyN4AaABAg,root,@NanaKwakuEffahFrimpong-d3s,UClEkbuIZHnHNcC8PBiqYtMw,I want to know what u will do next,0,0,False,False,1784419200
krsBRQbOPQ4,Ugx0GbFxSFLbywer1d14AaABAg,root,@NanaKwakuEffahFrimpong-d3s,UClEkbuIZHnHNcC8PBiqYtMw,I love ur vids,0,0,False,False,1784419200
krsBRQbOPQ4,Ugx6WMdAfYajInc6O1p4AaABAg,root,@JuanMatthew-i7n,UCmpZ0_J4pRKDG3fV3vYNl1A,I'm Indonesian myself,0,0,False,False,1784419200
krsBRQbOPQ4,UgzYFe6rU6pC8Hd2p9F4AaABAg,root,@KalibunderJampangkulon,UCeT5WshExTO39MkVkmjMlgg,Dono sauris,0,0,False,False,1784419200
krsBRQbOPQ4,Ugx6WHON86gQksWGm014AaABAg,root,@Thailand5283,UCwec_wcGUQofnEKKlkEESEg,"It's probably more likely to be a $1 million tree hollow, where's the panda? Where's the land? This isn't before, this is a tree hollow in the  of the water. But the $50 million trip to the North Pole, the most suitable time would be when...polar express  Coming to the North Pole, it will become toxic. It will only cost 50 million dollars, but it will become 100 trillion ...The train can still run on water because it's not an ordinary train, it's a magical train, but the driver is incredibly skilled, like a professional train driver.",0,0,False,False,1784419200
krsBRQbOPQ4,Ugy1YAPsVOcMP3Tty4d4AaABAg,root,@AntonioSierra-t1v8n,UC6YyTDsabUWzj1pth0TV3uw,Andrea.    Juliejh,0,0,False,False,1784419200
krsBRQbOPQ4,Ugw4ZfnNvCBbbbRk72V4AaABAg,root,@AntonioSierra-t1v8n,UC6YyTDsabUWzj1pth0TV3uw,Beast.       Files.    😂🎉   677,0,0,False,False,1784419200
krsBRQbOPQ4,UgxkkfFIvoNgYs8hU014AaABAg,root,@TheoLimagames,UCqauFcYqH_yEktHO4l2qCtw,:hand-pink-waving::hand-pink-waving::face-blue-smiling::face-blue-smiling::face-blue-smiling::face-blue-smiling::face-blue-smiling::face-blue-smiling:,0,0,False,False,1784419200
krsBRQbOPQ4,UgytsaARxv1w3nziXZ54AaABAg,root,@ILOVEFUTBOL0287,UC3wk7FrW-45NofL8Y50enNQ,5:10 that scream was so funny,0,0,False,False,1784419200
krsBRQbOPQ4,UgwKIHIVnGPLXDV71vV4AaABAg,root,@CarlosMendez-o8z,UC5K1nhYghTu6I7wZKtFVMkw,Mrbeast compra neverland 😊,0,0,False,False,1784419200
krsBRQbOPQ4,UgzWo9VISSgS3RZs7gt4AaABAg,root,@JaredMuro-p1n,UC8XchHxcubo-80A9eV6hpIw,Los videos de antes eran mas cortos y mas buenos,1,0,False,False,1784419200
krsBRQbOPQ4,UgxpTAcRdJ0pULBaA8x4AaABAg,root,@violetarios9651,UCQKTiuECpkdwnoWvdjd9_pQ,Falto la de jeffre eptain,0,0,False,False,1784419200
krsBRQbOPQ4,Ugy4zGp_4KIDbJpxD0R4AaABAg,root,@AK47-v4r,UCKJBOykeOeEUR8eJyyQ2T7g,I’ve been to the last one it’s coco cay from Royal Caribbean,0,0,False,False,1784419200
krsBRQbOPQ4,Ugw8pog_-9rH6eA1tld4AaABAg,root,@wenxinEstela,UCtian6kyiZHWlonUL9NNLtg,le vo❤,1,0,False,False,1784419200
krsBRQbOPQ4,Ugz1rYxB4oPPQsyusiV4AaABAg,root,@chisawaves,UC6JD19wCHE4m9upkM0ip13A,Necker island? 8:26,0,0,False,False,1784419200
krsBRQbOPQ4,UgxrvLZYa5EfFh-kaJZ4AaABAg,root,@pattmahomies2,UCcHA2I2nZxYzMChX71neZyw,I rode on the tall one,0,0,False,False,1784419200
krsBRQbOPQ4,Ugx1psElVXHyyLpCUXd4AaABAg,root,@pattmahomies2,UCcHA2I2nZxYzMChX71neZyw,"Last island is coco cay, royal Caribbean’s island. Where their ships visit",0,0,False,False,1784419200
krsBRQbOPQ4,UgzXR0035CvfpJFCmT94AaABAg,root,@ياسمينعلينافع,UCylxt9Ky7fNadMJgzOBjstA,ا نا بحبكم ❤❤❤❤❤🎉🎉🎉,0,0,False,False,1784419200
krsBRQbOPQ4,Ugweh0W0AsAri6LEzaR4AaABAg,root,@MilomemeIndonesia,UC0WbXWhWbP14P2Fl_W-lfDg,6:46 🗿🗿🗿,0,0,False,False,1784332800
krsBRQbOPQ4,UgwEAXhdjzrukkKlKZ14AaABAg,root,@umit-h5r8u,UC3UgxgQz43MhtYHWsvXiv7g,It all makes sense now,5,0,False,False,1784332800
krsBRQbOPQ4,UgwLyFh58HzXeV4MU7R4AaABAg,root,@نايفالراشدي-م2و,UCrhV5JtmBH46QhFPKeO3YbA,أعطيني فقط 30الف دولار اقسم انك سوف تحل كل مشاكلي,0,0,False,False,1784332800
krsBRQbOPQ4,UgygATAIgKS8-9IpjL54AaABAg,root,@OsmanMetdiyev,UCLLQrNCg9LdMOggi8IkxFfw,11;46 0:14,0,0,False,False,1784332800
krsBRQbOPQ4,UgyjTE1GegvqNyurk8t4AaABAg,root,@mcc-emac8437,UCHB9zKbm_Zujs_sookJ4XxA,Where is Saint Martin island?,0,0,False,False,1784332800
krsBRQbOPQ4,UgwgIChbT6sKRPRiash4AaABAg,root,@crownplays1989,UCw3NmZZ_KbGJ0LqjgRkxljQ,There is so many things in this video that make me angry😭,0,0,False,False,1784332800
krsBRQbOPQ4,Ugx7su5HCAXpHwgxXOV4AaABAg,root,@DerhasarDaimari-k4s,UCI5AbYaPYnez2EclUrTWMbg,Amazing❤,0,0,False,False,1784332800
krsBRQbOPQ4,UgzwhxRt4J0marTj_5R4AaABAg,root,@AliNabil-g9i,UCFgnLeMbpH8OwxD_8qRNRnw,Dinosaurus😂,0,0,False,False,1784332800
krsBRQbOPQ4,UgwnNqHnZPggJhZgwiR4AaABAg,root,@SukhdeepSingh-mi2be,UCziG3jXRoN4eq651KbsymwQ,Jimmy bro plz contact me help me brother nice video,0,0,False,False,1784332800
krsBRQbOPQ4,UgxGESvWF2psUWUxIUR4AaABAg,root,@rizqalfateh4313,UCGXFjh1hmITHPU5IZ1lR8iA,"Hi Mrbeast, I'm Rizq, I saw you blew up the $1 island but I know you didn't blow that up for real, so please can you sell that $1 island to me? I am subscribed!",0,0,False,False,1784332800
krsBRQbOPQ4,UgybBb2Ad1BG9v5qXaZ4AaABAg,root,@MHANZLA-o6m,UCA-sauppOcVyl5srrDfAGXw,Fwd: Thanks for your report to YouTube,1,0,False,False,1784332800
krsBRQbOPQ4,UgyqfAt_ySGEnOwAWVJ4AaABAg,root,@мемгай,UC6L1n1Djy21QyrZrV7_aijA,Can I have 1000$ dollars?,0,0,False,False,1784332800
krsBRQbOPQ4,UgxLFZI6BAR0eIwc0Ex4AaABAg,root,@YuvixPlays,UCjOMP9FoYrOJPAUPgxFWH-A,I was in coco cay (the last one) and the only way you can get there is by going on a royal caribbean cruise ‏‪by the way this island is insane,0,0,False,False,1784332800
krsBRQbOPQ4,Ugw4_qZkkb7rLzxqqhJ4AaABAg,root,@Josue-Yt-66,UC3W4TMZEOd5praPPH2-YqqQ,Klingon,0,0,False,False,1784332800
krsBRQbOPQ4,Ugx-ymhNspv9OgRAsl54AaABAg,root,@AndreIrizarry,UCPIbvhlXb6OgdCGsyOqKEKw,Bruh 9:03,0,0,False,False,1784332800
krsBRQbOPQ4,UgzFmsszV6r8iotzwLh4AaABAg,root,@hazir-q5v,UCglb_7sUO08snXd6M0vuLWQ,❤❤❤❤,0,0,False,False,1784332800
krsBRQbOPQ4,UgxVB6zyi5Q-qmRaR294AaABAg,root,@RosemaryZuhairAnimationStudios,UCmjVcKTD93Nr8cbIcG5r4mA,Huh?,0,0,False,False,1784332800
krsBRQbOPQ4,UgzeiOzvsCtN2lN_A7Z4AaABAg,root,@TamaraBabcock,UCDXIjKhaoyABc4sIJCFJZ3Q,where's chandler?,0,0,False,False,1784332800
krsBRQbOPQ4,Ugx8SD2d7Hiu5F6oCFV4AaABAg,root,@rayyanmohammad8173,UCcl96iQ6ZgDdanSufZspoew,boleh aku yang balik “mangga”🤣🤣,0,0,False,False,1784332800
krsBRQbOPQ4,UgyL25RDt4QAut1T2Op4AaABAg,root,@WilberAlarcon-j2q6s,UCIL_ViByY_HFAeBU7uybLGw,I watch Mr beast when he star getting famous,0,0,False,False,1784332800
krsBRQbOPQ4,Ugwpe479kSeR5BG9Pl94AaABAg,root,@MathyasBlanca-g9y,UCqsMLNfAChl95vv8Gp8oSWQ,13:49 no sped english,0,0,False,False,1784332800
krsBRQbOPQ4,UgxuSdRHzkoMg5b4KfZ4AaABAg,root,@AryanChauhan-h9i,UCXNUlvNd0aOYcJBTjuMdjWw,5:56 best line,0,0,False,False,1784246400
krsBRQbOPQ4,UgxtSNVEa1SoRdRFscl4AaABAg,root,@MajidSama-q7m,UCdpcCwXOJxp-9OSO5YQj6GQ,😂❤❤😮😂,0,0,False,False,1784246400
krsBRQbOPQ4,UgzfoHxv0t5NhczntLF4AaABAg,root,@PasriyantoKelvin,UCwSohoUTsISGVXQedOmwcgA,😅,0,0,False,False,1784246400
krsBRQbOPQ4,Ugw3oLNYwhY_Pey_bth4AaABAg,root,@cokol-s9t,UCCzApJCFBeTmbOwSBLsDC0Q,Дядя Эпштейн где 😡,0,0,False,False,1784246400
tnTPaLOaHz8,Ugwf2yFXWKUHSqq0V9B4AaABAg,root,@MrBeast,UCX6OQ3DkcsbYNE6H8uQQuVA,make sure to buy feastables at your local grocery store #FeastablesPartner,168000,25,False,True,1721433600
tnTPaLOaHz8,Ugwf2yFXWKUHSqq0V9B4AaABAg.9xpRFwaqtlA9xpRZMWpFaO,Ugwf2yFXWKUHSqq0V9B4AaABAg,@Mhathir,UCuEjGcdRspXNdo1De1h6Fow,But my groceries Jimmy,41,0,False,False,1721433600
tnTPaLOaHz8,Ugwf2yFXWKUHSqq0V9B4AaABAg.9xpRFwaqtlA9xpRhUZ2VWc,Ugwf2yFXWKUHSqq0V9B4AaABAg,@Aydenstorm11,UCyLJOHYOVw7_FnkW1IIX3Pg,FEASTABLES,18,0,False,False,1721433600
tnTPaLOaHz8,Ugwf2yFXWKUHSqq0V9B4AaABAg.9xpRFwaqtlA9xpRSa4hsj-,Ugwf2yFXWKUHSqq0V9B4AaABAg,@UnemployedWaffle,UC_6CgKsyoE_Rg6276hSemxQ,OMG,10,0,False,False,1721433600
tnTPaLOaHz8,Ugwf2yFXWKUHSqq0V9B4AaABAg.9xpRFwaqtlA9xpR_xqGyMu,Ugwf2yFXWKUHSqq0V9B4AaABAg,@KBTrickshots,UCAjW3k3i_j01oWoOMY9MTiw,Bet,8,0,False,False,1721433600
tnTPaLOaHz8,Ugwf2yFXWKUHSqq0V9B4AaABAg.9xpRFwaqtlA9xpRYWhxfnF,Ugwf2yFXWKUHSqq0V9B4AaABAg,@GdShowcases-pe9np,UCoEtYhLxpjdKU2qg7-3KeWA,tyty,6,0,False,False,1721433600
tnTPaLOaHz8,Ugwf2yFXWKUHSqq0V9B4AaABAg.9xpRFwaqtlA9xpRS8npYRw,Ugwf2yFXWKUHSqq0V9B4AaABAg,@bleep_1257,UCmKeUgV2i9bhcBN_iXidnJw,Ok,5,0,False,False,1721433600
tnTPaLOaHz8,Ugwf2yFXWKUHSqq0V9B4AaABAg.9xpRFwaqtlA9xpRTYSfcuS,Ugwf2yFXWKUHSqq0V9B4AaABAg,@cakeboy.,UCEcxLNLBFijr9TIuiId6Qfg,Ok,5,0,False,False,1721433600
tnTPaLOaHz8,Ugwf2yFXWKUHSqq0V9B4AaABAg.9xpRFwaqtlA9xpRiqNCV5q,Ugwf2yFXWKUHSqq0V9B4AaABAg,@jjjjjjse,UCb6ZqKiDC2NWahsyi3LCE7A,ok,5,0,False,False,1721433600
tnTPaLOaHz8,Ugwf2yFXWKUHSqq0V9B4AaABAg.9xpRFwaqtlA9xpRWQEjc0n,Ugwf2yFXWKUHSqq0V9B4AaABAg,@GLUBSCHI,UCED9JCex5BUGj8tmqGNTW2w,Damn my comment got removed,4,0,False,False,1721433600
tnTPaLOaHz8,Ugwf2yFXWKUHSqq0V9B4AaABAg.9xpRFwaqtlA9xpR_SsWJv8,Ugwf2yFXWKUHSqq0V9B4AaABAg,@MaxwellChan0,UC86A2WNcSvq_v4G95xy5UtQ,Yessir,4,0,False,False,1721433600
tnTPaLOaHz8,Ugwf2yFXWKUHSqq0V9B4AaABAg.9xpRFwaqtlA9xpRiOYkT7A,Ugwf2yFXWKUHSqq0V9B4AaABAg,@A29F,UCtfFU2s8FZxq89M6HjiDDXw,Ok,4,0,False,False,1721433600
tnTPaLOaHz8,Ugwf2yFXWKUHSqq0V9B4AaABAg.9xpRFwaqtlA9xpRifx9P8i,Ugwf2yFXWKUHSqq0V9B4AaABAg,@yoe_unnie,UCKARA33Px_yKbcC9ixQ26NQ,yess,4,0,False,False,1721433600
tnTPaLOaHz8,Ugwf2yFXWKUHSqq0V9B4AaABAg.9xpRFwaqtlA9yxh_QJ8CgF,Ugwf2yFXWKUHSqq0V9B4AaABAg,@user-be7qz9bh3k,UCSLru8J_RqfAulS51ITxU5w,I’m a Mr. lion,4,0,False,False,1721433600
tnTPaLOaHz8,Ugwf2yFXWKUHSqq0V9B4AaABAg.9xpRFwaqtlA9zfI-JwpFAs,Ugwf2yFXWKUHSqq0V9B4AaABAg,@sathishsadagopan6893,UCT1rwudMnFVEbzQxJNa08-A,Yessir,4,0,False,False,1721433600
tnTPaLOaHz8,Ugwf2yFXWKUHSqq0V9B4AaABAg.9xpRFwaqtlAADRlM5kGTsh,Ugwf2yFXWKUHSqq0V9B4AaABAg,@AntoniFurdyna,UCy8OvEalMlfcIqE2nJr1Erw,1:29 Three Televisions.,4,0,False,False,1752969600
tnTPaLOaHz8,Ugwf2yFXWKUHSqq0V9B4AaABAg.9xpRFwaqtlA9xpRR0vJR3I,Ugwf2yFXWKUHSqq0V9B4AaABAg,@MastardMan,UCIoV3ThSJJ6509uVjuyKmmA,Ok,3,0,False,False,1721433600
tnTPaLOaHz8,Ugwf2yFXWKUHSqq0V9B4AaABAg.9xpRFwaqtlA9xpRSgCGQbh,Ugwf2yFXWKUHSqq0V9B4AaABAg,@doolkid321,UCXS6McV2mpDik3QmAMkm7_g,Ok mr beast❤,3,0,False,False,1721433600
tnTPaLOaHz8,Ugwf2yFXWKUHSqq0V9B4AaABAg.9xpRFwaqtlA9xpRSspXnc0,Ugwf2yFXWKUHSqq0V9B4AaABAg,@Gamer_Is_Cool_Bros_old,UC0M9etY6fWcSj_gfJJRuf9g,Alright,3,0,False,False,1721433600
tnTPaLOaHz8,Ugwf2yFXWKUHSqq0V9B4AaABAg.9xpRFwaqtlA9xpRUCkj8jW,Ugwf2yFXWKUHSqq0V9B4AaABAg,@canoncu7906,UCpgEDKf6YCjNpXVlgY0AKLQ,ok,3,0,False,False,1721433600
tnTPaLOaHz8,Ugwf2yFXWKUHSqq0V9B4AaABAg.9xpRFwaqtlAA-Ms34BYio5,Ugwf2yFXWKUHSqq0V9B4AaABAg,@이라-o3w,UCtrJnEAlNIfBJFKrThBwH8w,한국출신 내가가면 그누구보다 오래 버틸 자신있다 나를불러줘요,3,0,False,False,1721433600
tnTPaLOaHz8,Ugwf2yFXWKUHSqq0V9B4AaABAg.9xpRFwaqtlA9xpRTz0ivp-,Ugwf2yFXWKUHSqq0V9B4AaABAg,@ASAHald,UCmIysczDF6077XGPF5rhKUQ,Plz help,25,0,False,False,1721433600
tnTPaLOaHz8,Ugwf2yFXWKUHSqq0V9B4AaABAg.9xpRFwaqtlA9xpRT5C5TUE,Ugwf2yFXWKUHSqq0V9B4AaABAg,@Freefirediamondspls,UC6JOZa9Cr3F_FZybjxRqnYA,OMH GGGG PLS SHOUT OUTTT,24,0,False,False,1721433600
tnTPaLOaHz8,Ugwf2yFXWKUHSqq0V9B4AaABAg.9xpRFwaqtlA9xpRLm2VM_8,Ugwf2yFXWKUHSqq0V9B4AaABAg,@anasheylasianicamposcerver3123,UC1xWSXMLUqQNBYldVv3jlRQ,YO NECESITO ESTE RETO,22,0,False,False,1721433600
tnTPaLOaHz8,Ugwf2yFXWKUHSqq0V9B4AaABAg.9xpRFwaqtlA9xpRSS0m2V4,Ugwf2yFXWKUHSqq0V9B4AaABAg,@Matrodoge,UCG0Wj3le0MSymjtXhz8iVPA,OK,22,0,False,False,1721433600
tnTPaLOaHz8,Ugwf2yFXWKUHSqq0V9B4AaABAg.9xpRFwaqtlA9xpRRloMtku,Ugwf2yFXWKUHSqq0V9B4AaABAg,@JCLJCL9,UCVXKEwrF-0JA0dQq_Jmk0AA,MR BEAST HELLO,2,0,False,False,1721433600
tnTPaLOaHz8,Ugyk7KN0kXuXNuQhiN94AaABAg,root,@PravaSah-p1r,UChN28a4_qSfwkPeDySNYuqg,Hello I am from Nepal. I wanted to do survival challenge video in your video.Hope the day is very soon,0,0,False,False,1784466000
tnTPaLOaHz8,Ugw0DKLIl7TcZM0cK9R4AaABAg,root,@PeerMuhmmad-rc5id,UCubOruq8X14W8q-It4IQeww,Mera naam jabir ali hai,0,0,False,False,1784462400
tnTPaLOaHz8,UgyBz71u7d45rk-cecJ4AaABAg,root,@PeerMuhmmad-rc5id,UCubOruq8X14W8q-It4IQeww,Mr. Beast sir mujhe bhi bula li jiye,0,0,False,False,1784462400
tnTPaLOaHz8,UgyIQBS_Msq-05MdUit4AaABAg,root,@MD.SabbirHossain605,UCFze7VSGoko6HnEScIccUtQ,MrBeast is best ❤🇧🇩,0,0,False,False,1784451600
tnTPaLOaHz8,UgxgrcNlZ_ZCHZGVzql4AaABAg,root,@EshitaSahu-w6r,UCR05D6gruu37UCAEMpfHiRA,I am subscribe you please give me a gift,0,0,False,False,1784451600
tnTPaLOaHz8,Ugx7-o8Hj5NqGmflGAF4AaABAg,root,@SabinaBibi-f4m,UCElvVw1v1zbgZ8jKTBBgAhw,815,0,0,False,False,1784430000
tnTPaLOaHz8,Ugx_NfKqHzl0dPkwILB4AaABAg,root,@MarkAndry-g1y,UCQ04ZR10O66qNz9iP-rQs8Q,"💚Islam is the final religion revealed by God to guide humanity. It is the faith that God has chosen for all people until the end of time. God sent Prophet Muhammad (peace be upon him) as the last of all prophets and messengers, and no prophet will come after him.

The Holy Qur'an is the word of God, revealed to Prophet Muhammad (peace be upon him). It is the final divine scripture, preserved from alteration, guiding people to truth, righteousness, the worship of God alone, justice, mercy, and good moral character.

God says:

«“Muhammad is not the father of any of your men, but he is the Messenger of Allah and the Seal of the Prophets.” (Qur'an 33:40)»

And He also says:

«“Indeed, the religion in the sight of Allah is Islam.” (Qur'an 3:19)»",0,0,False,False,1784415600
tnTPaLOaHz8,Ugwbij9vMyajeYb1cUh4AaABAg,root,@MohammedMohammedMohammedMo-o4g,UCfv5vlKGt04CgfB4w48jdSg,❤❤❤❤❤ رائع بالتوفيق مرحبا ❤❤❤❤,0,0,False,False,1784404800
tnTPaLOaHz8,UgzCvKH5808NY6p5GSx4AaABAg,root,@Maddoxggg,UCvjF4qfnmjVh2jnORQdaUQQ,chuzz,0,0,False,False,1784404800
tnTPaLOaHz8,UgyEABGOQlZ8WZ7QBex4AaABAg,root,@agurechik334,UCIpszD8xKZMdsh_ebYgX70A,я бы продержался 50 дней минимум если б электричество работало чтобы питататься не только чипсами и все да даже полгода год может быть мр бист возьми пж на такое видео,0,0,False,False,1784401200
tnTPaLOaHz8,UgzUSxqh1Jlttq28N1R4AaABAg,root,@Liaza-l3x9v,UCxILseQJi3gV9GLrwtdsxVg,Can we get some . I am l Zimbabwean guys,0,0,False,False,1784401200
tnTPaLOaHz8,Ugx1_5WNa9O1un0oHEN4AaABAg,root,@neeloferasif2226,UCquxZG4vy5cuU9wC2M61wmA,Please take me in your video I am in India,0,0,False,False,1784397600
tnTPaLOaHz8,Ugy3IzR_emrtJO950uR4AaABAg,root,@rishukumar9046,UCTbJYeL9Yz6uRAHKqAgtN_Q,Please talk about Sonam wangchuk sir😢,0,0,False,False,1784394000
tnTPaLOaHz8,Ugxwc8g9IULkUdPweNl4AaABAg,root,@curiosity336,UCdNQ5J-uPc1EHSa9nu4bZuw,I am here😂😂😂,0,0,False,False,1784394000
tnTPaLOaHz8,UgxI0cAS4f4kcPruOTN4AaABAg,root,@sotugnoMondol,UCTEZq58Rnc1wPRn2rsWnWsQ,Hlw sir . I am from Bangladesh 🇧🇩..i am your big fan . I want to join your game.. pls help me,0,0,False,False,1784386800
tnTPaLOaHz8,UgzjGQN1QAu5eK_8TBR4AaABAg,root,@Sandra-f3s3v,UCogon2eQzFePa1Hh45A8dqw,Est ce que ce serait possible de rester jusque a la mort,0,0,False,False,1784386800
tnTPaLOaHz8,UgwAwjKyTVWsTAdEbHJ4AaABAg,root,@Gollumollu-es7mu,UCc2qfpH_IF_yfVCWySkmqGg,Hi❤,0,0,False,False,1784386800
tnTPaLOaHz8,UgxZa8Xk2iCrelh1gEp4AaABAg,root,@vualydon01,UCb8e3KWels7H4UCxwt6-Omg,15:13 cris 🥀,0,0,False,False,1784419200
tnTPaLOaHz8,UgwbPUTkZ6qvyT_2xRV4AaABAg,root,@CheechoCheecho,UCc8ct3LG9PnEFF_YohamAXg,❤,0,0,False,False,1784419200
tnTPaLOaHz8,UgwJvrzsnLdHw-hazbx4AaABAg,root,@RameshYadav-u9v3p,UCzNDr4sSSeFMIpGXAMgmUrg,❤❤❤❤❤❤,0,0,False,False,1784419200
tnTPaLOaHz8,UgwNfJ-KuNrjxDeZgU94AaABAg,root,@SahiwalSajawal,UCPyYJbZUip2vuN58VWdBPQw,Please invite me Mr Bean🎉❤,0,0,False,False,1784419200
tnTPaLOaHz8,UgwSGOaFPejPF7EiwB14AaABAg,root,@MdMinarul-p1l7q,UC81JBXQAJOoReo42T-TKyfA,Bangladesh,0,0,False,False,1784419200
tnTPaLOaHz8,Ugz1D9Njxu_92AX2xx94AaABAg,root,@MdMinarul-p1l7q,UC81JBXQAJOoReo42T-TKyfA,hi,0,0,False,False,1784419200
tnTPaLOaHz8,UgwKDhCAK8cjOVskY0R4AaABAg,root,@shihabahmed.2.0,UCbTxF0o-A5d-womKyRwEO2g,Hi MrBeats I am from Bangladesh 🇧🇩🇧🇩🇧🇩,0,0,False,False,1784419200
tnTPaLOaHz8,UgzoNFLTh4hNx5D7zqp4AaABAg,root,@DipuStories-k6o,UCMM0MQLoKHc08_JEiOC2dmA,আমিও এই গেমগুলো খেলতে চাই বাংলাদেশ থেকে বলছি,0,0,False,False,1784419200
tnTPaLOaHz8,Ugybu5ZOzZ8IQn1AG3N4AaABAg,root,@becsingram1,UCzsGuOkqU2mn_H_liy8OprA,09 10 lil baby just be chillin in that creat with the money 💰,1,0,False,False,1784332800
tnTPaLOaHz8,UgyzdpqxgvS6w6t9vCN4AaABAg,root,@becsingram1,UCzsGuOkqU2mn_H_liy8OprA,"Why does everyone get so depressed on day
Like 50 or 70 and mr beast is richy rich
And bro does ten videos at the same time",1,0,False,False,1784332800
tnTPaLOaHz8,Ugw8rsbpuvaMlrWt2Zp4AaABAg,root,@RahulHok-p8k,UCaIZGN-83_BT9LCNQbHrAMw,Hi❤❤❤,0,0,False,False,1784332800
tnTPaLOaHz8,UgztymNrmZCuhAjiXqF4AaABAg,root,@AmangaliKushbanov,UCy2weVYvK8PbaNJGcwsDEPA,"7,6 млн лайк ❤",0,0,False,False,1784332800
tnTPaLOaHz8,Ugxn4cigfEttpaOwETl4AaABAg,root,@HaidarAli-m5k,UCQCOjZVo1FM8Iae07osBeuQ,Talking Tom on YouTube😢,0,0,False,False,1784332800
tnTPaLOaHz8,UgzFHaczrTYOL1xrLCp4AaABAg,root,@HaidarAli-m5k,UCQCOjZVo1FM8Iae07osBeuQ,Vegetable chocolate kitchen,0,0,False,False,1784332800
tnTPaLOaHz8,UgwXdVjKqazkTZwgOVZ4AaABAg,root,@azizroybangura5738,UCDXVaAxqdlSUriLjE3vLzoQ,I could do 100 days no hiccups. Praying for opportunities like this.,0,0,False,False,1784332800
tnTPaLOaHz8,Ugz8EvOj_EQ5cvRgwMV4AaABAg,root,@NuhSalim-t9l,UCiKBNQCeuVa2C0tpiIm9GKg,Ich bin auch dein größter Fan,0,0,False,False,1784332800
tnTPaLOaHz8,UgxrN9IWoKuidZQ-Ygh4AaABAg,root,@Ригина-я4ю,UCb4biSEaSZmCixmRoLdUrKg,Алек бачаи бе тарбия,0,0,False,False,1784332800
tnTPaLOaHz8,UgxuaqSpIbWpSx0jsGF4AaABAg,root,@donltoys,UCWIQfmWbuXlsvoDcYMLhmWA,I would've been in there so long my family would've forgot I even existed. I would've been like Will Smith in I Am Legend lol,0,0,False,False,1784332800
tnTPaLOaHz8,UgyGyvBasmkFEi7tcud4AaABAg,root,@AliAlso-o7h,UCjP0SmfjHAqIygbvLtcxK6Q,Hello MrBeast 🎉🎉,1,0,False,False,1784332800
tnTPaLOaHz8,Ugy7mpYf-HSHIBwEDax4AaABAg,root,@dagi-k3n,UCd9NWlTLisvVc-IAWbB3CWg,My name is dagim from ethiopia you have  Big fans from  ethiopia,0,0,False,False,1784246400
tnTPaLOaHz8,UgyNR9fnYopkh0GiN-l4AaABAg,root,@Garipmuz,UClumVC6yeL5ZIknbuF4F5iA,Hippo,0,0,False,False,1784246400
tnTPaLOaHz8,Ugybk3zg3E6h703FLQJ4AaABAg,root,@Abdo3xa,UC-P3Ty2uiNMReAz0cKWNQqg,هل يمكنني تصوير مثل هذا الفديو في فيديو,0,0,False,False,1784246400
tnTPaLOaHz8,UgwCO_wCg_-Jz9JGdfZ4AaABAg,root,@harzeeplays3131,UC9chTQlmguVdeAf8rZRC4Ug,"Man if the contestant were a filipino OFW like my father, He Would’ve stayed for over 2 years it’s so easy",0,0,False,False,1784246400
tnTPaLOaHz8,UgwaVylE3IHhYb5S05R4AaABAg,root,@Prem_200k_AP,UCyMseq0y5yegZYxkTgg_NkQ,Mujhe bhi laao apne challenge me please mr beast 😢,0,0,False,False,1784246400
tnTPaLOaHz8,Ugw4-eY8Sdrn1Oam-bB4AaABAg,root,@ParksideGambit,UC0j8pQ4jnpFPY6SFv648q6Q,Girls holds us back or he would’ve been in there forever,0,0,False,False,1784246400
tnTPaLOaHz8,Ugxga1eKZXSx2wHdIQ54AaABAg,root,@ruhitNeog,UCtUKX0iO8I950BUeQlCCE_A,Rohit ❤❤❤❤❤😂😂😂,0,0,False,False,1784246400
tnTPaLOaHz8,UgzVZFI2kM_jSnNYgI14AaABAg,root,@שמעוןכהן-פ1ה,UCMV98mmqeX4oosNX5fTWjcw,"I would have paid money for. ""Get the opportunity to stay in this.""",0,0,False,False,1784246400
tnTPaLOaHz8,Ugy1CmM-yXqBLWb-fK94AaABAg,root,@brightmt21,UCt6IqR-m8NsB-jwB0dtVxrg,I will comment on all Mr beasts posts  for the rest of my life until one-day he will get to reply to them 😅☺️ and buy me a car 😁,0,0,False,False,1784246400
tnTPaLOaHz8,UgzOT_lT1-QA6iL574B4AaABAg,root,@AlanFiser-s8s,UCBXd9dciHc_JKNMLiAMeOsA,😎🤣😂,0,0,False,False,1784246400
tnTPaLOaHz8,UgyqxMa5m54WHDPiZdV4AaABAg,root,@Mr.kalia_bhai_256,UCLk2Q0rpOF4vIF7waaz0d9A,Am your subscriber this type challenge offer me sir,0,0,False,False,1784246400
tnTPaLOaHz8,UgyJ5X8fQzStHKw-Lsh4AaABAg,root,@foridmusic99,UCgzK5G9aMZ5mN-YU6t7Grww,I also want to participate in the 100-day challenge. I am Bangladeshi.,0,0,False,False,1784160000
tnTPaLOaHz8,UgwhPfIAssVltVK55zp4AaABAg,root,@angel-dl8wv,UCTABCq54kwvEHGDolo7mJNA,I had never seen you guys build a home lifestyle at the grocery store,0,0,False,False,1784160000
tnTPaLOaHz8,UgxBNASW2DCZk0jTIXB4AaABAg,root,@sonnguyen-jy6ij,UCfXOE9ELs1N10B_gab2G5eg,Meeting you is the greatest wish of my life. I truly hope to have the chance to participate in your challenge someday.,0,0,False,False,1784160000
tnTPaLOaHz8,UgzxHzWfFqvsW3FX1dV4AaABAg,root,@MuhammedChan-t3x,UCBUppmiyFBQmJzm51wyAEgw,Beast I need a challenge please help me,0,0,False,False,1784160000
tnTPaLOaHz8,UgyjICczQQQODDxP59x4AaABAg,root,@canalallimite,UC2j072OJA3IA_AjG4K861Eg,"Hola soy de argentina y quiero participar en algún juego, como hago gracias !!❤😅❤😮❤❤😅😂",0,0,False,False,1784160000
tnTPaLOaHz8,UgxSAW8fz9monWCg2Ap4AaABAg,root,@MiRZAYOSSELINVARELAMATUTE,UCG8BSey3Mee5ICock8T06Iw,Honduras,0,0,False,False,1784160000
tnTPaLOaHz8,Ugzw7t3aEp6JbGCoiSJ4AaABAg,root,@RaihanHossainSawon-pp2np,UCI827qOjEVnDSeUDcUyf8Pg,Nice❤,0,0,False,False,1784160000
tnTPaLOaHz8,UgwdSOLyl87Va_vCOe14AaABAg,root,@maqsoodvlogs03,UC-kJIIOS_dskYZPIfoT8L_w,Fantastic video,0,0,False,False,1784160000
tnTPaLOaHz8,Ugz21hQ_gF_pZClp5jl4AaABAg,root,@rajatverma8017,UCP419CKDnm99n6nqEUPCgEQ,"Dear Sir 
I want to work with you I need help 🙏",0,0,False,False,1784160000
tnTPaLOaHz8,UgyGIm3YQyiqzA00ILV4AaABAg,root,@adnetteatodjinou8467,UCoCAD4p47qfbU0ZZ0OIMA0Q,Si seulement on m'invitait pour ça,0,0,False,False,1784160000
tnTPaLOaHz8,UgwnSk48eSJa1aQ4Ngd4AaABAg,root,@zulfiyakurbanova5046,UCVE0JCQcAN9ZMAbLdG_53KQ,I subscribed,0,0,False,False,1784160000
tnTPaLOaHz8,Ugzp-Ynp59FwN7lnFMp4AaABAg,root,@ShahzaibMalik-j1j,UCXHjmiA1ArQtVVFJ-mF-UCA,Please qna,0,0,False,False,1784160000
tnTPaLOaHz8,UgzhcmjYH1Iv2TwcZRh4AaABAg,root,@Sénatlad7,UCH07u7LnGX8-8SLuDrKNf8w,Moi je suis en Afrique,0,0,False,False,1784073600
tnTPaLOaHz8,UgzX0ozgyOBkiaRurMV4AaABAg,root,@PiyaJasosa,UCfqLxMCS9wX22xB5VI473jw,"Assalamu Alaikum, Mr. Beast. I am writing to you from Tando Jam, Hyderabad, Pakistan. I have followed your work for a long time and am deeply inspired by your incredible heart and how you help those in need. I am currently facing a desperate situation; I do not have a home of my own. Rent prices in my area have become so high that my family and I are constantly struggling to choose between paying rent or having enough money for food. I am humbly requesting your support. If it is possible, please consider helping me secure a safe place to live or providing financial assistance so I can purchase a small home. Any help you could provide would be life-changing for us. Thank you for your time and your kindness.",0,0,False,False,1784073600
tnTPaLOaHz8,Ugy_vcjyyUE32cVI4BF4AaABAg,root,@RaziRajabi-s4d,UCvCExw5wH97jQCZrt17huJg,سلام مستر بیست میشه به من 10/000دلار بدی لازم دارم لطفاً چون من خیلی پولدار نیستم یا اصلا 500دلار 😢😢😭😭😭😭😭من شما رو فالو دارم,0,0,False,False,1784073600
tnTPaLOaHz8,UgzX-XkzAcZB27HaSIJ4AaABAg,root,@coreyform563,UCtFTBr-1uxkUHe5tpPVNNxw,Didnt this used to be a much longer video,0,0,False,False,1784073600
tnTPaLOaHz8,UgzcSJJfgBH_r6KSQIB4AaABAg,root,@MdRayhan-ce7vf,UCEJL_l5q-9o0Amsms3_SRbA,"I'll take the $10,000, please.",0,0,False,False,1784073600
tnTPaLOaHz8,UgzenbFv1Lar7lGM4gF4AaABAg,root,@sujanbiswas7582,UCXutge0XKjvkViRjv9bH-1A,"Mr. videos look amazing. If you give it to someone in Bangladesh, I believe you can stay for 365 days. Even if you give it to me, I can stay for 365 days. It would be great if you could give someone like that a challenge from Bangladesh. 🇧🇩🇧🇩🇧🇩🇧🇩✌️",0,0,False,False,1784073600
tnTPaLOaHz8,UgyNjyfDH9wzIS50ccJ4AaABAg,root,@wulex28,UCmYKLiw9hoCdEswknkVpXgw,Me 🙏,0,0,False,False,1784073600
tnTPaLOaHz8,UgxSsnpbUP2t8YL-yvV4AaABAg,root,@fandyy09,UCiN6BUIVFgyahEb75YpFWBw,I didn't think it would be on the moon,0,0,False,False,1783987200
tnTPaLOaHz8,UgwDNH79mRxuduKN6z94AaABAg,root,@RobiulhasanRisan-q1e,UC3i1S7D3HQWcS_OTQXTdNQQ,Hey Mr. Beast. I'm your big fan. My name is Risan and I am 19 years old. I am from Bangladesh. I want you to make a video about me just like that. Please 🥺🥺,0,0,False,False,1783987200
tnTPaLOaHz8,Ugz4kWTjtMcZJiMgxoV4AaABAg,root,@RobiulhasanRisan-q1e,UC3i1S7D3HQWcS_OTQXTdNQQ,Hey Mr. Beast. I'm your big fan. My name is Risan and I am 19 years old. I am from Bangladesh. I want you to make a video about me just like that. Please 🥺🥺,0,0,False,False,1783987200
tnTPaLOaHz8,Ugx6oDKjcSj7H4vAe3l4AaABAg,root,@RobiulhasanRisan-q1e,UC3i1S7D3HQWcS_OTQXTdNQQ,Hey Mr. Beast. I'm your big fan. My name is Risan and I am 19 years old. I am from Bangladesh. I want you to make a video about me just like that. Please 🥺🥺,0,0,False,False,1783987200
tnTPaLOaHz8,UgyblBO0LcdjTl1IgD14AaABAg,root,@RobiulhasanRisan-q1e,UC3i1S7D3HQWcS_OTQXTdNQQ,Hey Mr. Beast. I'm your big fan. My name is Risan and I am 19 years old. I am from Bangladesh. I want you to make a video about me just like that. Please 🥺🥺,0,0,False,False,1783987200
tnTPaLOaHz8,UgznVNK9JoqS7D2F5Mh4AaABAg,root,@RobiulhasanRisan-q1e,UC3i1S7D3HQWcS_OTQXTdNQQ,Hey Mr. Beast. I'm your big fan. My name is Risan and I am 19 years old. I am from Bangladesh. I want you to make a video about me just like that. Please 🥺🥺,0,0,False,False,1783987200
tnTPaLOaHz8,UgyGAAluLyWCmtez3Lh4AaABAg,root,@RobiulhasanRisan-q1e,UC3i1S7D3HQWcS_OTQXTdNQQ,Hey Mr. Beast. I'm your big fan. My name is Risan and I am 19 years old. I am from Bangladesh. I want you to make a video about me just like that. Please 🥺🥺,0,0,False,False,1783987200
tnTPaLOaHz8,Ugx70GQVBcp11h8nAbl4AaABAg,root,@RobiulhasanRisan-q1e,UC3i1S7D3HQWcS_OTQXTdNQQ,Hey Mr. Beast. I'm your big fan. My name is Risan and I am 19 years old. I am from Bangladesh. I want you to make a video about me just like that. Please 🥺🥺,0,0,False,False,1783987200
3ryID_SwU5E,UgzNL6x5pAPFHEnc7lR4AaABAg,root,@MrBeast,UCX6OQ3DkcsbYNE6H8uQQuVA,Make sure you/your parents give away Feastables on Halloween!,129000,25,False,True,1721433600
3ryID_SwU5E,UgzNL6x5pAPFHEnc7lR4AaABAg.9vrD9lgdAT19vrDI_9tblG,UgzNL6x5pAPFHEnc7lR4AaABAg,@mind_finds,UClKKp69fK-hB_hITuNPiJKg,Okay,4,0,False,False,1721433600
3ryID_SwU5E,UgzNL6x5pAPFHEnc7lR4AaABAg.9vrD9lgdAT19vrDJ12MpKo,UgzNL6x5pAPFHEnc7lR4AaABAg,@Rjgamerz912,UCeJDYP9UfJRGB-rvpOhtlPA,Love you so much Mr beast,4,0,False,False,1721433600
3ryID_SwU5E,UgzNL6x5pAPFHEnc7lR4AaABAg.9vrD9lgdAT19vrDhJozD2U,UgzNL6x5pAPFHEnc7lR4AaABAg,@Noah.fatahh,UCP8CJFce1uSgMjr4-kiIdow,OK,20,0,False,False,1721433600
3ryID_SwU5E,UgzNL6x5pAPFHEnc7lR4AaABAg.9vrD9lgdAT19vrDJHmD4hY,UgzNL6x5pAPFHEnc7lR4AaABAg,@P2tr1cky,UCdMpyAXU3m1xp8wnqGlPMEw,W,1,0,False,False,1721433600
3ryID_SwU5E,UgzNL6x5pAPFHEnc7lR4AaABAg.9vrD9lgdAT19vrDJOEJ5CT,UgzNL6x5pAPFHEnc7lR4AaABAg,@ShyFlappySally,UCwdIxPrayC3tMpU16Pg4C7g,Lol okay,1,0,False,False,1721433600
3ryID_SwU5E,UgzNL6x5pAPFHEnc7lR4AaABAg.9vrD9lgdAT19vrDJPu-qZD,UgzNL6x5pAPFHEnc7lR4AaABAg,@itachi_kunai1664,UCNjd1pTHdUXnumkCsYYGlxQ,Ok,1,0,False,False,1721433600
3ryID_SwU5E,UgzNL6x5pAPFHEnc7lR4AaABAg.9vrD9lgdAT19vrDJYUzwqY,UgzNL6x5pAPFHEnc7lR4AaABAg,@HumzaH789,UCNshNg-sULv3RnZgl0jO-UQ,🤫,1,0,False,False,1721433600
3ryID_SwU5E,UgzNL6x5pAPFHEnc7lR4AaABAg.9vrD9lgdAT19vrDK7Mn-JN,UgzNL6x5pAPFHEnc7lR4AaABAg,@FrameGuyGaming,UCVqkqDPAwSHrRTlrHE537xQ,Who gives the ideas for these videos ? 😮😅😅,1,0,False,False,1721433600
3ryID_SwU5E,UgzNL6x5pAPFHEnc7lR4AaABAg.9vrD9lgdAT19vrDK9kwNPz,UgzNL6x5pAPFHEnc7lR4AaABAg,@itachi_kunai1664,UCNjd1pTHdUXnumkCsYYGlxQ,😂lol,1,0,False,False,1721433600
3ryID_SwU5E,UgzNL6x5pAPFHEnc7lR4AaABAg.9vrD9lgdAT19vrDKGA7_MY,UgzNL6x5pAPFHEnc7lR4AaABAg,@GHOSTGLASS,UCCqmZ_suB7qKfVTy1e-sJzA,LOVE U,1,0,False,False,1721433600
3ryID_SwU5E,UgzNL6x5pAPFHEnc7lR4AaABAg.9vrD9lgdAT19vrDKUAMy5F,UgzNL6x5pAPFHEnc7lR4AaABAg,@GREEBKAGAMING-i9z,UCqch6a5QL_pTX_zypccP3Kg,"Please Mr Suni
AB free fire 1M",1,0,False,False,1721433600
3ryID_SwU5E,UgzNL6x5pAPFHEnc7lR4AaABAg.9vrD9lgdAT19vrDKfHQZXk,UgzNL6x5pAPFHEnc7lR4AaABAg,@твоя_писькаее,UC7HnGZi71z0Qd_SSJ2B4fXg,Мистер бист ты приедешь в кыргыстан,1,0,False,False,1721433600
3ryID_SwU5E,UgzNL6x5pAPFHEnc7lR4AaABAg.9vrD9lgdAT19vrDKjmnQf3,UgzNL6x5pAPFHEnc7lR4AaABAg,@MinecraftRulesAlways123,UCwN5-4EiCKZO7R3Ekq0GvGA,😂,1,0,False,False,1721433600
3ryID_SwU5E,UgzNL6x5pAPFHEnc7lR4AaABAg.9vrD9lgdAT19vrDKlVTktG,UgzNL6x5pAPFHEnc7lR4AaABAg,@MinecraftRulesAlways123,UCwN5-4EiCKZO7R3Ekq0GvGA,😂,1,0,False,False,1721433600
3ryID_SwU5E,UgzNL6x5pAPFHEnc7lR4AaABAg.9vrD9lgdAT19vrDKvQHGIZ,UgzNL6x5pAPFHEnc7lR4AaABAg,@Milesss14,UC2LOuuwNNzeIMBmHYI5LG_Q,Ok,1,0,False,False,1721433600
3ryID_SwU5E,UgzNL6x5pAPFHEnc7lR4AaABAg.9vrD9lgdAT19vrDL8eHe5Z,UgzNL6x5pAPFHEnc7lR4AaABAg,@Zeox7aepシ,UCoVdplMHw40BTVb7UYaZMng,Sure,1,0,False,False,1721433600
3ryID_SwU5E,UgzNL6x5pAPFHEnc7lR4AaABAg.9vrD9lgdAT19vrDLbxDvTe,UgzNL6x5pAPFHEnc7lR4AaABAg,@ayla..007,UC1gwAUIlSzBIFpi7tcyZMfg,OMG 199 MILLION,1,0,False,False,1721433600
3ryID_SwU5E,UgzNL6x5pAPFHEnc7lR4AaABAg.9vrD9lgdAT19vrDLiPXVYV,UgzNL6x5pAPFHEnc7lR4AaABAg,@Soyguampis,UCVb1Vnn24X-axbSnq_O9uKg,Desde Dominican Repúblic,1,0,False,False,1721433600
3ryID_SwU5E,UgzNL6x5pAPFHEnc7lR4AaABAg.9vrD9lgdAT19vrDLlRN-MN,UgzNL6x5pAPFHEnc7lR4AaABAg,@madi.s,UCsrDB4Nww73Xa1hRECoo_8w,bet,1,0,False,False,1721433600
3ryID_SwU5E,UgzNL6x5pAPFHEnc7lR4AaABAg.9vrD9lgdAT19vrDMABFYfj,UgzNL6x5pAPFHEnc7lR4AaABAg,@Kim-Ssar,UCPVVxsDw7sO9N6Cc8rZgkVA,You the best man ever❤,1,0,False,False,1721433600
3ryID_SwU5E,UgzNL6x5pAPFHEnc7lR4AaABAg.9vrD9lgdAT19vrDMIOsBgW,UgzNL6x5pAPFHEnc7lR4AaABAg,@MinecraftRulesAlways123,UCwN5-4EiCKZO7R3Ekq0GvGA,😂,1,0,False,False,1721433600
3ryID_SwU5E,UgzNL6x5pAPFHEnc7lR4AaABAg.9vrD9lgdAT19vrDOOCmCxm,UgzNL6x5pAPFHEnc7lR4AaABAg,@dareallobsidian,UCvpr4zt6l9O8uct2lXqceoQ,We will,1,0,False,False,1721433600
3ryID_SwU5E,UgzNL6x5pAPFHEnc7lR4AaABAg.9vrD9lgdAT19vrDOd2Usjh,UgzNL6x5pAPFHEnc7lR4AaABAg,@Drosa347,UCjXxrGJlRdwULeHrdrIUmag,Жду импорт  твой шоколад в Россию,1,0,False,False,1721433600
3ryID_SwU5E,UgzNL6x5pAPFHEnc7lR4AaABAg.9vrD9lgdAT19vrDOhhGNIR,UgzNL6x5pAPFHEnc7lR4AaABAg,@Blaxe2k,UC1i3onZBUx2_8jAdiL187ew,Ok,1,0,False,False,1721433600
3ryID_SwU5E,UgzNL6x5pAPFHEnc7lR4AaABAg.9vrD9lgdAT19vrDOuQb8rb,UgzNL6x5pAPFHEnc7lR4AaABAg,@The_slothy_guy,UCsOrdoggarZB5gqi9iU98lg,IM IN,1,0,False,False,1721433600
3ryID_SwU5E,UgztneWuT4Du_EzRlTN4AaABAg,root,@Kuzze431,UCZn8467IKAIRbIP6IEPJ8fA,Hallo Mr beast 1:21,0,0,False,False,1784466000
3ryID_SwU5E,UgwBM85K8TgG29SnEKp4AaABAg,root,@XianAndrei-q1l,UC0bSMc9HRQdFnpAhhMNqLpg,"Mr beast, buy me prada",0,0,False,False,1784466000
3ryID_SwU5E,UgzupShAjT-O1yXPlfZ4AaABAg,root,@CHHATISHKUMAR10K,UC88R8N1MygUiqEUSmCg2QWg,Mr Bean ka video bhej Kyon jata hai mere video per bhej Kyon Nahin Jata Hai 😮,1,0,False,False,1784458800
3ryID_SwU5E,Ugx-RbqerAvh3QUH8hx4AaABAg,root,@SitaParmar-n3o,UCuQn9T8nRnczYu2DWFJ7v9A,❤❤❤,0,0,False,False,1784448000
3ryID_SwU5E,UgwSj5toWmw4Jln-gBF4AaABAg,root,@BigBadJman15,UCqNSVPSstDarwF8SviEbSsw,Didn’t know jimmy could hoop fr,0,0,False,False,1784440800
3ryID_SwU5E,Ugxj-aJlheiYmjJfJs14AaABAg,root,@SplashDaGreat,UCnPm3tyEs9PSXSlHbvc4KZA,the i million house looks like mine lol,0,0,False,False,1784437200
3ryID_SwU5E,UgwEnC8D_xOn17M05EJ4AaABAg,root,@jilliangroves5013,UCuSMlxbmfw23YCvIQRiajzA,Carl is 5.11,0,0,False,False,1784437200
3ryID_SwU5E,UgzE9paS2645N63wvBJ4AaABAg,root,@Kittu.ৎ,UC8lCZ1wfgPmKkxWkMM3AnBA,❤❤,0,0,False,False,1784430000
3ryID_SwU5E,UgwY5RRHEvm3PGwqRHJ4AaABAg,root,@cjmode5311,UCiWgCpy6Qwtz2n_lR7xsaWg,Why could I smell the water in the water park,0,0,False,False,1784394000
3ryID_SwU5E,Ugx58eWm449p4zHct9N4AaABAg,root,@RanjuYadav-t8x1tnjkkm,UCOafy8GKmGdSf34VjXhEgIg,Syco,0,0,False,False,1784394000
3ryID_SwU5E,UgymdrezsXlXddBniJB4AaABAg,root,@MizanurRahman-eg5ey,UC0lZZfUqrA15OK5OdrwhCjQ,We saw the Farao's of this century,0,0,False,False,1784390400
3ryID_SwU5E,UgwNxuWaDKnqHI73tMV4AaABAg,root,@Allah01Arkam,UCve1RkiKfAh98oH41KEJJeA,😊😊😊😊😊😊 India se bol raha hun aapka subscriber,0,0,False,False,1784390400
3ryID_SwU5E,UgydCml5S_PmNhAuyfd4AaABAg,root,@Lloyd-garmadon234,UCN7Nb_cPmWKWgJIQionkvjQ,How much bombs does he have 😂,0,0,False,False,1784386800
3ryID_SwU5E,Ugydh0-4Z_PrgVCi2fd4AaABAg,root,@herobrinegamer8161,UCq5iEzI-6qWVIBpkmQ0rZ3Q,Who is from 2026,1,0,False,False,1784386800
3ryID_SwU5E,UgwD7ZkboDjspD6tif14AaABAg,root,@mdnurnabihossain6002,UCPxdtlG100O4DRx9nZkBpXw,❤❤help me😢,0,0,False,False,1784419200
3ryID_SwU5E,UgxDomxeLdEv2lWrn9Z4AaABAg,root,@shorifmiya-w8e,UCbcaPIpMbgKdZ-p_YGHgUig,🇧🇩🇧🇩🇧🇩🇧🇩🇧🇩🇧🇩❤❤❤❤❤❤❤❤❤❤❤❤❤❤❤❤❤❤❤❤❤❤❤❤,0,0,False,False,1784419200
3ryID_SwU5E,Ugzl_ZcqE2iTlW5OjIt4AaABAg,root,@shorifmiya-w8e,UCbcaPIpMbgKdZ-p_YGHgUig,nice ❤,0,0,False,False,1784419200
3ryID_SwU5E,UgzSZOBkucbn25cOUG14AaABAg,root,@LongVu-ix3nu,UCuydlIWp3XzPyN7A5B64Yjg,You're not alone and you will have usa,0,0,False,False,1784419200
3ryID_SwU5E,UgxJKMZ0oN_0gfbdhLF4AaABAg,root,@prince-official9657,UC7WUxfOfwUuTazFMGKUTerg,Let's make a video in antilia ❤,0,0,False,False,1784419200
3ryID_SwU5E,Ugz5FPLqE9FjDBcFhHh4AaABAg,root,@Rose15075,UCUIfuNSAeSBHcpPllabpkRw,pewdipie has 110m u pass him 508m,0,0,False,False,1784419200
3ryID_SwU5E,UgxzEz0Iky73-6W2D0Z4AaABAg,root,@AdityaSahu_2008,UC0pIyVoko0dulIAnqxehuHQ,Hello sir ji ❤❤❤,0,0,False,False,1784419200
3ryID_SwU5E,UgzMD3LTMHm3lV-yRG54AaABAg,root,@AdityaSahu_2008,UC0pIyVoko0dulIAnqxehuHQ,O my God 😱😱😱😱,0,0,False,False,1784419200
3ryID_SwU5E,UgwTA04WrQk0hPlZfo94AaABAg,root,@Thewind-g3z,UCyPgIvbPzkZjOXFLton6Z-Q,Mr.Beast casually bombing a 30 mil dollar house (i know its just editing),1,0,False,False,1784419200
3ryID_SwU5E,UgxWzklJ3mMMTZ5prWp4AaABAg,root,@MAXIMILIANOArenas-o4d2m,UCjKw_GlEQHczRKUlWL7WsQQ,Literal estaban en la casa de franklyn,0,0,False,False,1784419200
3ryID_SwU5E,UgwfakAD9XHAZRFuPZN4AaABAg,root,@KING786-v2z,UCsFIkh3fh1KrEdsea_K5BJA,Bro I need Home 🏡,0,0,False,False,1784419200
3ryID_SwU5E,Ugw5gqGL_dOI7iG6XVB4AaABAg,root,@ph.q3w,UCDe0RV559WrnNEHJWzJFk2A,تصرف نظر وتشبع قهر,0,0,False,False,1784419200
3ryID_SwU5E,Ugzy3XXDhsPXyNcBSZV4AaABAg,root,@MAjmalA,UCd8jXicbNVw8Z87uFqFb78w,Where is nollan,0,0,False,False,1784419200
3ryID_SwU5E,UgyL1aYDNGFvCQQKeUJ4AaABAg,root,@macetheace_13,UCKYHE9BTcZejaUxLHmRq3KQ,What is up with Beast bombing America?,0,0,False,False,1784419200
3ryID_SwU5E,Ugy2KD-zSrSO27R5IDl4AaABAg,root,@AxelDelaguila-x7y,UCd986fVkE400JmNVJKOVpmA,❤❤❤,0,0,False,False,1784419200
3ryID_SwU5E,UgzdONV5CcOd3GnVfPV4AaABAg,root,@falconsking7,UCQvViY22e06sH7D-tlni4_A,Please why you are not replying,1,0,False,False,1784419200
3ryID_SwU5E,UgxznEiUR9xZqmr-uzp4AaABAg,root,@falconsking7,UCQvViY22e06sH7D-tlni4_A,"Mrbeast please I am subscribed please send me diamond in free fire 
Uid1605414840
DreamxGirl77",1,0,False,False,1784419200
3ryID_SwU5E,UgwoXhd86p_Df4TfTbF4AaABAg,root,@SwaroopchandYadav-o5f,UCltbv0NNga4dp0di6VXQuQg,Mr. Beast please contact me,0,0,False,False,1784419200
3ryID_SwU5E,UgxWLeWuEx6eVq_VHjd4AaABAg,root,@barennc,UCqy0u2RzFuAgAoK8EUDEIfg,Thank you,0,0,False,False,1784332800
3ryID_SwU5E,Ugw6Ws5cI2syni07xU94AaABAg,root,@Danielafe-r2f,UCZ7BOvW4Dp8ulNqinDCa6Lg,I love mister beast,0,0,False,False,1784332800
3ryID_SwU5E,UgwzsDqznPcJcLg75qF4AaABAg,root,@RoniRoy-u1b,UCBFpP-ONEvNWjsHSd3hoCFQ,প্রত্যেক টা বাড়ীতে ___১ দিন করে থাকা উচিৎ ছিলো,0,0,False,False,1784332800
3ryID_SwU5E,Ugw0GJ0xRHrdq4pvOkd4AaABAg,root,@BySadaf,UCnOAZqr3r5vrbU9uci4rkog,You look mesmerizing,0,0,False,False,1784332800
3ryID_SwU5E,UgwcVPqI5H_NibkOaAp4AaABAg,root,@CarHk-g4e,UC8BjC-xgz_5vQhJbFEVb8wA,Quiero ser tu amigo,0,0,False,False,1784332800
3ryID_SwU5E,Ugy6-7r6EHhJAv1KXAx4AaABAg,root,@JuanitaAlvarez-b2q,UCh3DunZc2Sp69nxtlc548sQ,😍😍😍😍😍😍,0,0,False,False,1784332800
3ryID_SwU5E,UgyeAa6i9ogxozY7qKh4AaABAg,root,@shakimirzaali3674,UC9-qtEor2wcAUmUppFydYzA,❤❤❤❤,0,0,False,False,1784332800
3ryID_SwU5E,Ugy_e0SIGBpKcBZCaC14AaABAg,root,@WilliamsLokindola-k8g,UChZAjOF3XmxQeh-1zI8-fNg,Ont connais miranda elle la joue le rôle de carly de icarly😊😮,1,0,False,False,1784332800
3ryID_SwU5E,UgxLF4JWPuZuAPvOVN14AaABAg,root,@SAMvlogs0111,UCiemM1RrnObTomikuJbSQBg,🥹dream life,0,0,False,False,1784332800
3ryID_SwU5E,UgzVvoV2OqCir2gmuk14AaABAg,root,@weezeostap,UCmShpBPAiLJwOCFU42RcnQw,"what is his obsetion with the number 69, did he forget he was supposed to  be familyfriendly",0,0,False,False,1784332800
3ryID_SwU5E,UgyDJbBMW1uoXJlyhFJ4AaABAg,root,@oumargadiaga4370,UCdIamW8dJfgpyYAqTYGtuWw,Hey Google 5000000,0,0,False,False,1784332800
3ryID_SwU5E,Ugz26o94zAkdV7FoRTR4AaABAg,root,@TheNextTake-y5e,UCJnyOq71AZq2hTqkxwZz9aw,"OK, listen up bro. I live in Los Angeles and $1 million gets me two bedroom two bath Bro that’s insane for $1 million. You get a movie theater are you kidding me?",0,0,False,False,1784246400
3ryID_SwU5E,UgzjQAqDujuXjYY9h9B4AaABAg,root,@daniellesantos1545,UCqyALaSO2o25Z09OV-OQLMg,MDS,0,0,False,False,1784246400
3ryID_SwU5E,UgwPW2lNUvhQYtUc1-h4AaABAg,root,@lingua_bralw,UCgQd5OfL4ThfOoe63DgaZYg,Um único quarto da última casa e maior que minha casa toda,0,0,False,False,1784246400
3ryID_SwU5E,UgyEzTYVlVFx7It3xid4AaABAg,root,@Afrozkhan-mi6ne,UCy6aiQyU4RSESRuw9C-5BRQ,hi bro,0,0,False,False,1784160000
3ryID_SwU5E,Ugw9pOMzqnnSgFyQX-t4AaABAg,root,@Vgbhnjmklpoiuytrewqq,UCjimwI8CMdRXWOoNdEqJqDQ,اناعندي0,0,0,False,False,1784160000
3ryID_SwU5E,UgzytL9juP-n-737JKd4AaABAg,root,@SUFYANJAN7077,UCw5CotKvXCFn92jg5OZ2y3A,I want play with you,0,0,False,False,1784160000
3ryID_SwU5E,UgzIfHXDv7VTyxFNfDd4AaABAg,root,@MdRokman-y6t,UC1mUqTGOhymFB-_AIPSkdpw,Hi Jimmy videotape Asheville 3:01 🥰🥰🥰,0,0,False,False,1784160000
3ryID_SwU5E,UgzGJc89YxzQIFK58Bl4AaABAg,root,@vilasfuse5004,UCjN0Mn7GYWKVfZ60PQHvJhg,"यहाँ मिस्टर बीस्ट (MrBeast) के लिए एक बधाई संदेश है:

​""जिमी, आपको आपकी शादी की खबरों और हाल ही में YouTube पर 500 मिलियन सब्सक्राइबर्स पार करने की ऐतिहासिक उपलब्धि के लिए बहुत-बहुत बधाई! आपकी परोपकारी भावना और अनोखे वीडियो हमेशा लोगों को प्रेरित करते हैं। भविष्य के लिए ढेर सारी शुभकामनाएं!""

​क्या आप चाहते हैं कि मैं इसे भेजूं? (कृपया ध्यान दें कि मिस्टर बीस्ट आपके व्यक्तिगत संपर्कों में नहीं हैं, लेकिन यदि आपके पास उनका कोई संपर्क नंबर या विवरण है, तो मैं इसे भेज सकता हूँ।)",0,0,False,False,1784160000
3ryID_SwU5E,UgwVDndRwzowoNl8tFV4AaABAg,root,@SleepyBulldogPuppy-yf8qh,UCuHGDPB8RsGgawyGZ4hos9A,হেল মিসটার বীট আফনে একটি চাচকাফ করলাম আফনে কি আমাকে দশ মিলিয়ন টাকা দিবেন আমার দেশ বাংলা  দেশ,0,0,False,False,1784160000
3ryID_SwU5E,Ugy8KF-faYf9C_6YieR4AaABAg,root,@МурадЮнусов-й9ж,UCevlOzTvNf3ZcDUAGPt2-mA,MrBeast legend,0,0,False,False,1784160000
3ryID_SwU5E,UgxFV-mDgJ3XM59udNJ4AaABAg,root,@mariamsdailyvlogs2355,UCPIoNwihBJcMQQi6s6pJM6g,জিমি প্লিজ  বাংলাদেশ আসো বন্ধু 😊😊আমি 🇵🇹ছাপট করি❤❤❤❤❤❤❤❤❤😊😊😊😊😊😊😊😊🎉🎉🎉🎉🎉🎉😘😗🫶💯🫶💯🫶💯🫶💯😊😚😚😘😗😚😘😗😚😘😗😚😘😗,0,0,False,False,1784160000
3ryID_SwU5E,UgzuG2Exe9mdwCIJEGB4AaABAg,root,@YulitaMaraguinot,UCbHEobbJpKcNCr_ylOcClpA,Tony Stark industry 😂,0,0,False,False,1784160000
3ryID_SwU5E,Ugw-4RiEj9UIs4JN5iF4AaABAg,root,@ErvicTandayag,UCOdFSjBr-CYmSJRjSVbymbQ,9:10 heated seat,0,0,False,False,1784160000
3ryID_SwU5E,UgxbqXtww9JuxWsjBzR4AaABAg,root,@antoni8604,UC6Ms0yi7L6XTvJxDHlZ4g_A,❤❤❤😂😂😂😂😂😂😂😂😢😊😊😊😊😊😊😊MAITE❤❤❤❤❤❤😂😂😂😂😂😂😂,0,0,False,False,1784160000
3ryID_SwU5E,Ugx_UgdE2bU9xoyhjBR4AaABAg,root,@Abeaver16,UCz_-hhIGXjPgeH845ivAQCg,Jesus Loves you! Have faith in Him and He will give you salvation! If you don’t you will perish in the abyss+,0,0,False,False,1784160000
3ryID_SwU5E,UgzhO2yEPdiZfqjecuV4AaABAg,root,@SamuelSamuel-s4b,UCH6SJuyM29DJMbjOUrYuOmg,❤,0,0,False,False,1784160000
3ryID_SwU5E,UgwJkN02x1rbvsgggIJ4AaABAg,root,@modestmaven2,UCgtqUwi8-u-5YCeRkhnTZJw,"sooo many people talking about that vera hart archetype quiz its crazy, lol. Tried it myself and the results are quite promising!",0,0,False,False,1784073600
3ryID_SwU5E,Ugx8Z0pJ1E8cjCaD4XZ4AaABAg,root,@SantoshKuma-sn5tlp,UCzLpt5G7v6kAE4VWnaAMC1A,🙏😂💵🌺🌹❤❤❤❤❤❤❤❤❤❤❤❤❤❤❤💵💲15000😂😂🎉🎉🎉,0,0,False,False,1784073600
3ryID_SwU5E,UgwJHXrWPz5TkeCDSqV4AaABAg,root,@teneryffamsp2109,UCpVl7-0rUwgOUb8NQzy5uVw,15:19 best part,0,0,False,False,1784073600
3ryID_SwU5E,Ugz1GBSKyhk5uL8nVzx4AaABAg,root,@babu__cox135,UCsEOptBDOjGxP2zC_ZIep4g,"I used to watch other people talk about manifesting like it was the easiest thing in the world, while I couldn’t get anything to work. I eventually tried Vera Hart’s archetype quiz out of pure curiosity, and the result matched me almost uncomfortably well. I wasn’t expecting that at all. It only takes a couple of minutes, so it’s worth checking out ❤️",0,0,False,False,1784073600
3ryID_SwU5E,Ugz_JMPD57tMV7V7E914AaABAg,root,@Ghiblivibes-l7b,UCOpvMvwBmkNOTnI_0qlWeYA,The bluesman w,0,0,False,False,1784073600
3ryID_SwU5E,UgytDbf2teUCFRNCBqB4AaABAg,root,@RayhanKhan-m6t3o,UCCAz-PEF2mZx1Qn7oFT-Z9w,"1,m",0,0,False,False,1784073600
3ryID_SwU5E,UgwNVAauA19XXoV-iFx4AaABAg,root,@LacapagLeanne,UCdVdcOphCdbMX1ts9sceJ1A,Bro karl said his 6 feet😂😂,0,0,False,False,1784073600
3ryID_SwU5E,UgxTsl7ZwHOM4cTAoKB4AaABAg,root,@jossii91,UCwyX8PXoiVQBFqntwBtXrjA,69 millons feastables,0,0,False,False,1784073600
3ryID_SwU5E,UgxFrAI-OkXUs86X_6l4AaABAg,root,@DorianGarcia-x4h1f,UCVncaBAW65GFPfvWaEzayZA,Me gustó la casa de GTA v,0,0,False,False,1784073600
3ryID_SwU5E,UgxzjthL_NReuFAqlgl4AaABAg,root,@preciouszen1712,UCOYEkm8YePg1P4CaXWi00rA,that 's carly from icarly,0,0,False,False,1784073600
3ryID_SwU5E,UgwKnXIy4cp-eBMkxaJ4AaABAg,root,@Eghosa-d5w,UC9NJ0K7zIz0k9PLw0zmorPw,I love your videos,0,0,False,False,1784073600
3ryID_SwU5E,UgxEIDzMR_mLNQUb8Z54AaABAg,root,@Eghosa-d5w,UC9NJ0K7zIz0k9PLw0zmorPw,You are a good person,0,0,False,False,1784073600
3ryID_SwU5E,UgyfomPZ-sP31DkVjSh4AaABAg,root,@AlexsandroKaleb-w9n,UCr8_EIZ7A0vcYtKvMnlYAjg,minha casa e maior de todas esas,0,0,False,False,1784073600
3ryID_SwU5E,UgzVcj55Mulb2MMGqcR4AaABAg,root,@florentinocorrales5856,UCRVsMmWJStyCNXN8A-YDbbg,🤑,1,0,False,False,1784073600
3ryID_SwU5E,Ugxi_sC1wW4MZb8q2wt4AaABAg,root,@Frogking12,UCB1C2rSyFYF1bNdBy1pEBew,why 69 bro,0,0,False,False,1784073600
KrLj6nc516A,Ugzxs4_5UJwAI1xrNF14AaABAg,root,@MrBeast,UCX6OQ3DkcsbYNE6H8uQQuVA,Subscribe to be in one of my upcoming videos (it's going to be huge!),192000,24,False,True,1721433600
KrLj6nc516A,Ugzxs4_5UJwAI1xrNF14AaABAg.9uj377Q6pSj9vQxVWpwq4w,Ugzxs4_5UJwAI1xrNF14AaABAg,@jorgemaiadossantosjunior4330,UCBIUV76DMcUBQndqO-wwTCg,Acho que uma Lamborghini sia seria uma boa pra vc tanto quanto Floyd mas seus corações são os melhores pra todos,36,0,False,False,1721433600
KrLj6nc516A,Ugzxs4_5UJwAI1xrNF14AaABAg.9uj377Q6pSj9vRE8KhG5HC,Ugzxs4_5UJwAI1xrNF14AaABAg,@Jesus-fc6bl,UC2rZ8eb2flQ7w-rfQxhjc9Q,❤,4,0,False,False,1721433600
KrLj6nc516A,Ugzxs4_5UJwAI1xrNF14AaABAg.9uj377Q6pSj9vR6K-NueI3,Ugzxs4_5UJwAI1xrNF14AaABAg,@jorgemaiadossantosjunior4330,UCBIUV76DMcUBQndqO-wwTCg,Acho que me enganei... Bangladesh mesmo???,3,0,False,False,1721433600
KrLj6nc516A,Ugzxs4_5UJwAI1xrNF14AaABAg.9uj377Q6pSj9vRCwah3NST,Ugzxs4_5UJwAI1xrNF14AaABAg,@ThePinoyFutbolEnthusiast,UC6l4XJfJSor9YyvrNu_3sQg,Also its the BEST,3,0,False,False,1721433600
KrLj6nc516A,Ugzxs4_5UJwAI1xrNF14AaABAg.9uj377Q6pSj9vRFW4drg_D,Ugzxs4_5UJwAI1xrNF14AaABAg,@MrPerfect281,UC5AGhtQ0BmDUD64NkcTWwVg,Last🎉,3,0,False,False,1721433600
KrLj6nc516A,Ugzxs4_5UJwAI1xrNF14AaABAg.9uj377Q6pSjAVr6VZbim_2,Ugzxs4_5UJwAI1xrNF14AaABAg,@mayankrathod1076,UCgpg8jQ4ccIYIhF-t2YaGtQ,Motu Patlu gadi,3,0,False,False,1779235200
KrLj6nc516A,Ugzxs4_5UJwAI1xrNF14AaABAg.9uj377Q6pSj9uj3I_MV_xu,Ugzxs4_5UJwAI1xrNF14AaABAg,@friendsattitude5708,UCcgbHWKfOB-cZU9FCFVXyrQ,love you,23,0,False,False,1721433600
KrLj6nc516A,Ugzxs4_5UJwAI1xrNF14AaABAg.9uj377Q6pSj9uj3LdGoneY,Ugzxs4_5UJwAI1xrNF14AaABAg,@TheRealLizardWizard,UCpfUGcXMRpGx19jbUaSh2Mw,Ok,2,0,False,False,1721433600
KrLj6nc516A,Ugzxs4_5UJwAI1xrNF14AaABAg.9uj377Q6pSj9uj3LfUAlKh,Ugzxs4_5UJwAI1xrNF14AaABAg,@justinenjulian1567,UCk6V1jQpRxzsb4zBBvSNuJA,Me me me,2,0,False,False,1721433600
KrLj6nc516A,Ugzxs4_5UJwAI1xrNF14AaABAg.9uj377Q6pSj9uj3LgyRaHj,Ugzxs4_5UJwAI1xrNF14AaABAg,@YoonSuk-Yeol-LeaderOfKorea,UCwHxKxyq79L3JHi37h4srBg,Been subbed since 5 months,2,0,False,False,1721433600
KrLj6nc516A,Ugzxs4_5UJwAI1xrNF14AaABAg.9uj377Q6pSj9vQzGNJT1IO,Ugzxs4_5UJwAI1xrNF14AaABAg,@Cooperbichon,UCnxx_Gqu-x1tMH-qleYfeeg,❤😊❤😊❤😊❤😊 sos muy divertido   te miramos en familia  desde 🇺🇾🇺🇾🇺🇾🇺🇾❤❤❤,2,0,False,False,1721433600
KrLj6nc516A,Ugzxs4_5UJwAI1xrNF14AaABAg.9uj377Q6pSj9vR5Ex1hvF1,Ugzxs4_5UJwAI1xrNF14AaABAg,@GyanoJoti,UCrsYeQlX-DIREQyN6qawnaQ,Ok.........i am From Bangladesh ❤❤,2,1,False,False,1721433600
KrLj6nc516A,Ugzxs4_5UJwAI1xrNF14AaABAg.9uj377Q6pSj9vR5odzO51F,Ugzxs4_5UJwAI1xrNF14AaABAg.9uj377Q6pSj9vR5Ex1hvF1,@jorgemaiadossantosjunior4330,UCBIUV76DMcUBQndqO-wwTCg, @GyanoJoti  se o desafio for em Bangladesh é só me levar lá que vou assistir a moeda de um centavo ser lenta no meu mergulho na água,0,0,False,False,1721433600
KrLj6nc516A,Ugzxs4_5UJwAI1xrNF14AaABAg.9uj377Q6pSj9uj3GI2bY2k,Ugzxs4_5UJwAI1xrNF14AaABAg,@kingdaily,UCX1mmrlBD7Ah2a6c9RA_mjQ,Yessir,20,0,False,False,1721433600
KrLj6nc516A,Ugzxs4_5UJwAI1xrNF14AaABAg.9uj377Q6pSj9uj3GkiPYHx,Ugzxs4_5UJwAI1xrNF14AaABAg,@4in1clips,UCks2GFLGKgxaSoxqTNlC1bQ,Superb,37,0,False,False,1721433600
KrLj6nc516A,Ugzxs4_5UJwAI1xrNF14AaABAg.9uj377Q6pSj9uj3I5nyCpW,Ugzxs4_5UJwAI1xrNF14AaABAg,@KanZer-tx2ux,UCcuM6PdcEwmjwdWQ3H0YLAw,Me,19,0,False,False,1721433600
KrLj6nc516A,Ugzxs4_5UJwAI1xrNF14AaABAg.9uj377Q6pSjA-xO6InT_wS,Ugzxs4_5UJwAI1xrNF14AaABAg,@OP_NINJA_GAMIMG,UCc03cSvVfW5VzyP-_ZrrDHQ,10:16,19,0,False,False,1721433600
KrLj6nc516A,Ugzxs4_5UJwAI1xrNF14AaABAg.9uj377Q6pSjAU5YIni9gfK,Ugzxs4_5UJwAI1xrNF14AaABAg,@balwantsingh2610,UCIvAAJ5TXeBcY-3L1qFPzYA,Good,19,0,False,False,1773964800
KrLj6nc516A,Ugzxs4_5UJwAI1xrNF14AaABAg.9uj377Q6pSj9uj3IjQW7ov,Ugzxs4_5UJwAI1xrNF14AaABAg,@ryvntzy5202,UCzBlgFLCQWYGb-ONqxUCkMw,Yooo,1,0,False,False,1721433600
KrLj6nc516A,Ugzxs4_5UJwAI1xrNF14AaABAg.9uj377Q6pSj9uj3IuFaUC-,Ugzxs4_5UJwAI1xrNF14AaABAg,@Hihihihihiiii-xe4qq,UCZnuRXatbdY7x-ZMC2OzoAw,45th viewer,1,0,False,False,1721433600
KrLj6nc516A,Ugzxs4_5UJwAI1xrNF14AaABAg.9uj377Q6pSj9uj3JBXw5uz,Ugzxs4_5UJwAI1xrNF14AaABAg,@Blank-bi3up,UC0t7XE4YAcKfTz326ty72Qw,Here,1,0,False,False,1721433600
KrLj6nc516A,Ugzxs4_5UJwAI1xrNF14AaABAg.9uj377Q6pSjA-rJAb4WTPS,Ugzxs4_5UJwAI1xrNF14AaABAg,@อํานาจบริสุทธิ์,UCtzHffLoxYmp-2iEKrV_PNw,ฃภ,1,0,False,False,1721433600
KrLj6nc516A,Ugzxs4_5UJwAI1xrNF14AaABAg.9uj377Q6pSj9uj3FnnuM-w,Ugzxs4_5UJwAI1xrNF14AaABAg,@luketodd6290,UCChWlhH0Uoh1oI0WQgD6Jsg,gran turismo?,18,0,False,False,1721433600
KrLj6nc516A,Ugzxs4_5UJwAI1xrNF14AaABAg.9uj377Q6pSj9uj3G6SNd0a,Ugzxs4_5UJwAI1xrNF14AaABAg,@Kcirmeg,UCKQLqxjVHlo_8nfPQOj_6qA,e,18,0,False,False,1721433600
KrLj6nc516A,Ugzxs4_5UJwAI1xrNF14AaABAg.9uj377Q6pSj9uj3GE-x0vw,Ugzxs4_5UJwAI1xrNF14AaABAg,@mjs2440,UCUvMGrQdIeT0g75yvkYTSvw,I’m here,18,0,False,False,1721433600
KrLj6nc516A,UgyfOQ1o8FMOx0xel7t4AaABAg,root,@smartskills1996,UC5s6OkxPl44w81iRO7rXEwg,This really super I love luxury cars I want it this is love video super ❤❤❤❤❤❤❤❤❤❤❤❤❤❤❤❤❤,0,0,False,False,1784470620
KrLj6nc516A,Ugwh-eoSnqFEac1CjTN4AaABAg,root,@mdsukkurSukkur-c7e,UChvpQ1BZv7ajDDMwJ76XOUQ,I’m still not sure what I think about Vera Hart’s archetype quiz. Some parts felt obvious and other parts were strangely specific. I’m making my friend do it now too.,13,0,False,False,1784468700
KrLj6nc516A,Ugzy_gziJ76sCKyyGQp4AaABAg,root,@Nateetroll,UCFTdh55oQZ6OKWQwvK_XxLQ,อาไร🫵,0,0,False,False,1784467740
KrLj6nc516A,Ugx4QYI1SlODkGPkWZ14AaABAg,root,@moisesrosa20,UCkYqazlBNqGNN4F2xTUf2Gg,Vede 🇩🇴🇩🇴🇩🇴🇩🇴🇩🇴🇩🇴🇩🇴🇩🇴🇩🇴,0,0,False,False,1784466000
KrLj6nc516A,UgyJ2cpy1515a2L6iax4AaABAg,root,@JenniferBatangan-b1g,UCddb2ibAF1AL5w-Jx40-wlg,Mr Beast are you to Broke to afford a Apollo IE?,0,0,False,False,1784458800
KrLj6nc516A,UgyQG86HQ35YoNkbYqF4AaABAg,root,@장재익-m8l5h,UC6_8ret1F1hOD7lCpnFFmkw,삼숭!!!,0,0,False,False,1784455200
KrLj6nc516A,UgwVU7QuY_sZwGB53mR4AaABAg,root,@KhalMuhammadMuhammad,UCjen6m0mctNcZSag3abfysw,We will meet you in Pakistan,0,0,False,False,1784451600
KrLj6nc516A,Ugy2eUCvx3BioTefJ8p4AaABAg,root,@Jeetfitness-1,UCJ-a2QnFqnBWjP9wmc74MdQ,Please mr best reply my comments 😢😢😢😢😢😢😢😢😢😢😢😢😢😢😢😢😢😢😢😢😢😢,0,0,False,False,1784448000
KrLj6nc516A,UgwFBfgIaYjt5u-ViXp4AaABAg,root,@hadisurya9159,UCeJRcbnJhNLdkAQ_5Kb1mRQ,😮😮,0,0,False,False,1784448000
KrLj6nc516A,UgwwP27zQJENLMfhJA94AaABAg,root,@SomnathOraon-i4c,UC4cof34JfjInwylyEY44W6g,Hello best sir,0,0,False,False,1784448000
KrLj6nc516A,UgwSa2DPWslfGhakFQ54AaABAg,root,@GamingSMK1,UC-ijyaYDZ70aMbsBkU5yaUw,We finally have flying car,0,0,False,False,1784448000
KrLj6nc516A,UgyrIVfaKimaoQAyK9Z4AaABAg,root,@aqilaAlqi,UCPV5zXPZx4q_EyJ2EC8oeaw,Who's watching this in 2026?,0,0,False,False,1784444400
KrLj6nc516A,Ugx2tnWsTdo4opROET94AaABAg,root,@Aces4433,UCZ0DYSyrgp7q5x6SjtX80Fg,I didn't mean to sent the L,0,0,False,False,1784444400
KrLj6nc516A,UgzOuRIoL_la6UPhOtF4AaABAg,root,@Aces4433,UCZ0DYSyrgp7q5x6SjtX80Fg,Your fiancé won the youtuber showdown. L,0,0,False,False,1784444400
KrLj6nc516A,Ugy0FPich5QcG3fc-hR4AaABAg,root,@mr_devil-1289p,UCXzaY48OMEGTPvdvPnAyAnw,This episode is amazing,0,0,False,False,1784437200
KrLj6nc516A,Ugyw6NXojoJNPuMehiV4AaABAg,root,@TheFlashioo,UCS_91tvF8bZjFtwl_2C9sFg,Crazy,0,0,False,False,1784433600
KrLj6nc516A,UgwxJQeprGlhDk79L9p4AaABAg,root,@Yuànn-i5f,UCVkF4loNQ-3AyYTHOw7561A,"My brother said why I watch mrbeast videos a lot, I really like this video he makes everyone happy, I'm a big fan of mr beast, I hope I can play roblok with him, I want him to play vd with me and I'll show it with my brother 😻",1,0,False,False,1784433600
KrLj6nc516A,UgzjKeD5YQil6Jrk0Zd4AaABAg,root,@tomiokagiyuu511,UCYiTdiR4NP_3fawNenjcw4g,peak🔥,1,0,False,False,1784430000
KrLj6nc516A,UgxN0b3JSGYs9GoFVqx4AaABAg,root,@GabrilJay-q3o,UCPVC4MECG6BRqs-tuVWlKXw,Woaw,0,0,False,False,1784430000
KrLj6nc516A,UgziHyaNXHbJN5ERyI94AaABAg,root,@ChandaniJha-e6y5p,UCJdMGPyE-s3vEVIaWAm4HbQ,😊😊😊😊❤ hi,0,0,False,False,1784426400
KrLj6nc516A,UgyC3ey6yZtyX0cH04h4AaABAg,root,@FernandoRodríguez-r5p,UCTYCGnUq8quadobesaZFygg,EPIC,0,0,False,False,1784426400
KrLj6nc516A,UgzDrVblvuWOfrr5k4F4AaABAg,root,@YosevinaIna-q4g6u,UCS1D9w2Toe24xOFue71cmaA,❤Ll,0,0,False,False,1784422800
KrLj6nc516A,UgwsQJhpvnBelRL3lPF4AaABAg,root,@AmeliaGowlland,UC8ISKejNuaVC-8OHRG4nPcg,🤩🤩🤩🤨🤗🤗,0,0,False,False,1784415600
KrLj6nc516A,UgzwY2xB0viGl4H9oLV4AaABAg,root,@RameshYadav-u9v3p,UCzNDr4sSSeFMIpGXAMgmUrg,❤❤❤😂,0,0,False,False,1784415600
KrLj6nc516A,UgwOCX50vse5mRz6cNl4AaABAg,root,@RameshYadav-u9v3p,UCzNDr4sSSeFMIpGXAMgmUrg,❤❤❤❤❤❤,0,0,False,False,1784415600
KrLj6nc516A,UgwYyBmy2X5C12hvxlx4AaABAg,root,@MarkAndry-g1y,UCQ04ZR10O66qNz9iP-rQs8Q,"🌿Islam is the final religion revealed by God to guide humanity. It is the faith that God has chosen for all people until the end of time. God sent Prophet Muhammad (peace be upon him) as the last of all prophets and messengers, and no prophet will come after him.

The Holy Qur'an is the word of God, revealed to Prophet Muhammad (peace be upon him). It is the final divine scripture, preserved from alteration, guiding people to truth, righteousness, the worship of God alone, justice, mercy, and good moral character.

God says:

«“Muhammad is not the father of any of your men, but he is the Messenger of Allah and the Seal of the Prophets.” (Qur'an 33:40)»

And He also says:

«“Indeed, the religion in the sight of Allah is Islam.” (Qur'an 3:19)»",0,0,False,False,1784415600
KrLj6nc516A,UgwOx1Hvk58HgO6QoPR4AaABAg,root,@TediDimitrov-g1p,UCiLqZfmdPz_CjU84XQJ2TzQ,l'll come back in 2033,1,0,False,False,1784415600
KrLj6nc516A,UgyBcnvniuu5p8NBe8l4AaABAg,root,@ZahideÖner-o2b1i,UCsFlduonIwOxjPOXgFksRRA,Optimus ben senin hayranlarının lütfen kanala abone olacağım bana bir tane 100.000 dolarlık bana bir tane para verir misiniz ben Fikret de lütfen Selena hep hayranınım lütfen,0,0,False,False,1784404800
KrLj6nc516A,Ugzj52IdA-ls-LuBWDZ4AaABAg,root,@FurkanBestograk,UCiozT-nVrMgB1uLgZYVK5zg,"12:40 wtf,",0,0,False,False,1784401200
KrLj6nc516A,UgwjVaBgbiyJFowy1Ah4AaABAg,root,@NimoSolanki-s3s,UCXxR1UqW5GMyYfjhmZYjyDA,😘💯💯🤩🌺🌺🌍🚀😢 bhai music app ke remix gana channel karna chahta tha uske liye main Dena chahta tha😂💐🌷,1,0,False,False,1784390400
KrLj6nc516A,Ugy847sOelAMxoEURKZ4AaABAg,root,@JosephSearle-m1q,UCyvuFpAVICjdrBjve1ny7Yw,Mr beast I am such a good fan I've been watching since I was 2 and I am12 now and I still watch even when my friends tell me to stop watching you,0,0,False,False,1784419200
KrLj6nc516A,UgysjH4PN1Vy4VEVy4B4AaABAg,root,@neilzasilvaguimaraes2445,UCHDNqbaClJtgZOTudsFVKFQ,:( sou do brasil,0,0,False,False,1784419200
KrLj6nc516A,UgzA5vXR13Ti4bOi5Xh4AaABAg,root,@CricketBadshah-t1o,UChf7XPiKk3Pj5gJNuW2v6Cg,8:18 hydrogen train launch in india ❤,0,0,False,False,1784419200
KrLj6nc516A,UgyS6tPuy0D3FAGgvkB4AaABAg,root,@SuryaNandhan-u8o,UCtZTQ8hPoGtqMOHFMH36X1A,", but it is only a bit of time for you too much to get a good time with your team too and enjoy the rest of your time and work together and enjoy rest of your time and work together",0,0,False,False,1784419200
KrLj6nc516A,UgwhoLAkisXuM2aDuoB4AaABAg,root,@SuryaNandhan-u8o,UCtZTQ8hPoGtqMOHFMH36X1A,Cristiano Ronaldo has been a good time with your team too,0,0,False,False,1784419200
KrLj6nc516A,UgwWswaF8GAZhWdceb94AaABAg,root,@สุพรรษาบุตรศิริ,UCMzSz8ZcH_1aYNSj8j48akA,1000000067?,0,0,False,False,1784419200
KrLj6nc516A,UgzVskd-eaYnSPZdGuZ4AaABAg,root,@keytananlapbunjob3968,UC5QAjfHrE_zrQqrVHTjpfEA,You waited three months just to get a Tyrone,1,0,False,False,1784419200
KrLj6nc516A,UgxNptEftc7TlWwtlhB4AaABAg,root,@maniararahman,UC-S4E7GtXMuotHzHBx9kwiQ,আমাকে ফোন দেন,0,0,False,False,1784419200
KrLj6nc516A,UgwMamfpQSBchvoGZO14AaABAg,root,@maniararahman,UC-S4E7GtXMuotHzHBx9kwiQ,আমি মিরাজ আমি বাংলাদেশ থেকে দেখছি আমি গাজীপুরে থাকি আমি ফিসটিবালস খেতে চাই আমি আপনা কে সাবকেরাইস করেছি,0,0,False,False,1784419200
KrLj6nc516A,Ugz7CLL_L6ygFOW_Pj14AaABAg,root,@LạcHoten,UCh1iWuNqk0FnA-G4IcNJy8A,🇦🇷,0,0,False,False,1784419200
KrLj6nc516A,UgxEkup2XoM7zyhJNqV4AaABAg,root,@Виталина-ч5т,UCWY-5uM2nrDkRvypahuIRcg,The best YouTube channel🩵,1,0,False,False,1784419200
KrLj6nc516A,UgzJpMk_CwkwPMkk9nd4AaABAg,root,@RajkumariTiwari-n7d,UCrU8qLHgY-cEAbb_f-B_cdg,Mr beast,0,0,False,False,1784419200
KrLj6nc516A,Ugzy4dPjxWuLdwq6l4l4AaABAg,root,@ariyangamingzone,UCIs2lkDwQ1HZjMTuWNv0efQ,Bangladesh 🇧🇩 🇧🇩 🇧🇩,0,0,False,False,1784419200
KrLj6nc516A,UgxDG_1TtqCxVoAJgHt4AaABAg,root,@Domani-gaming,UC2tuG4yZVOmNGtaFjOSa0PA,Can you send me an iPad for games? I'm in Syria.,1,0,False,False,1784419200
KrLj6nc516A,UgzoNCun2KRJZOOi1wl4AaABAg,root,@KaloRamKaloRam-y3p,UCOU0sTGNfX86R7e5XmW8utA,Sabse mahanga 1000m😮😮😮😮,0,0,False,False,1784419200
KrLj6nc516A,UgwU2RZA5C8u9wgfJJp4AaABAg,root,@JohnLafferty-r2d,UC8BqIk8mWxKDzNUY1S_wpjQ,I really like Mrbeast,0,0,False,False,1784419200
KrLj6nc516A,Ugw7My3TN1hkLnFq9jl4AaABAg,root,@FBYVDV,UCVN-pwiOnvN5UHi_ncrDrYQ,$1Q,0,0,False,False,1784419200
KrLj6nc516A,UgzN70ETQbtpz27KwyF4AaABAg,root,@FBYVDV,UCVN-pwiOnvN5UHi_ncrDrYQ,$1B,0,0,False,False,1784419200
KrLj6nc516A,UgyblG_ksK5JBCXM7gh4AaABAg,root,@ManiAwan-g8v,UCxfeRTUtyrpwvCkxoOLOJsA,I need help ms beast,0,0,False,False,1784419200
KrLj6nc516A,UgytMFqFSmvGhRocXMt4AaABAg,root,@Morning82,UCed58uMESV1aB7Zcj3gdfxw,Bro i have the lamborghini,0,0,False,False,1784419200
KrLj6nc516A,UgymBz-yOrKEltN26vh4AaABAg,root,@fallaitndawKhady-h3p,UCj0ak1cEvh--mjr_CoRE1Sg,Je. Veye.  Une.  Vatur,0,0,False,False,1784419200
KrLj6nc516A,UgyHSswQu3muzZ6rPXF4AaABAg,root,@Tornado67_SB5,UC7T9X_CU8i9U4WLEhfbALBQ,I see you,0,0,False,False,1784419200
KrLj6nc516A,UgyBsOwpw99wN0x9hIF4AaABAg,root,@GlitchWorks-c4i,UCHyjh8vWJqUi-kydppIBFwg,15:53 what are you doing here😂,0,0,False,False,1784419200
KrLj6nc516A,UgzH78ywZ2Td09HgC1N4AaABAg,root,@lilianmanekeng620,UCbDNQ1gNJSZC_fkhjr5Xyng,The last car is ugly,0,0,False,False,1784419200
KrLj6nc516A,UgzWpmmUQIXWqpOsdRF4AaABAg,root,@cristianovikrant,UCYzG2TRoXzI0QgArbyXAYJA,నాకు ఫేవరెట్ కార్ ఏంటిది అంటే లంబోర్గిని సోయి,0,0,False,False,1784419200
KrLj6nc516A,Ugy4b947wLcTEo7XY5p4AaABAg,root,@GraceAnointed76,UCI7P9i40zbWoTPUi9LHuwbQ,"mr.  beast  can  i  be in   your   video i.
  live  in 
  Italy trento",0,0,False,False,1784419200
KrLj6nc516A,UgzJOkGzdZNgLegErc94AaABAg,root,@michael_francis.s,UCjiYVQbMV3uglOt9xpG4WGA,Great 🎉🎉🎉,0,0,False,False,1784419200
KrLj6nc516A,UgwmlvYbvg4xWFxD92l4AaABAg,root,@GudaniNemukula-m4x,UCMRtI4YxQ6GDcNfLJHS9bZQ,Bro Mr beast how much money do you have,0,0,False,False,1784419200
KrLj6nc516A,Ugzl0T7EJBQQLvfVnlt4AaABAg,root,@Lukitas-r6l,UCMowZwIf4-39kYtgpXDKQHg,"compramos tú chocolate mister beast, son muy ricos😋😋😋😊",0,0,False,False,1784419200
KrLj6nc516A,UgxuMt67-jGLwv-gqBF4AaABAg,root,@Lukitas-r6l,UCMowZwIf4-39kYtgpXDKQHg,7,0,0,False,False,1784419200
KrLj6nc516A,UgxyFkF32fpdg_OB3r54AaABAg,root,@ManikuttanPreadeep,UCJFP_gA_SiPmyITf-i_5zLw,Tesla no BMW yes,0,0,False,False,1784419200
KrLj6nc516A,UgwgIaKVI8BySK2FuGp4AaABAg,root,@ZeyrubuKeçe,UCgPafkb9qnhQhu5tdY5hOcQ,I am ronaldo friend,0,0,False,False,1784332800
KrLj6nc516A,UgwhiWoBuYUTvyDasDx4AaABAg,root,@ZeyrubuKeçe,UCgPafkb9qnhQhu5tdY5hOcQ,I am from türkiye,0,0,False,False,1784332800
KrLj6nc516A,UgzVnNg2nKXclrVw6Bd4AaABAg,root,@ZeyrubuKeçe,UCgPafkb9qnhQhu5tdY5hOcQ,Abiiiiiiiiiiii brother,0,0,False,False,1784332800
KrLj6nc516A,UgwqrNrcTASklU1BnGJ4AaABAg,root,@camilacaetanodasilvadefran8688,UC70Kd1Y8VWYBEV6cr28vmGQ,mrbeast's real name is jimmy,0,0,False,False,1784332800
KrLj6nc516A,Ugx-db9SMqpjZDJA1r14AaABAg,root,@MdRokman-y6t,UC1mUqTGOhymFB-_AIPSkdpw,Hi Jimmy videotape Asheville 12:50 12:50 12:50 🇧🇩,0,0,False,False,1784332800
KrLj6nc516A,Ugx3RFKNczaH3XNUdtp4AaABAg,root,@hammadali-q7j3c,UCkhtW0Bcpw2pXCMRrLh-4-g,Happy iphone 17 PRO MAX me gift do please 🥹🫂❤️‍🩹,0,0,False,False,1784332800
KrLj6nc516A,UgwOMDxUdMvnILQGDZd4AaABAg,root,@ZRMPVLOGS,UCcLwKoHOZSZzwyvuSlYmuEg,Help,0,0,False,False,1784332800
KrLj6nc516A,UgxBXQsN6yqG4ZZQK294AaABAg,root,@鳥帝国,UCbt5oXUqPMso-nPlztULv-Q,多分100円対100億円の車を元にしたはず,0,0,False,False,1784332800
KrLj6nc516A,UgyWbnMEQJB0eAmXWA94AaABAg,root,@Achille.4UC,UCavfSK0Z0zLb_cCB76GyHrA,MrBeast spends millions on videos and I’m here spending my last brain cells trying to understand how he does it 💀,0,0,False,False,1784332800
KrLj6nc516A,UgyfCiKhE0ZWSYkJpst4AaABAg,root,@FJSTELEVISION,UCmGmWnRsClqWrsjKEzgtxPg,Mrbeast donne  moi une  voiture,0,0,False,False,1784332800
KrLj6nc516A,UgxNJKw72Ge8bEMAjkN4AaABAg,root,@OmmDash481,UCtg6VfS2g5Xh-D0nCk4nLNQ,The real testrostone 👍🏼,0,0,False,False,1784332800
KrLj6nc516A,Ugy6NV0Ny2YszVIzTwx4AaABAg,root,@ธรรธัพย์อ่อนสุระทุม,UCDCaQgLBOzUd09gn0X0Nsgg,13:22        😱😱😱💀💀☠️☠️,0,0,False,False,1784332800
KrLj6nc516A,Ugycmt1j2b_uVnyAkIB4AaABAg,root,@gamer-is-live786,UC_4RGiPuTDdA8u4Q9tN8e5A,❤❤❤❤❤❤❤❤❤❤❤❤❤❤,0,0,False,False,1784332800
jObOjhUkf50,UgyNSOMwdv-s_NloRF14AaABAg,root,@MrBeast,UCX6OQ3DkcsbYNE6H8uQQuVA,Subscribe so we can pass t-series!,262000,25,False,True,1721433600
jObOjhUkf50,UgyNSOMwdv-s_NloRF14AaABAg.9tJxE-N18T29tJxIH1am5s,UgyNSOMwdv-s_NloRF14AaABAg,@beans.1421,UC-7DSIEs09yjEyCpDcFXylA,i’ve already,15,0,False,False,1721433600
jObOjhUkf50,UgyNSOMwdv-s_NloRF14AaABAg.9tJxE-N18T29tJxIjmR3WL,UgyNSOMwdv-s_NloRF14AaABAg,@alejandroarielramos1,UC--zyvw5gkFJ5djIQa9O3cw,Yes mr,45,0,False,False,1721433600
jObOjhUkf50,UgyNSOMwdv-s_NloRF14AaABAg.9tJxE-N18T29tJxJ3TVqIz,UgyNSOMwdv-s_NloRF14AaABAg,@рафаэл1,UCp6BePd13n3slKsdvqoBHJQ,Sure,8,0,False,False,1721433600
jObOjhUkf50,UgyNSOMwdv-s_NloRF14AaABAg.9tJxE-N18T29tJxLulmmuI,UgyNSOMwdv-s_NloRF14AaABAg,@RockyBlockyAndFoxyDudes,UCg6buKlhXSo5qsLMr3HI1Ww,I’m subed,8,0,False,False,1721433600
jObOjhUkf50,UgyNSOMwdv-s_NloRF14AaABAg.9tJxE-N18T29tJxLxa2UIq,UgyNSOMwdv-s_NloRF14AaABAg,@Keekybeek,UC9-ArmspiSNsOdnXN7z66kw,W,8,0,False,False,1721433600
jObOjhUkf50,UgyNSOMwdv-s_NloRF14AaABAg.9tJxE-N18T29tJxMJfNWTh,UgyNSOMwdv-s_NloRF14AaABAg,@diegogaelrodriguezavila5750,UCiAkMv5yJgyVUSTzUpSt6mw,Ok,8,0,False,False,1721433600
jObOjhUkf50,UgyNSOMwdv-s_NloRF14AaABAg.9tJxE-N18T29tJxMMqoqva,UgyNSOMwdv-s_NloRF14AaABAg,@richardbourne1964,UCWhGuQqdgSvBhhFDUR-8OVA,@SB-sd7ot…,8,0,False,False,1721433600
jObOjhUkf50,UgyNSOMwdv-s_NloRF14AaABAg.9tJxE-N18T29tJxMNWIT5N,UgyNSOMwdv-s_NloRF14AaABAg,@polarello,UCJsLl0CbOz6jfrrxBhlCVoA,cmon it will happen 🤞,8,0,False,False,1721433600
jObOjhUkf50,UgyNSOMwdv-s_NloRF14AaABAg.9tJxE-N18T29tJxMNf138O,UgyNSOMwdv-s_NloRF14AaABAg,@ConstanTNT,UC7SDpH4ILFLwIlQlVz7-0AA,BET,7,0,False,False,1721433600
jObOjhUkf50,UgyNSOMwdv-s_NloRF14AaABAg.9tJxE-N18T29vaHb7YHH95,UgyNSOMwdv-s_NloRF14AaABAg,@moshi2869,UCiOVda8QX3qQxcrGrkxgOJw,Ok,7,0,False,False,1721433600
jObOjhUkf50,UgyNSOMwdv-s_NloRF14AaABAg.9tJxE-N18T29vaHb_kKwsH,UgyNSOMwdv-s_NloRF14AaABAg,@chandraprakashkashyap6356,UCqp7TmRm1ARQuglup0Sr9RA,Yes,7,0,False,False,1721433600
jObOjhUkf50,UgyNSOMwdv-s_NloRF14AaABAg.9tJxE-N18T29tJxLPih8se,UgyNSOMwdv-s_NloRF14AaABAg,@амогус-я1е,UCFKh9WS-0tuDR-fpZKPwGaA,мистер бист ти преедешь в Днепр,6,0,False,False,1721433600
jObOjhUkf50,UgyNSOMwdv-s_NloRF14AaABAg.9tJxE-N18T29yLAEs5V60o,UgyNSOMwdv-s_NloRF14AaABAg,@yatinprabhu690,UCES0VQ6UjBAYedrpqj4lzBw,Proud to be an Indian 🇮🇳,6,0,False,False,1721433600
jObOjhUkf50,UgyNSOMwdv-s_NloRF14AaABAg.9tJxE-N18T29tJxJ3mXIBR,UgyNSOMwdv-s_NloRF14AaABAg,@ParanjayaFilms,UC6PAt5IZ1bRA12nzVjZ_YlQ,28 sec ago early b4 this blows up,5,0,False,False,1721433600
jObOjhUkf50,UgyNSOMwdv-s_NloRF14AaABAg.9tJxE-N18T29tJxJEsfB0z,UgyNSOMwdv-s_NloRF14AaABAg,@CSSC_Bluegigi_prodz,UC2gEpY9ilSEyfHiScNNxc8A,Got it chief,5,0,False,False,1721433600
jObOjhUkf50,UgyNSOMwdv-s_NloRF14AaABAg.9tJxE-N18T29tJxJdBq-Xu,UgyNSOMwdv-s_NloRF14AaABAg,@vb0101,UChZcEBfYqQBN_4bFthlWjNg,no,5,0,False,False,1721433600
jObOjhUkf50,UgyNSOMwdv-s_NloRF14AaABAg.9tJxE-N18T29tJxJv4isVp,UgyNSOMwdv-s_NloRF14AaABAg,@Tvwithjoel,UCmJMkiKwruC5Blb3GqtqrWA,Yes sir,5,0,False,False,1721433600
jObOjhUkf50,UgyNSOMwdv-s_NloRF14AaABAg.9tJxE-N18T29tJxGFv3hs9,UgyNSOMwdv-s_NloRF14AaABAg,@muqaddaskhan252,UCEeGSTjy1M7HbFwblCUSUKw,yess,57,0,False,False,1721433600
jObOjhUkf50,UgyNSOMwdv-s_NloRF14AaABAg.9tJxE-N18T29tJxHhpe1mr,UgyNSOMwdv-s_NloRF14AaABAg,@robthousand,UCUH8jhLccMSZpJoJ1k3nnAw,SIR YES SIR,4,0,False,False,1721433600
jObOjhUkf50,UgyNSOMwdv-s_NloRF14AaABAg.9tJxE-N18T29tJxHtyBoOo,UgyNSOMwdv-s_NloRF14AaABAg,@NeriiTwiz,UC77SBaDlon3CF9q3hkDwiPw,alr,4,0,False,False,1721433600
jObOjhUkf50,UgyNSOMwdv-s_NloRF14AaABAg.9tJxE-N18T29tJxHyXh5in,UgyNSOMwdv-s_NloRF14AaABAg,@kawwaiidk,UC1i880KNBNDrxC1jWZcPPfA,Yes,4,0,False,False,1721433600
jObOjhUkf50,UgyNSOMwdv-s_NloRF14AaABAg.9tJxE-N18T29tJxI8g-NPv,UgyNSOMwdv-s_NloRF14AaABAg,@axolotlyui,UC3MwV0UYcOwvo_T1UfByaSg,🐱,4,0,False,False,1721433600
jObOjhUkf50,UgyNSOMwdv-s_NloRF14AaABAg.9tJxE-N18T29tJxIB1qRSA,UgyNSOMwdv-s_NloRF14AaABAg,@arcanoblade,UCwXg7ImUtj09RbCezOqC-dQ,OF COURSE,4,0,False,False,1721433600
jObOjhUkf50,UgyNSOMwdv-s_NloRF14AaABAg.9tJxE-N18T29tJxKX2goeq,UgyNSOMwdv-s_NloRF14AaABAg,@Nick_reuploads,UCr28SBU_PH7rBqRGyXQ0Zng,Ye Jimmy let’s beat that stupid subboter btw I’m Bryan,4,0,False,False,1721433600
jObOjhUkf50,UgyNSOMwdv-s_NloRF14AaABAg.9tJxE-N18T29tJxL-PV9ha,UgyNSOMwdv-s_NloRF14AaABAg,@westak4771,UCiMiZmT8UJl_mgS8WATkVEg,Hell yeah😂,4,0,False,False,1721433600
jObOjhUkf50,UgzzWy5kLvtchdsWsP14AaABAg,root,@PravaSah-p1r,UChN28a4_qSfwkPeDySNYuqg,Mr. Beast ! I wanted to do survival challenge video . Hope you gonna call me one day.,0,0,False,False,1784466000
jObOjhUkf50,UgzUXwxZUeFOpkMLWm14AaABAg,root,@SitaParmar-n3o,UCuQn9T8nRnczYu2DWFJ7v9A,😂😂😂😂❤❤❤,0,0,False,False,1784448000
jObOjhUkf50,UgwyQ8pQWwDocA6r5ml4AaABAg,root,@mirukiumino9999,UCEs-ZiEXUSLPG2NOeYTuMvw,4’,0,0,False,False,1784444400
jObOjhUkf50,UgzpiKH0n3_Y-kPm-Et4AaABAg,root,@GenrryGael,UCwlVdHgcfAHSsdtTHiGIIPg,I always wanted a katana,0,0,False,False,1784433600
jObOjhUkf50,UgzsoBWKvGK2luQwECF4AaABAg,root,@Saix_monIceking,UCDpFhEWe2pLe-Y5he0KrAAg,11:57  digital cirucs abstrating be like,0,0,False,False,1784419200
jObOjhUkf50,UgyHNl5kQu2PJj7r7Ep4AaABAg,root,@MdKamrul-vw7cv,UCccJn_Z_9Vqdj_clNtaLDAA,Can you give me a challenge that I can do? I'm very poor.,0,0,False,False,1784401200
jObOjhUkf50,UgyW6zqq2f2dASv8CRt4AaABAg,root,@MokhtarAbdAlfattah,UC4AzpwL18Ry6q5g7FffC5Yw,Hi,0,0,False,False,1784401200
jObOjhUkf50,UgxiDH3DuIzrHnPnVUF4AaABAg,root,@voidzik-u9u,UC4_CZNQpe6r-2x7G1Eel6JA,Czyli do Polski przyjedziesz kiedyś,0,0,False,False,1784401200
jObOjhUkf50,UgxtdwvR7xQd57wQ7hN4AaABAg,root,@voidzik-u9u,UC4_CZNQpe6r-2x7G1Eel6JA,Mrbeast przyjdziesz do Szczecina,0,0,False,False,1784401200
jObOjhUkf50,Ugxgm0qVI6afZPg3iAh4AaABAg,root,@Ismailhossain8507,UCN0qXyBb6ug6ZyQFCo-o1Kg,I'M SUBSCRIBED I'M LIVE IN BANGLADESH CHOTTOGRAM MOHORA MOHAMMED,0,0,False,False,1784394000
jObOjhUkf50,UgxJoqYZe9-v-Fc2JbF4AaABAg,root,@ilakiwi,UCGMpNoCZqRh_Cd-sAuIqKlQ,Io vivo in svizzera,0,0,False,False,1784386800
jObOjhUkf50,UgzlU7n9K53qU9ZXcjl4AaABAg,root,@ZartrixAV123IDN,UCSDgyJC_DayRcTWWWecNz5g,6:42 thats albania,0,0,False,False,1784386800
jObOjhUkf50,Ugyec-J6uv5qigdD-wJ4AaABAg,root,@theSWAGboy_OC,UCfhnxCMlz3BC9_Joh5zvVBQ,Why is bro throwing nuke's at them after he visit's them💔,1,0,False,False,1784419200
jObOjhUkf50,Ugxg7RygxwZBW101mn14AaABAg,root,@KENTANGBAKAR-p2j,UC9sMqzXAJSFm4BOXZ1Gu3TA,1.000 dolar aja udah banyak,0,0,False,False,1784419200
jObOjhUkf50,UgxA6wQYPoV4qBt2pn94AaABAg,root,@Kuro_edit2黒,UCpO-O8U78rOVxbgkfCZgCwQ,I will post later,0,0,False,False,1784419200
jObOjhUkf50,UgxSMmBP-RgAaXwLO4B4AaABAg,root,@GraçaDaRosa,UCUthmYRuFTmx4mD7fhfPHnw,Oh yeah,1,0,False,False,1784419200
jObOjhUkf50,Ugxeam0zu4LVrS9l6D54AaABAg,root,@HaikalMMorad-yc2oi,UCGAAYyDWj0iQy7un3hF9Zaw,hai mrbeasts,0,0,False,False,1784419200
jObOjhUkf50,UgyKRWElfmIA9deDAcB4AaABAg,root,@VahidaBoliya-g7i,UCSSmB5tZTzWXG1fU4SnA50g,❤❤❤😂😂😂😂,0,0,False,False,1784419200
jObOjhUkf50,UgyaUpZOie2KU5gF8zl4AaABAg,root,@RenataKaunang,UCBMId3eRDh7gufhp7Sywocw,😱😇👍,0,0,False,False,1784419200
jObOjhUkf50,UgwRFfS50zaXHW05zpN4AaABAg,root,@LaBrOvos,UC4yQ6TkiFUmZLuLtllzdRXA,They did not realize 14:55,0,0,False,False,1784419200
jObOjhUkf50,UgzPod8_wFWAwnzG8454AaABAg,root,@veronicarussell126,UCOsMovQXlIXHKpL9lPsOX9g,5:04 this is true,0,0,False,False,1784419200
jObOjhUkf50,UgxaUypOnS0AW2kamr94AaABAg,root,@jemacosmeticosbiotecnologi5850,UCOV2r_iSTCu9WYZGkIg1Bmw,3:38 the weirdest part🫪,0,0,False,False,1784419200
jObOjhUkf50,UgxhmzCOcUyVt2tHUNh4AaABAg,root,@hassanmethiq,UCGB9oyxMADVwuoRZIwWeVEg,حسن,1,0,False,False,1784419200
jObOjhUkf50,UgwSve44OgP_hjXxvD54AaABAg,root,@AxelDelaguila-x7y,UCd986fVkE400JmNVJKOVpmA,❤❤❤,0,0,False,False,1784419200
jObOjhUkf50,UgwsggCZJttbUXTOBh14AaABAg,root,@alessandroleonelhidalgomat4156,UC2oA-ySzSj-tooNUsDu9VdA,"Jimmy goes to McDonald’s and 
Not a. Fancy.  Restaurant",0,0,False,False,1784419200
jObOjhUkf50,UgylL2UgyqmAo0E6VzF4AaABAg,root,@alessandroleonelhidalgomat4156,UC2oA-ySzSj-tooNUsDu9VdA,Jajajaja,1,0,False,False,1784419200
jObOjhUkf50,UgwSF3vQJtuzMl4oCPh4AaABAg,root,@ЕркежанЕрик-ы8н,UCyp4jtzkJNusevVL3UPipgw,😅,0,0,False,False,1784419200
jObOjhUkf50,Ugx4JKRV_atpQQC7V7l4AaABAg,root,@mstd-d4n,UC4x3FVmDNH4t3qH1vMETb2g,টাকা থাকলে সব সম্ভব 😅,0,0,False,False,1784419200
jObOjhUkf50,UgwtEy0Cet513ZEckvJ4AaABAg,root,@mstd-d4n,UC4x3FVmDNH4t3qH1vMETb2g,টাকা থাকলে সব সম্ভব 😅,0,0,False,False,1784419200
jObOjhUkf50,Ugx-Ud3SWQ_AffxUxRV4AaABAg,root,@Rakkana-x5l,UC1bECOhUZ33R1gLs-MzM-DA,Penthouse parfume,0,0,False,False,1784332800
jObOjhUkf50,UgxujceHdbP3RhA6GQp4AaABAg,root,@crafterfashionamreena7870,UCr0qDstgMf_fPOgGiDQfkNQ,big fan mr beast,0,0,False,False,1784332800
jObOjhUkf50,UgyQibcVt_B21lpGozF4AaABAg,root,@Tanp-t4p,UCFIZlF9B9THw812RiL_9khQ,"MRBEAST, YOU NEED TO MAKE THIS 30-MINUTE BLOCKBUSTER! 💀🔥Imagine a Minecraft vs Football simulation: Ronaldo spawns with 11 End Rods shouting SIUUU, Hulk destroys bedrock with a 150 km/h kick, Abdul-Munif Yashun pulls up with a tactical low-kick, and Messi dodges a literal NUKE at the speed of light only to get ricocheted straight in the nuts! Ronaldo and Hulk are dying laughing, the server is wiped out. This is easily the funniest 30-minute video in YouTube history. Let's cook! 🚀⚽",0,0,False,False,1784332800
jObOjhUkf50,Ugyu-rzmxrqmgqkYZbV4AaABAg,root,@diegoemilianomaldonadohort7087,UCfgk0nCWNQzTnnrgUKVc0Mw,the boys reference,0,0,False,False,1784332800
jObOjhUkf50,UgxshSsgaxXUhGpN_014AaABAg,root,@oliwiaoliwia6059,UChcv6dnCbjf2-MePZkMPa3w,Nolan mrbeast to jest Wojtek😮 bez pracy tylko czopa jedziemy jestem przecież to co ci to😮,1,0,False,False,1784332800
jObOjhUkf50,UgzPsoIBfWGJh4howzh4AaABAg,root,@shakimirzaali3674,UC9-qtEor2wcAUmUppFydYzA,❤❤❤❤❤,0,0,False,False,1784332800
jObOjhUkf50,Ugy--ZujVAxDW72ciFh4AaABAg,root,@KenyaGranger,UCwAM4RUXrSxX2klD556V4GA,"MrBeast MrBeast, can you please give me some money from the mail February in America generate",0,0,False,False,1784332800
jObOjhUkf50,UgzF3BRrjmSqaZEnu8t4AaABAg,root,@kadek-h3s,UC1qk0Z20kr6JetvG3BN3ECA,"кавипкаепиртп
Отправлено с смарфтона Vivo",0,0,False,False,1784332800
jObOjhUkf50,UgyB42w9JezteAzE9xh4AaABAg,root,@CeliaCalde,UCN_z1veSfmPo2BU2gBZ2F0A,Misterbiez sigue adelante,0,0,False,False,1784332800
jObOjhUkf50,UgzmNlc8ZqjxIlmM2NJ4AaABAg,root,@RahulJatav-v7o,UCtk8RxnWvvIN1F_ipdJo9hQ,Rahul jatay 🇮🇳🇮🇳🇮🇳🇮🇳🇮🇳🇮🇳,1,0,False,False,1784332800
jObOjhUkf50,UgyMeOaLgFNi43Mr0ol4AaABAg,root,@MandBworld,UCRjX5KSw3w_W54cEjbtWTSQ,I’m in subscribe to MrBeast,0,0,False,False,1784332800
jObOjhUkf50,Ugz0wXDnLnh5D0l4_F54AaABAg,root,@josuegomes124,UCjFLHqQcP2M9f7zhdMcCLeA,Odilo tu tá com uma bomba bom não né,0,0,False,False,1784332800
jObOjhUkf50,UgwntkI_YP6W1eyQHGZ4AaABAg,root,@SaidAli-dd7et,UC63y5yzIFE4u9DXT9WX-t3g,❤❤,0,0,False,False,1784332800
jObOjhUkf50,Ugwi7de-pxp6M9KH-kx4AaABAg,root,@DoBk-i3t,UC7Xki4ez6-cvLHwlU-XetjQ,❤🇱🇦🇱🇦🇱🇦🇱🇦,0,0,False,False,1784332800
jObOjhUkf50,UgzDoG76MRIPLlHU2q94AaABAg,root,@AlejandroMartinez015,UCuQUJEN-sRW-8BYYxky2qnw,❤❤❤,0,0,False,False,1784246400
jObOjhUkf50,UgzT9uUruDxesWprGkd4AaABAg,root,@AlejandroMartinez015,UCuQUJEN-sRW-8BYYxky2qnw,Buen video,0,0,False,False,1784246400
jObOjhUkf50,UgzSpw2AxAk0zaDpHnN4AaABAg,root,@Alton-v3o,UCBNeyvabpwtmdBWezM2avAg,🤑🤩,0,0,False,False,1784246400
jObOjhUkf50,UgxcYzbLH8-MFr5Go_p4AaABAg,root,@RazaannnImran,UCQwBv9bKBHWiEHoJ0RmjfBw,‏أروشي le jeu,0,0,False,False,1784246400
jObOjhUkf50,UgwB8Qx7IDT4leEACK94AaABAg,root,@shoaibrehmanrao2348,UCeU-wtjWyICkh281tNQIL0g,Mr beast I need your help from pakistan,0,0,False,False,1784246400
jObOjhUkf50,UgwyBzqhT59LrZzRXlx4AaABAg,root,@AnasKhan-h1w3n,UC1ZzmAinvhUV7moEKnPHwig,Paison Mein dikhao paribhasha ka5000000k🎉🎉🎉🎉,0,0,False,False,1784160000
jObOjhUkf50,UgxuD_535gArW5Q7zv14AaABAg,root,@口十水水十竹,UCiXYLjJxRn4OkLE4V4y6kfw,"this feels like we're 😅
😂",0,0,False,False,1784160000
jObOjhUkf50,UgxXlImVHiGe4i8K7gR4AaABAg,root,@KabirMulay,UCethTr-eaLI3XM01CgDKBgw,Beast boy BEAST BOY,0,0,False,False,1784160000
jObOjhUkf50,UgxwnmJhhhb2FErFJIx4AaABAg,root,@user-ih6fj7wv8n,UCkVypdLSf299wX-Agm-Xb-g,4:01 pov that one couple who's last day was at France and they want to visit Eiffel tower,0,0,False,False,1784160000
jObOjhUkf50,Ugz6bKH_KndxsZNiwWp4AaABAg,root,@JaxsonHughes-y7p,UCMtywdGLRXGA2b10n6g7oFA,Jimmy can I be in a video please,0,0,False,False,1784160000
jObOjhUkf50,UgyG3sw65I7NqFRW4Bl4AaABAg,root,@canalallimite,UC2j072OJA3IA_AjG4K861Eg,"Hola soy de argentina y quiero participar en algún juego, como hago gracias !!❤🎉😢😅",0,0,False,False,1784160000
jObOjhUkf50,Ugy7OJtw80T6NIZZSbV4AaABAg,root,@PariyatiPariyati-o5v,UCJFIjWFdkNt0nYhV95_g0lQ,Ueg,0,0,False,False,1784160000
jObOjhUkf50,UgxVXeLBY7SmTCrCqHp4AaABAg,root,@OpareNyamekye-n9e,UCK8BiLxns1WA_JRnhNFA5bg,Hi I am from Ghana and I really love ur videos,0,0,False,False,1784160000
jObOjhUkf50,Ugx8Dvp1ipPogvFBX2t4AaABAg,root,@AltonKennerly,UCZfiUr-3qPg9WkhA33H86mg,tuff,0,0,False,False,1784160000
jObOjhUkf50,Ugz_icL13wXQdCiRhkB4AaABAg,root,@e1k9,UCRNDWrgnTl_s3STJcXstCaA,No veas gozo Porque queremos que aqtives la copa del cais dona 100000,0,0,False,False,1784160000
jObOjhUkf50,UgzQZ4j_WPNVMou4wpB4AaABAg,root,@xhyxd,UCIa-4ZJUxgEjc-iBbrkpbhQ,还有干脆面,0,0,False,False,1784160000
jObOjhUkf50,UgzryT7RtMnngzEQzxp4AaABAg,root,@SethGarcia-o7v,UCHJ2LihJrJ4Z8RwYAL9oWUA,Ouiiii baguette 🥖,0,0,False,False,1784160000
jObOjhUkf50,UgysV0TkPDS_5beq55V4AaABAg,root,@WasifaliAliali-e5w,UCa1nVqNBrthIZTf4rNIp7Cw,Hi,0,0,False,False,1784160000
jObOjhUkf50,Ugz-AMEfNaXD39BbYHF4AaABAg,root,@WasifaliAliali-e5w,UCa1nVqNBrthIZTf4rNIp7Cw,Hi,0,0,False,False,1784160000
jObOjhUkf50,UgwvM59ft2jXkIfV5iF4AaABAg,root,@GameTimeBros18,UCNVstGMRWuLECUDgSmeG6iw,You already did,1,0,False,False,1784073600
jObOjhUkf50,UgxgZsmnvJj62mORnPt4AaABAg,root,@bangyeunhi,UCRIxWFrhgv67KOwLzV3VJSA,Chồn mà chú,0,0,False,False,1784073600
jObOjhUkf50,Ugy4EEwN_2t4GKDUkDd4AaABAg,root,@marqousemarqouse,UCM5Xl7rEK_4AjLgkcHDslow,i would rather be mr beasts son than winning the lotery,0,0,False,False,1784073600
jObOjhUkf50,UgzlO2UbErZ7n-ToCWd4AaABAg,root,@TinoNomails,UCAgzJkv7p8fRajWOLCrcb0Q,I am from swizerland,0,0,False,False,1784073600
jObOjhUkf50,UgxhnHwBoEvIBoNu9q94AaABAg,root,@Eliza-p8i,UCIH2RQGglAXt3XAsieptlSg,2:54 they are literally kids,0,0,False,False,1784073600
jObOjhUkf50,Ugxrkat1J_-hpDcu-7l4AaABAg,root,@waeemaa9763,UCGdf31gpJTshhE_FIaEHFVg,🎉🎉🎉🎉🎉🎉🎉🤲🤲🤲🤲👍👍👍👍👍🕋🕋🕋🕋,0,0,False,False,1784073600
jObOjhUkf50,Ugz1w_tK7fZOF2Cbpgh4AaABAg,root,@Misterpluhmaster,UC-94S-etcQyoWNkNr4Ss-kQ,1:10 suffering is basically how to get views and subs,0,0,False,False,1784073600
jObOjhUkf50,UgyjnzQUdZFTVXexRS14AaABAg,root,@中国食品机械制造厂家,UCsnk9P7CoCeR-rjPNYhtsZQ,主要是接触不到这种级别的服务😂,0,0,False,False,1784073600
jObOjhUkf50,UgxzVojFyczYJkhkYEF4AaABAg,root,@Youthsofodisha9090,UCAjVbHsfVF6kDObgZVRJQJQ,T-Series subscribers touch 313M 😂😂,0,0,False,False,1784073600
jObOjhUkf50,Ugzg9ojlKYtnQJDAOoF4AaABAg,root,@AmClasses-w5r,UCYTP7wlRkrLIzWBVXgNoh9A,Dollar vacation still seems worth it 😂,0,0,False,False,1784073600
jObOjhUkf50,Ugynx-zKl0dhQkjbS554AaABAg,root,@MeeraAli-w2v,UCHrPrDWuZv1s2ryzDoJS_MA,No the tallest building in the world is berge Khalifa in Dubai 😂,0,0,False,False,1784073600
jObOjhUkf50,UgwxCnN8NMxx90ZhrIN4AaABAg,root,@JhonSena-d7z,UCQz0ma5rbzAhKUChNd8CGRQ,1:16  😂😂😂,0,0,False,False,1783987200
yhB3BgJyGl8,Ugxv4kNPImhctVY4JuN4AaABAg,root,@MrBeast,UCX6OQ3DkcsbYNE6H8uQQuVA,Subscribe for Bryan,314000,21,False,True,1721433600
yhB3BgJyGl8,Ugxv4kNPImhctVY4JuN4AaABAg.9t2V_CGvl-s9t2WIhtfZVE,Ugxv4kNPImhctVY4JuN4AaABAg,@Imtrynastayanonymous,UCkr0Yk8kd-IOlF4MzxOBR3Q,W Bryan bro,14,0,False,False,1721433600
yhB3BgJyGl8,Ugxv4kNPImhctVY4JuN4AaABAg.9t2V_CGvl-s9t2VbfaDbWL,Ugxv4kNPImhctVY4JuN4AaABAg,@CraftedFellow,UCdjikIKw3DXW96mx_l3V34Q,We love Bryan,4500,4,False,False,1721433600
yhB3BgJyGl8,Ugxv4kNPImhctVY4JuN4AaABAg.9t2V_CGvl-sA-klRL8JN2c,Ugxv4kNPImhctVY4JuN4AaABAg.9t2V_CGvl-s9t2VbfaDbWL,@wonderr4,UC1Uasmwvd2eD4nmLI3djDQA,​@CraftedFellow  :,36,0,False,False,1721433600
yhB3BgJyGl8,Ugxv4kNPImhctVY4JuN4AaABAg.9t2V_CGvl-s9vdW8Je1z85,Ugxv4kNPImhctVY4JuN4AaABAg.9t2V_CGvl-s9t2VbfaDbWL,@Itshikarutchisroom,UC_JkCPQ3lrBIoKhVidURWGg, @CraftedFellow  Bryan😊,31,0,False,False,1721433600
yhB3BgJyGl8,Ugxv4kNPImhctVY4JuN4AaABAg.9t2V_CGvl-sA-ay57RyWdy,Ugxv4kNPImhctVY4JuN4AaABAg.9t2V_CGvl-s9t2VbfaDbWL,@ZinaZina-h2l,UCISZs_921vbcmUYDSsZ_QMQ,❤❤❤❤🎉🎉​😮😢😅😢😂 @CraftedFellow ,44,0,False,False,1721433600
yhB3BgJyGl8,Ugxv4kNPImhctVY4JuN4AaABAg.9t2V_CGvl-sAFzp6ggrI_I,Ugxv4kNPImhctVY4JuN4AaABAg.9t2V_CGvl-s9t2VbfaDbWL,@renemamanihuallpa8268,UCkPTHPAWbEsu98RPU0DusdA,J😅​ @CraftedFellow ,15,0,False,False,1752969600
yhB3BgJyGl8,Ugxv4kNPImhctVY4JuN4AaABAg.9t2V_CGvl-s9t2WFn4mI0-,Ugxv4kNPImhctVY4JuN4AaABAg,@curvywhisper,UCohA4uRhy7Ei5luB_c0Sh8Q,yes,8,0,False,False,1721433600
yhB3BgJyGl8,Ugxv4kNPImhctVY4JuN4AaABAg.9t2V_CGvl-s9t2WHG3BIZp,Ugxv4kNPImhctVY4JuN4AaABAg,@Seeingpurple,UCa-xLa8y7GW87ocCJky9lTQ,"18:03 
Aleister ❤❤❤❤❤❤❤😊🎉🎉🎉😮",8,0,False,False,1721433600
yhB3BgJyGl8,Ugxv4kNPImhctVY4JuN4AaABAg.9t2V_CGvl-s9t2W5Ef3LZu,Ugxv4kNPImhctVY4JuN4AaABAg,@caseyparker2279,UCncwSA_GZ_US4fsTQyFFNeQ,4mins ago!,5,0,False,False,1721433600
yhB3BgJyGl8,Ugxv4kNPImhctVY4JuN4AaABAg.9t2V_CGvl-s9t2W5nDbM6p,Ugxv4kNPImhctVY4JuN4AaABAg,@SerBakon,UCPoLtkgDpUym0qzI1NrgRdA,Bryan W,5,0,False,False,1721433600
yhB3BgJyGl8,Ugxv4kNPImhctVY4JuN4AaABAg.9t2V_CGvl-s9t2VlGQ37MC,Ugxv4kNPImhctVY4JuN4AaABAg,@kevinhalo27,UCsItFYsQYbCCer9V7CypO5A,We love Bryan!!!,32,0,False,False,1721433600
yhB3BgJyGl8,Ugxv4kNPImhctVY4JuN4AaABAg.9t2V_CGvl-s9t2VhKIwRdJ,Ugxv4kNPImhctVY4JuN4AaABAg,@RamenMonkeys,UCsEXsdb9NYZkgevzwFSmWiQ,Will do,31,0,False,False,1721433600
yhB3BgJyGl8,Ugxv4kNPImhctVY4JuN4AaABAg.9t2V_CGvl-s9t2W-c-jSNs,Ugxv4kNPImhctVY4JuN4AaABAg,@Mrbe.ast6000,UC2euRWjuTksV0gH2V0VDnxQ,W bryan,4,0,False,False,1721433600
yhB3BgJyGl8,Ugxv4kNPImhctVY4JuN4AaABAg.9t2V_CGvl-s9t2W6vCv_82,Ugxv4kNPImhctVY4JuN4AaABAg,@cagataygobuc,UCdEyYy477TdSOSHCcNCCfcg,Ok,4,0,False,False,1721433600
yhB3BgJyGl8,Ugxv4kNPImhctVY4JuN4AaABAg.9t2V_CGvl-s9t2W7od3U1y,Ugxv4kNPImhctVY4JuN4AaABAg,@Blazeraft,UC1_XGSK2JuroX23px6bDGxQ,Sure 😄,4,0,False,False,1721433600
yhB3BgJyGl8,Ugxv4kNPImhctVY4JuN4AaABAg.9t2V_CGvl-s9t2W96B1Dte,Ugxv4kNPImhctVY4JuN4AaABAg,@3.abdulhamid,UCJ5WGlZSDB_8cSJaN7_j_gA,Ok,4,0,False,False,1721433600
yhB3BgJyGl8,Ugxv4kNPImhctVY4JuN4AaABAg.9t2V_CGvl-s9t2W9URbVD6,Ugxv4kNPImhctVY4JuN4AaABAg,@iamrimoficiall,UCBzFS0VWHAQYOI6iv2yRIvw,We love bryan,4,0,False,False,1721433600
yhB3BgJyGl8,Ugxv4kNPImhctVY4JuN4AaABAg.9t2V_CGvl-s9t2WCUQH-Qb,Ugxv4kNPImhctVY4JuN4AaABAg,@techniktutorials3957,UCnZ6Ha4U5WLk11EnUVc_PCA,🐦🐦🐦,4,0,False,False,1721433600
yhB3BgJyGl8,Ugxv4kNPImhctVY4JuN4AaABAg.9t2V_CGvl-s9t2WE4IZY_H,Ugxv4kNPImhctVY4JuN4AaABAg,@archmageplayz1810,UClKyaPgpJg3-ToD8iabKlqw,Brayan!,4,0,False,False,1721433600
yhB3BgJyGl8,Ugxv4kNPImhctVY4JuN4AaABAg.9t2V_CGvl-s9t2WH1nxOZv,Ugxv4kNPImhctVY4JuN4AaABAg,@szczursoooon,UCAEVLdiFrOU7EXMgtDiQ45A,ok,4,0,False,False,1721433600
yhB3BgJyGl8,Ugxv4kNPImhctVY4JuN4AaABAg.9t2V_CGvl-s9t2WHmOmVyZ,Ugxv4kNPImhctVY4JuN4AaABAg,@YoSoyMejorCadaDia,UC_vCFg6VKHslCcAPvOE9O6g,One year and three months supporting Bryan 😜😀,4,0,False,False,1721433600
yhB3BgJyGl8,Ugxv4kNPImhctVY4JuN4AaABAg.9t2V_CGvl-s9t2WaCThsOi,Ugxv4kNPImhctVY4JuN4AaABAg,@Nate07j,UCpRUcLkMFT-xClMAlxX4MIw,Bryan is so cool,4,0,False,False,1721433600
yhB3BgJyGl8,Ugxv4kNPImhctVY4JuN4AaABAg.9t2V_CGvl-s9t2WdWi0g8M,Ugxv4kNPImhctVY4JuN4AaABAg,@coolvova.,UCGS9MU6SFimrWvDTe6npT-A,W Bryan,4,0,False,False,1721433600
yhB3BgJyGl8,Ugxv4kNPImhctVY4JuN4AaABAg.9t2V_CGvl-s9t2WfK7Qfen,Ugxv4kNPImhctVY4JuN4AaABAg,@Juicydumpster,UC1iF8qGalcL42UJQkJw-PRA,W bryan,4,0,False,False,1721433600
yhB3BgJyGl8,Ugxv4kNPImhctVY4JuN4AaABAg.9t2V_CGvl-s9t2WfUyPy9Z,Ugxv4kNPImhctVY4JuN4AaABAg,@TJeditsfr,UCOWv7o-C5PApGhWcb3CwLbw,W,4,0,False,False,1721433600
yhB3BgJyGl8,UgxGbFJyaI54FE6WddN4AaABAg,root,@AlexDiaz-c5s,UC1Oqs7w-Ro3MDarcCm0ZUkA,Nolan ze pareze100%pociento ami paresemos gemelos meno por la edad,0,0,False,False,1784466000
yhB3BgJyGl8,Ugw45YG8KQ9ckJg52yd4AaABAg,root,@RowenaBartolo-d8j,UCU2UDSH_jwJmWypz7Yv0DrA,lal,0,0,False,False,1784466000
yhB3BgJyGl8,UgzST3BPURbZxxlM2Jx4AaABAg,root,@RowenaBartolo-d8j,UCU2UDSH_jwJmWypz7Yv0DrA,Hindi kayo sa survive diyan,0,0,False,False,1784466000
yhB3BgJyGl8,Ugzx0p-rzJTrzRPCUCR4AaABAg,root,@RowenaBartolo-d8j,UCU2UDSH_jwJmWypz7Yv0DrA,Mr be try try ikaw sa akin bilis wala kayo pakain papatay kayo papatayin ka ng friends mo hindi mo alam aman aM,0,0,False,False,1784466000
yhB3BgJyGl8,UgzOFHoL3d-LD_HK0op4AaABAg,root,@Makar-q1p3l,UCK-f-e3Ontl-mKF03S2LpGQ,Bryan ❤❤❤❤,1,0,False,False,1784448000
yhB3BgJyGl8,Ugwhxc4htwDnaYdEurx4AaABAg,root,@chicrisfelemeniano5601,UCzMtWuvqCUFeEP14Ew8fUFQ,I like these video,0,0,False,False,1784433600
yhB3BgJyGl8,UgxFvSIdN0jKUcdxGJx4AaABAg,root,@UnbreakableMind-e2b,UCJ_d86h8tbKgqSvitkCDS4A,Bro is crazy awesome to do this! I don’t think a lot of people know how much work they put into this vid! ❤,1,0,False,False,1784422800
yhB3BgJyGl8,UgzuuNViK4upJmsmkQR4AaABAg,root,@AkbarMaulana-f3g7g,UCRXxijoZs_62Icnm3RpPSoA,ok,0,0,False,False,1784422800
yhB3BgJyGl8,Ugy3HKOhRizl5TEjvDl4AaABAg,root,@IZUKUFAN-BKDK,UC-ZXe7E9qadBgY6u8MZ7_sQ,😋😋😋😋😋😋😋😋😋🍫🍫🍫🍫🍫🍫🍫🍫🍫,0,0,False,False,1784408400
yhB3BgJyGl8,Ugy-nX-GoRFQpw4i-3Z4AaABAg,root,@Хихиология,UCsnsgKk2xhHdK56XV9NVH0w,👍,0,0,False,False,1784401200
yhB3BgJyGl8,UgwqSCzkC_s_SWx4OeB4AaABAg,root,@MUHAMMADSADAN-t6t3k,UCz77XBvOU_ELMHKIVG3w88Q,🎉🎉🎉,0,0,False,False,1784401200
yhB3BgJyGl8,Ugx9bl7-0AJKjLJnO154AaABAg,root,@MamaBouna-i4c,UCKc3W9QvSP3Zb-SYP6SPMig,😊🎉🎉🎉🎉🎉,0,0,False,False,1784397600
yhB3BgJyGl8,UgxlkeUdjrj2AUQ0NO94AaABAg,root,@MofijMaji-d2k,UCrmHj54VhAgoyFaOCBgNeeQ,😮😮😮😮😮😊😊😊😊,0,0,False,False,1784394000
yhB3BgJyGl8,UgwFX2A6RZa6Hy29ZeZ4AaABAg,root,@zahrashakillaamelia,UCLbQVRlltVmfLCSRdKvhTWQ,akusudah susbras😊,0,0,False,False,1784386800
yhB3BgJyGl8,UgzMUk3dM3ooanu5Kxh4AaABAg,root,@elva4277,UC2UL6jDKymKA-dnIwLwUppg,where is bryan,0,0,False,False,1784386800
yhB3BgJyGl8,UgzKywmXsFMMepLQXyl4AaABAg,root,@axelf8661,UCgav01kCE69Zve_dSrC9_uw,"Per i boomer. 
L'idiozia del secolo",0,0,False,False,1784419200
yhB3BgJyGl8,UgyQGnfB_Dp6S5D-o7R4AaABAg,root,@حموديالديواني-خ2ج,UCYoLsjLItFgQuJsoMigOwdg,2:30هذا ولد ام بنت ام مثلي🏳️‍🌈 ؟,0,0,False,False,1784419200
yhB3BgJyGl8,UgxhNtGGUxvD4e7nKnx4AaABAg,root,@MdMinarul-p1l7q,UC81JBXQAJOoReo42T-TKyfA,Bangladesh hi,0,0,False,False,1784419200
yhB3BgJyGl8,UgwNtxyzHdUi7kzmeOp4AaABAg,root,@CC1994-camp,UCgMRulvHFbSArabe9YdseeQ,So you could have used the fishing net to catch fish lol,0,0,False,False,1784419200
yhB3BgJyGl8,Ugzoy2PkatyWVmZN-Ct4AaABAg,root,@AnaLucia-f3h6s,UCKtoIlZj5ajcbAVXtUKSOfA,VOCÊ. É. O.  MELO. YOUTUBE  EU.  SOU. ENZO,0,0,False,False,1784419200
yhB3BgJyGl8,UgyX9aBPCkhNUl_dnoV4AaABAg,root,@SamuelOvelar-n1b4o,UCoJnm-veEO2fPDcHAxHm1Lg,"Ojalá a mí me dieran esos retos para participar, y si es participar por dinero off solucionaría gran parte de mi vida",0,0,False,False,1784419200
yhB3BgJyGl8,UgxOo6JqVvIm98VgYrR4AaABAg,root,@elizabethcampbell2971,UCC2OVjwGwVDCkiyjqu3pbkw,Why is he singing about pooping 💩,0,0,False,False,1784419200
yhB3BgJyGl8,UgydY0QeoN_5vhHPeSx4AaABAg,root,@KatyaDolzhenitsyna,UCQtaBDOPfgbTJ42SnIcpWwg,EGORIC,0,0,False,False,1784419200
yhB3BgJyGl8,UgxUf9pMgmzLGv4OQAB4AaABAg,root,@gold-10-19,UCL5c8e4BGRVnzvpJn_S_WbA,Cristo santo ✌️✌️✌️✌️✌️✌️,0,0,False,False,1784419200
yhB3BgJyGl8,UgxpGnOh7HRoIoKK8Vd4AaABAg,root,@امیروزیری-م7ش,UCdor_Ti8x4PcpaUpnVIYyHw,❤❤❤❤❤,0,0,False,False,1784419200
yhB3BgJyGl8,Ugx0kef2wbjMibwd_Mh4AaABAg,root,@Indian-d5n,UC9jXeZHohKvtw1SDdqlVEQQ,God Gap 🎉,0,0,False,False,1784419200
yhB3BgJyGl8,Ugw6ZVkUgEEScbLZcvx4AaABAg,root,@AlmarOwen,UC9YLinas_rp6HUKXDrhTGuw,Are you  alive,0,0,False,False,1784419200
yhB3BgJyGl8,UgydPnE3yKrc8KbfEpl4AaABAg,root,@MishaPlay-p3v,UCkh637H7S7ieS5q2tQBjB-g,EGORIC,0,0,False,False,1784419200
yhB3BgJyGl8,Ugzy09QtUBPJ9Ujs7B54AaABAg,root,@MishaPlay-p3v,UCkh637H7S7ieS5q2tQBjB-g,Egoric,0,0,False,False,1784419200
yhB3BgJyGl8,UgxxGj9rKwFl8A0sbd94AaABAg,root,@AbrahamOne-cij,UCmU373zOg2bvI9gDtFmUWUA,"Hey, who counted how many time they all said the word ""miserable """,0,0,False,False,1784419200
yhB3BgJyGl8,Ugyhee4M67YdWPHTdmB4AaABAg,root,@muhammadnawafi-z1e,UCft-BMvvNWMmGQgZZls5hGA,Mrbeast bahasa Indonesia,1,0,False,False,1784419200
yhB3BgJyGl8,Ugy3mb1yDYQ8Wabkrch4AaABAg,root,@muhammadnawafi-z1e,UCft-BMvvNWMmGQgZZls5hGA,2:37,1,0,False,False,1784419200
yhB3BgJyGl8,Ugza5vZH_BpzyDAkYYB4AaABAg,root,@DipuStories-k6o,UCMM0MQLoKHc08_JEiOC2dmA,আমিও এই গেমগুলো খেলতে চাই মিস্টার বিস্ট,0,0,False,False,1784419200
yhB3BgJyGl8,UgwN6zgNvmgCzjXhOIp4AaABAg,root,@JosétadeoVargas-i9z,UCRd69O6vV7r8nMfC2IxnClA,Love fockin 16:35,0,0,False,False,1784419200
yhB3BgJyGl8,UgwzUA1tvUJzLvcnW1Z4AaABAg,root,@6789ngu,UC5Db8ETPxneePQM50uBa-vA,Tôi rất muốn được xem tất cả những cảnh quay bổ sung trong một tập khác. 7 ngày có quá nhiều giờ quay nên chắc chắn sẽ còn rất nhiều cảnh quay mà chúng ta chưa kịp xem.,0,0,False,False,1784419200
yhB3BgJyGl8,Ugyb_xSyd_6DFSEyS894AaABAg,root,@ManashiPaul-t8h,UCtvAPeO_HwJggavaoX-__jg,Bro the whale is made with CGI,0,0,False,False,1784332800
yhB3BgJyGl8,Ugx7gU9Buc1mK3wxCbB4AaABAg,root,@VasuVasyt,UCP_wRkDuS4G-V3iCqqe9kuA,Laser bathroom kalyadu 😂😂😂,0,0,False,False,1784332800
yhB3BgJyGl8,UgyETvq7EHRjVDZs-x14AaABAg,root,@ClarissaalexandraMarselus,UCciKOygHHQfilX4lqTIzG2A,W Bryan 😁🫶,0,0,False,False,1784332800
yhB3BgJyGl8,Ugxvjbi4Flv3bCGdLHF4AaABAg,root,@StephanieCooper-q1s,UCUKOJiyXgo5EUl9xRmIutDg,The name went from Ryan to Bryan,0,0,False,False,1784332800
yhB3BgJyGl8,UgyEgMaiyh5DmWefJ1J4AaABAg,root,@IRZIHAGAN1943,UC9qCq5vla_XqVN0J2Ddn8iA,😢😢😢😢😢😢😢😢😢😢😢,0,0,False,False,1784332800
yhB3BgJyGl8,Ugz05-UhFN8_AtHDK3V4AaABAg,root,@milosCambell-c1r,UCTdXXtQM3kncSwv38an1hAA,"MrBeast, I love your videos a lot. My name is Sabina. I’m just using my mom‘s account right now. We would love to be on one of your videos in one of your videos. I don’t know where I live literally but I’ve been waiting forever. I have a trivia question for you. What’s the largest cat in the world do not look it up I am serious not the largest animal to ever live the largest animal living right now well the largest cat living right now and how is Cat can be a wild Cat2 what’s the largest cat in the world? Feel whatever you wanna call it but what is it",0,0,False,False,1784332800
yhB3BgJyGl8,UgwpuQOtwrk_L97ZkI54AaABAg,root,@BySadaf,UCnOAZqr3r5vrbU9uci4rkog,Such a beautiful capture,0,0,False,False,1784332800
yhB3BgJyGl8,UgwI2jTjmpIL2snFQ454AaABAg,root,@Ritadecassia-qk8gv,UCelieG8BIySD1w8EcAhW4Zw,YouTube quantos anos você tem,0,0,False,False,1784332800
yhB3BgJyGl8,UgwbG__H_2QNmNtx8C94AaABAg,root,@VinayKumar-k7f9h,UC_kN5aAf23vIF0P0aUXHw1A,Super Jimmy❤❤❤❤❤❤Love,0,0,False,False,1784332800
yhB3BgJyGl8,UgwhrROcpuPucB0LRFB4AaABAg,root,@SudaizAbdurrrahman,UCIaq_-I3Nfg15-qebMuJwCQ,Mr beast can you come to indonesia i want to do your challenge too(joking)😂😂,0,0,False,False,1784332800
yhB3BgJyGl8,UgziP2d9ZIiEr_-Dp294AaABAg,root,@G_deuxx,UCPtdyATsSukMporax02plhw,I hate the guy person that why I don't watch mrs best,0,0,False,False,1784332800
yhB3BgJyGl8,Ugx0lpOAlnq-_D0qfUF4AaABAg,root,@HydKurallu,UCu9pVjhCgUcFb9hTe4QRJ4A,Seeing Bryan being there for the crew and saying one last goodbye was heartwarming,0,0,False,False,1784246400
yhB3BgJyGl8,UgyI7bGAZKOR61Vj0Kh4AaABAg,root,@ajeenarami8654,UC6ySWRvDZdphR8To4ImmWRA,Mrbeast subscribe ok,0,0,False,False,1784246400
yhB3BgJyGl8,Ugxrdpj3Ogzz8lU2mcd4AaABAg,root,@Alex_Gled123,UC2VIkKfG-AT-rhh90egpndQ,9:05 lmao,0,0,False,False,1784246400
yhB3BgJyGl8,Ugx0__y7iwao1C-xg5J4AaABAg,root,@RashedKamali,UCTPmWSYVfWCaE-XGOl7k2uw,الیه,0,0,False,False,1784246400
yhB3BgJyGl8,UgyVGasmhoYatSK6kDZ4AaABAg,root,@MuhammadRanuRobikhin,UC_VioGI99F9dXqHOK1SUZ8Q,🎉🎉🎉🎉🎉🎉🎉,0,0,False,False,1784246400
yhB3BgJyGl8,UgxYcdLtIlhhSshoPFR4AaABAg,root,@suyapaleiva6743,UCWFVb2KEn8FA1ngUUp6SJKA,Io non lo betooooooooooo perché lai fatto misterbis,0,0,False,False,1784246400
yhB3BgJyGl8,UgwsNT7_nWLLIQYQ7hd4AaABAg,root,@ZRMPVLOGS,UCcLwKoHOZSZzwyvuSlYmuEg,Help,0,0,False,False,1784246400
yhB3BgJyGl8,Ugy2FvJh3nLpl4nsfnx4AaABAg,root,@ICAROPUBG,UCypW7F7I6e6qOYc4_hFg_PQ,hes alive ? :D,0,0,False,False,1784246400
yhB3BgJyGl8,Ugx06WjMzTKvZ46M9eZ4AaABAg,root,@WspLilScd67Officiel,UCuGVOLsugAOecKkVlXMCkpA,"Great video, guys.",1,0,False,False,1784246400
yhB3BgJyGl8,UgzKv8NFBE0eS5eGRml4AaABAg,root,@NY4NC4T343,UCM20eHIFCDXj0rXGHsgSFhA,7:11 STIR THEM BEANZ 🗣🔥🔥🔥,0,0,False,False,1784246400
yhB3BgJyGl8,UgwO7t0oUlPUOwsUf8R4AaABAg,root,@DNAGOKU990,UChlAd9KfIYBQSJiicPWG5kg,❤❤❤❤,0,0,False,False,1784246400
yhB3BgJyGl8,Ugzr0ovYoiT68FmD7uV4AaABAg,root,@juanagalicia1940,UCwxLrl9nlaLho2Urp6P8TiQ,2027,0,0,False,False,1784246400
yhB3BgJyGl8,UgxyordAwMFSC3alkDh4AaABAg,root,@TRazzamGG,UCJ1nPIozJIEBqK8O2iZ_YYw,😊,0,0,False,False,1784160000
yhB3BgJyGl8,UgwAYVplNZwikbz7A194AaABAg,root,@TheCoCotainment,UC1EwfitikofpAufNAHNEM-A,I am not feeking good for nolan you all make fun of him but he never said anything,0,0,False,False,1784160000
yhB3BgJyGl8,Ugw4PrZrZUQdZPpd7Xp4AaABAg,root,@SonkoriMondol-x3d,UC0EGHlAbeIPfwwvRQBxjquA,No,0,0,False,False,1784160000
yhB3BgJyGl8,Ugx0abgQxrzMg9Lgxl94AaABAg,root,@SanihSafitri-n5w,UCzLSxkpWemBQ_EuKTYFwk4w,"Hello mister bis, I am your fan from Indonesia",0,0,False,False,1784160000
yhB3BgJyGl8,UgzHYNI3g5w31r5iCJl4AaABAg,root,@stormchaser.12,UCKLtkfm9UDAQcPW4x84OYdg,Climb Mt Everest,0,0,False,False,1784160000
yhB3BgJyGl8,UgyVeupW8-sJzjjv0f14AaABAg,root,@조프로-m8z,UCP92gGae7KLRvn5wpkanopg,지미 항상응원합니다 🎉❤,1,0,False,False,1784160000
yhB3BgJyGl8,UgzdeiKIMspTghXVSp54AaABAg,root,@favourogooedom9296,UCqpFs0E2t4PWh4fXYzwjivA,pls,0,0,False,False,1784160000
yhB3BgJyGl8,UgxM76WQ_cc_Yu6mWOF4AaABAg,root,@favourogooedom9296,UCqpFs0E2t4PWh4fXYzwjivA,can i join one day,0,0,False,False,1784160000
yhB3BgJyGl8,UgwMPGn1ychCVAta06B4AaABAg,root,@GénesisMaick,UCFXH-YAZN1dRGiqnG-LHiwQ,"Pero no en mi selolar  los vi en  el mar
❤",0,0,False,False,1784160000
yhB3BgJyGl8,UgwrCry3Hkuy5ehz1ZJ4AaABAg,root,@GénesisMaick,UCFXH-YAZN1dRGiqnG-LHiwQ,Yooo los  vi,0,0,False,False,1784160000
yhB3BgJyGl8,UgydMHOGHhqRrEchzid4AaABAg,root,@NoahBritt-w9z,UCHtHliblJghJcUM8T0gb5eA,When did LazarBeam start being your friend?,1,0,False,False,1784160000
yhB3BgJyGl8,UgzCTgWQ5q542QbpMuR4AaABAg,root,@mbarekmoussa1210,UCt2vuTbhtTLdW_k9_UE0BpQ,😂😂😂😂😂😢😮😮😮😮,0,0,False,False,1784160000
yhB3BgJyGl8,UgzK2heWVaHV1qsFnLh4AaABAg,root,@Cansuarıkan-r3k,UC0zNq-BPxRFgctwNM4Mvjxw,I'm at the beginning of the video right now and I hope Bryan is back 😭,0,0,False,False,1784160000
yhB3BgJyGl8,Ugwdk0o5CKXJInqugix4AaABAg,root,@ZETASAHİL,UCX8Wt2tPgpVxVF6rjF8Dk0A,14/06/26 vatch video ?,1,0,False,False,1784160000
yhB3BgJyGl8,UgzU6VnMLqFtzXvJgQ54AaABAg,root,@ganeshjadhav8171,UCVG31SySLbnNM66hD06lRXw,Adventure,1,0,False,False,1784160000
yhB3BgJyGl8,UgzAyIlQSltpVyGjoZ54AaABAg,root,@CarmenTorres-l5p,UCAXE3TIaX458LesrHouZX8A,𝙿𝚘𝚛 𝚚𝚞𝚎 𝚊 𝚟𝚊𝚕 𝚎𝚗 𝙴𝚕 😮😮   𝖍𝖔𝖑𝖆,0,0,False,False,1784160000
48h57PspBec,UgxyOgZgCiCtEsnKPgB4AaABAg,root,@MrBeast,UCX6OQ3DkcsbYNE6H8uQQuVA,Subscribe and you could be in a future video!,175000,25,False,True,1689811200
48h57PspBec,UgxyOgZgCiCtEsnKPgB4AaABAg.9qmzDe-vOf-9vbVIwbXULs,UgxyOgZgCiCtEsnKPgB4AaABAg,@sfetapopovici,UCWMlE1fK76AOF5-qtnsY8Vg,❤❤❤❤❤❤❤❤❤❤❤❤❤😊😊😊😊😊😊😊😊😊😊😊😊😊,10,0,False,False,1721433600
48h57PspBec,UgxyOgZgCiCtEsnKPgB4AaABAg.9qmzDe-vOf-9v_8wOLmzP5,UgxyOgZgCiCtEsnKPgB4AaABAg,@JaquelineAlvarez-d7x,UCKFx02FighhTAknTxvI0TBw,Te amo mr best,9,0,False,False,1721433600
48h57PspBec,UgxyOgZgCiCtEsnKPgB4AaABAg.9qmzDe-vOf-9vaOAImTE-P,UgxyOgZgCiCtEsnKPgB4AaABAg,@DINESHKUMAR-tr4qs,UCBPU1Sp09em7OdYWox7rRKw,First,6,0,False,False,1721433600
48h57PspBec,UgxyOgZgCiCtEsnKPgB4AaABAg.9qmzDe-vOf-9vbbPr3cSkf,UgxyOgZgCiCtEsnKPgB4AaABAg,@PatrickManyasi-u7m,UCaygJcyKFDYWN-FQD4YwYdw,Ie,6,0,False,False,1721433600
48h57PspBec,UgxyOgZgCiCtEsnKPgB4AaABAg.9qmzDe-vOf-9qmzZLLxyqZ,UgxyOgZgCiCtEsnKPgB4AaABAg,@theoandbobo5713,UCUdyHe_XRdkQa2Tp45Js6tQ,I'm a potato,62,0,False,False,1689811200
48h57PspBec,UgxyOgZgCiCtEsnKPgB4AaABAg.9qmzDe-vOf-9qn-6z5kiXK,UgxyOgZgCiCtEsnKPgB4AaABAg,@shahzebafridi2032,UC-8spX-BDS7EBXVrVKQsgPA,Help me Mr Beast plzzzz help me lm coming in America lm very poor 🥺🥺🥺,5,0,False,False,1689811200
48h57PspBec,UgxyOgZgCiCtEsnKPgB4AaABAg.9qmzDe-vOf-9qn-KvZK7vW,UgxyOgZgCiCtEsnKPgB4AaABAg,@TheMemeAkhada,UCFMfGPu-1jfdRLm3VfOxK_g,You are Awesome ❤,5,0,False,False,1689811200
48h57PspBec,UgxyOgZgCiCtEsnKPgB4AaABAg.9qmzDe-vOf-9v_FePhh2h1,UgxyOgZgCiCtEsnKPgB4AaABAg,@EmreX1as,UCbbm3cXjvL11MdD2CNUyoqw,Hello im cristiano ronaldo,5,0,False,False,1721433600
48h57PspBec,UgxyOgZgCiCtEsnKPgB4AaABAg.9qmzDe-vOf-9vaYKiLXP-k,UgxyOgZgCiCtEsnKPgB4AaABAg,@syafarrayhan9988,UCKqPSVU8Ui4UNw0blUe8xFw,Frist,5,0,False,False,1721433600
48h57PspBec,UgxyOgZgCiCtEsnKPgB4AaABAg.9qmzDe-vOf-9vbqbWTiXnq,UgxyOgZgCiCtEsnKPgB4AaABAg,@MalselOktum,UCq-1D_q7jo6F5yHvRnIDoRA,Adrian,5,0,False,False,1721433600
48h57PspBec,UgxyOgZgCiCtEsnKPgB4AaABAg.9qmzDe-vOf-9vbqhAI0yRr,UgxyOgZgCiCtEsnKPgB4AaABAg,@MalselOktum,UCq-1D_q7jo6F5yHvRnIDoRA,Adrian,5,0,False,False,1721433600
48h57PspBec,UgxyOgZgCiCtEsnKPgB4AaABAg.9qmzDe-vOf-9vbxUzoX0mt,UgxyOgZgCiCtEsnKPgB4AaABAg,@jackiesbox14,UCILFeXR3nuLsgUFi9Uz1wLQ,Yes sir,5,0,False,False,1721433600
48h57PspBec,UgxyOgZgCiCtEsnKPgB4AaABAg.9qmzDe-vOf-A-7Iy4X5O87,UgxyOgZgCiCtEsnKPgB4AaABAg,@PaolaNieves-ko9xs,UCi53tMEHihy-qpKrRmrcudA,😮😮😮😮😂❤,5,0,False,False,1721433600
48h57PspBec,UgxyOgZgCiCtEsnKPgB4AaABAg.9qmzDe-vOf-9qmzbaYNWJr,UgxyOgZgCiCtEsnKPgB4AaABAg,@User-20871,UCcw2blYTTcHvI68a8DhWBxQ,ok,85,0,False,False,1689811200
48h57PspBec,UgxyOgZgCiCtEsnKPgB4AaABAg.9qmzDe-vOf-9qmzzPnZ4wC,UgxyOgZgCiCtEsnKPgB4AaABAg,@The_game_master_backrooms,UCa2my79EwOBE6FZnkbGQwaQ,W beast,57,0,False,False,1689811200
48h57PspBec,UgxyOgZgCiCtEsnKPgB4AaABAg.9qmzDe-vOf-A01rxicrgix,UgxyOgZgCiCtEsnKPgB4AaABAg,@itsmy3209,UCondLQDJZz40IrPb9jagt4Q,Help me sir,29,0,False,False,1721433600
48h57PspBec,UgxyOgZgCiCtEsnKPgB4AaABAg.9qmzDe-vOf-9qn-F9QYyKE,UgxyOgZgCiCtEsnKPgB4AaABAg,@Fishtuna1,UCppfUL9uIuy8ovPyp4hkVJA,18,4,0,False,False,1689811200
48h57PspBec,UgxyOgZgCiCtEsnKPgB4AaABAg.9qmzDe-vOf-9qn-FeVu-zY,UgxyOgZgCiCtEsnKPgB4AaABAg,@Fishtuna1,UCppfUL9uIuy8ovPyp4hkVJA,19,4,0,False,False,1689811200
48h57PspBec,UgxyOgZgCiCtEsnKPgB4AaABAg.9qmzDe-vOf-9qn-HTNmqiB,UgxyOgZgCiCtEsnKPgB4AaABAg,@Mefedronck-m2k,UC2CtpOesREc5M12Z0TpnILA,And I'm Russian,4,0,False,False,1689811200
48h57PspBec,UgxyOgZgCiCtEsnKPgB4AaABAg.9qmzDe-vOf-9qn-fmX9m-1,UgxyOgZgCiCtEsnKPgB4AaABAg,@fidget9494,UCKW-FJg_MJLmZLSnhq6VQaA,Epic,4,0,False,False,1689811200
48h57PspBec,UgxyOgZgCiCtEsnKPgB4AaABAg.9qmzDe-vOf-9v_V1FLMDlH,UgxyOgZgCiCtEsnKPgB4AaABAg,@Evelyn-vb6hy,UCGj-dwwPY4xnEljb7QSrnDw,jajaja 😂,4,0,False,False,1721433600
48h57PspBec,UgxyOgZgCiCtEsnKPgB4AaABAg.9qmzDe-vOf-9vbV4cwHUsy,UgxyOgZgCiCtEsnKPgB4AaABAg,@P.Łapinski,UCeyTKD1VSdpsH1UqNxUPbRw,❤,4,0,False,False,1721433600
48h57PspBec,UgxyOgZgCiCtEsnKPgB4AaABAg.9qmzDe-vOf-9vb_o5zb7UY,UgxyOgZgCiCtEsnKPgB4AaABAg,@ContaRealme,UCCfDOw1C0kz8yiyEcx4Xlbg,❤,4,0,False,False,1721433600
48h57PspBec,UgxyOgZgCiCtEsnKPgB4AaABAg.9qmzDe-vOf-A-ti5qn1rp6,UgxyOgZgCiCtEsnKPgB4AaABAg,@DahannaMaestre,UCczop0KhEfh5RhZBQcGL4wg,XD😎😎😎😎😎😎,4,0,False,False,1721433600
48h57PspBec,UgxyOgZgCiCtEsnKPgB4AaABAg.9qmzDe-vOf-9qn-1IAC8ut,UgxyOgZgCiCtEsnKPgB4AaABAg,@memesblogger2073,UC8SZCLE5-IiiZSX4RfROciA,BET,53,0,False,False,1689811200
48h57PspBec,Ugylhe9jFoWCEplBkaZ4AaABAg,root,@bramaツ,UCgJvz4uorIy4JHIzCw2sTnQ,4:52,0,0,False,False,1784469060
48h57PspBec,UgzQqErEqpPwnMDRaJV4AaABAg,root,@donnyamir210,UCpyj4bFTR_NmFvOyQS8hL8Q,"Mr Beast why didn't you invite me when you were going everywhere, I've already subscribed, you still didn't invite me, I'm Indonesian",0,0,False,False,1784466000
48h57PspBec,UgzukVkm4Qd036Lhpo54AaABAg,root,@arhan.siddiqui.ki.503,UCi9zYW3u99-FSLS3wdQPcUA,Please yah mere niche wali baat English mein kara kar dekh lena main Hindi mein bol raha hun,0,0,False,False,1784462400
48h57PspBec,UgwEjpwzVz91rrRee654AaABAg,root,@arhan.siddiqui.ki.503,UCi9zYW3u99-FSLS3wdQPcUA,Mrbeast aapke pass itne hi dollar hai to aap India ko de rahe the India mein Garib log rahte hain,0,0,False,False,1784462400
48h57PspBec,UgwVCdqWZqIRi_8wgqd4AaABAg,root,@MUSRoli-j8c,UClGQjHEyXGl5U13z1Yf3aZg,Thariq is islam,0,0,False,False,1784462400
48h57PspBec,UgyjCxU4gdJntsnc3IV4AaABAg,root,@ZxDanger-i9f,UCWkczv2muGh3T97W7jvqOJw,😊😊😊😊,0,0,False,False,1784462400
48h57PspBec,UgzrbR3F_Wgp2tiaImd4AaABAg,root,@RidewithMukeshpanditLuckno-t4w,UCIqh0x1OSla2J2KYIfNOq2w,Youtube king  sir ❤you are my inspiration  all over world 🌍 superb video 🙏🏿🫶❤️Radhe Radhe 🦚,0,0,False,False,1784455200
48h57PspBec,UgxgTCocuk_c8CCUnoJ4AaABAg,root,@BIGGAMESIG,UCyT-DCyZgN9Dxw6LSXY_fLQ,I hate Mr beast😡,1,0,False,False,1784451600
48h57PspBec,Ugz-WsJ0fejF2C5NTGN4AaABAg,root,@triVo-d3e7c,UCEhq2uxfyAYREg5j79UmgKw,Bác ơi em là fan của anh em đã đăng ký kênh cho Anh remix tao biết,0,0,False,False,1784451600
48h57PspBec,Ugy39yaREVmDYdv7O2t4AaABAg,root,@KiranPatel-c1t,UCx5OWNnyalgc9OC_wb1Q05w,"JMr Beast please come to my house  my location Iindia state MP disstick Maihar city amarpatan if me want come here for me, than massage me and I will tell you the exact location, please you come here I am your big fan 😢❤",0,0,False,False,1784451600
48h57PspBec,UgyEQQUrhGaYWRRid8B4AaABAg,root,@qianyu6060,UC9Pokj1D0LT3kjvqJo0l1fQ,I,0,0,False,False,1784448000
48h57PspBec,Ugx6LDLfgV9Uu926wSJ4AaABAg,root,@Farid-x1810,UChoK7RjimE0OL4txu69PsJw,"Hi Jimmy I really want that chocolate but I'm in Indonesia, and it's not available in Indonesia🙂‍↕️",0,0,False,False,1784448000
48h57PspBec,UgxPIbtiu6n4Gm50udh4AaABAg,root,@SkRehan-h5i,UC4k0XkIH2vTTPQUN7DN4rrw,"10,000 mujhe chahie Mr beast beast",0,0,False,False,1784444400
48h57PspBec,UgzuKByEgdhqAZGvJ654AaABAg,root,@SkRehan-h5i,UC4k0XkIH2vTTPQUN7DN4rrw,Hi iiiiiiii,0,0,False,False,1784444400
48h57PspBec,UgwB5wO6NUit9-fW4ox4AaABAg,root,@liluckyeditxz,UCe-IpmtGPFlXcGMdniNkZdw,"Mr. Beast, let me challenge you. I live in India. Can you give me an iPhone 18 Pro Max?🙄😁",0,0,False,False,1784440800
48h57PspBec,UgynDdEaTqox5vD2pAx4AaABAg,root,@GunnarEA,UCqbGk7mMBrJG76crrPxfRZg,In case anyone watching is curious The Statue of Liberty is like 305  feet or 93 meters.,0,0,False,False,1784437200
48h57PspBec,UgwHT3qoILCNYMJmHNp4AaABAg,root,@ice-mau5,UCTfetYZyAjRlVd7YHQgKjMQ,Mr.beat I'm from 2026😢,0,0,False,False,1784437200
48h57PspBec,Ugx6BptxBFtynZ924nJ4AaABAg,root,@AsisMeena-p4n,UC_mGSyCgqLqSHet0KpscfQQ,Hii,0,0,False,False,1784437200
48h57PspBec,Ugy9nUBNd_y03mzXGo54AaABAg,root,@srirejeki7498,UCwcvFVXwSeM4IPUHx_VXL0w,Mr beast plays roblox,0,0,False,False,1784433600
48h57PspBec,UgyYJnZzEcph7hOVvhx4AaABAg,root,@BradleyRosario-x7e,UCjVpswW2n1wi9RbKmr4cDsQ,Quiero estar en tus videos,0,0,False,False,1784430000
48h57PspBec,UgzPmDMNgGfUF_ahtSR4AaABAg,root,@aliciaferguson9390,UCtL9-71lw4htMhQ9siQhPbg,How much did it cost to paint the wonders of the seas gold😅😂 realises it's  250000😮😮😮😮😮😮😮😮😮😮😮😮😮😮😮😮😮😮😮😮😮😮😮,0,0,False,False,1784430000
48h57PspBec,Ugxwi4YyMuE9dhab5id4AaABAg,root,@RoidahSuyadi,UC6tJBzbih26N-nXXo1sYmZw,1:56 1:57 1:59 2:02,0,0,False,False,1784426400
48h57PspBec,Ugxu4eJ-cT6FjnfijR54AaABAg,root,@aly2511,UCIaNufWwbhLeAafdC34TV0Q,OK bro is rich and famous,0,0,False,False,1784426400
48h57PspBec,Ugzizt_qDJb86I3eQ2B4AaABAg,root,@HugoCardoza-o4p,UC2O7lHHDjj8_t0xZnxlesiA,Bien,0,0,False,False,1784426400
48h57PspBec,UgyoM4imEnOOM062nZR4AaABAg,root,@HugoCardoza-o4p,UC2O7lHHDjj8_t0xZnxlesiA,Bien 👍 😊❤,0,0,False,False,1784426400
48h57PspBec,UgzGSy5FnnP5vyrkRip4AaABAg,root,@HugoCardoza-o4p,UC2O7lHHDjj8_t0xZnxlesiA,Xd,0,0,False,False,1784426400
48h57PspBec,Ugz5wc3jcMxxWJU-pxd4AaABAg,root,@HugoCardoza-o4p,UC2O7lHHDjj8_t0xZnxlesiA,Xd,0,0,False,False,1784426400
48h57PspBec,UgwKX7nrn33gWUlbGLZ4AaABAg,root,@HugoCardoza-o4p,UC2O7lHHDjj8_t0xZnxlesiA,Hugo,0,0,False,False,1784426400
48h57PspBec,Ugwl5EecJkCj10jTTb94AaABAg,root,@avianisofiansyah7911,UC3wR19YF-ImWFW_jEu4iV1w,O,0,0,False,False,1784419200
48h57PspBec,Ugyshiy5p8ni-nYRamN4AaABAg,root,@CristinaRosas-w1f,UCkkMXL-Z8bQDXcmvoGGSNtg,El último ya te,0,0,False,False,1784419200
48h57PspBec,UgzTnMhLoSjlrCniIUJ4AaABAg,root,@CristinaRosas-w1f,UCkkMXL-Z8bQDXcmvoGGSNtg,Qué es qué cesó,0,0,False,False,1784419200
48h57PspBec,Ugy1HtrfhLrTUsDqDtB4AaABAg,root,@MaiPhuongVõ-l8c,UC0wuZVkH1KDjzh1Lbz4OjCw,Ii lover,0,0,False,False,1784415600
48h57PspBec,UgzRweLAcTOtUTtoAR94AaABAg,root,@FelipeVargasGuzmán-p9y,UChsIwoVA5sHb-xaUgdQibDQ,Cumpla bien mrbeast,0,0,False,False,1784415600
48h57PspBec,UgyNk9gWKgb98c_9gpV4AaABAg,root,@TheZygous,UCl88XULT4zAyUo4EBn5vzPA,6:50 i saw the 1 billion super yacht,0,0,False,False,1784412000
48h57PspBec,UgyhmOhLdNb4ojR0xyB4AaABAg,root,@YamiVilla-e2b,UC72Fig1siMTtQeYwcHw85fQ,i was a subscriber,0,0,False,False,1784408400
48h57PspBec,UgyC-nIECOm431MOJVF4AaABAg,root,@RosemeneFleurantin-li4hp,UCh-DIvjJ70RUzNS4kl6bLqA,Je me suis abonné❤❤,0,0,False,False,1784408400
48h57PspBec,Ugx8Ohc_BqDAEpTuy6Z4AaABAg,root,@JoshuaTelesford,UCipXdz46-ceZP28tNjb4N6g,Chalclat,0,0,False,False,1784408400
48h57PspBec,UgyiXO6O0RoMCqiiTil4AaABAg,root,@JoshuaTelesford,UCipXdz46-ceZP28tNjb4N6g,"Mr.Beast i tried your new calculator 111111111,1111111 out of 10",0,0,False,False,1784408400
48h57PspBec,Ugw5Euo_B5QfaGhfev54AaABAg,root,@JosephPAMBE-u8e,UCy6TnftOmegxtIT3oc5zGyg,Je suis ton plus grand fan mais je vie au Cameroun,0,0,False,False,1784408400
48h57PspBec,Ugxd-Fd7nb5S5ZSdKLB4AaABAg,root,@ШухратМирпоччоев,UCa5ZG6wpRmxdka2Eujwbnrg,1❤,0,0,False,False,1784401200
48h57PspBec,UgxKSkXiIWRREHA3L_R4AaABAg,root,@ШухратМирпоччоев,UCa5ZG6wpRmxdka2Eujwbnrg,Я твоя фонатка❤🎉😊,0,0,False,False,1784401200
48h57PspBec,Ugx04crktSZSi6QMKLx4AaABAg,root,@christophermadrid3296,UCBbFn6CxKtfG_6MqwhIH6Zg,1 dollar boat more like titanic,0,0,False,False,1784390400
48h57PspBec,UgyxtX_YcjCInCuq0VV4AaABAg,root,@Jewel-c2t,UCbwY5ojzs0c3tvCK9ugYmVg,Hey Jimmy I am a big fan of yours pls collab with my second fav YouTuber mythpat,0,0,False,False,1784390400
48h57PspBec,UgwN0IVoagRMVuRu-mx4AaABAg,root,@nasarsweet7204,UCh10k7l57qxZ4YJXetZT9Wg,amirtei,0,0,False,False,1784390400
48h57PspBec,UgyG3mIvAtyiOhoM91J4AaABAg,root,@KeylorGutierrez-q1w3q,UCn2fk0z9HAODSxIaLAU9BaA,So muy. increíble. tus. Videos,0,0,False,False,1784386800
48h57PspBec,UgxvyXV5-laYHGbhzkV4AaABAg,root,@พรพัสสาเกิดภู่,UCYpNGuVsUecbXGxwlTUHVVw,you distrib ส่งมาจากประเทศไทยหน่อยรู้จักวัดประเทศไทยด้วยปั้นเนินมะปราง 8:11,0,0,False,False,1784386800
48h57PspBec,Ugx6VYo-beKCRDGONVV4AaABAg,root,@Gollumollu-es7mu,UCc2qfpH_IF_yfVCWySkmqGg,❤hi,0,0,False,False,1784386800
48h57PspBec,UgzpxBIADaEKEFNjElh4AaABAg,root,@olenasokhina1604,UC3qt_PbU20v14UfZEcgA_fQ,Hi🎉 300 milli on is the best,0,0,False,False,1784419200
48h57PspBec,UgwZq3-WFoFMw_y-4Wx4AaABAg,root,@MuthoharohYhanie,UCDRanvkOIyNv0g2on6OrVEw,300,0,0,False,False,1784419200
48h57PspBec,UgwWudFKt9aUOHUt91N4AaABAg,root,@Ramkrishna_Mahata,UCHXkp3G70Nbw_Dzpwzswt6Q,❤❤❤,0,0,False,False,1784419200
48h57PspBec,UgyTT80wO0-Dm6Rak7p4AaABAg,root,@KhurasaniMurshid,UCkcWEbulzrc2ZJqfA8IIp7g,Tou should invite 100000 follower in last one,0,0,False,False,1784419200
48h57PspBec,Ugz-xAqRPi13XhiWUNR4AaABAg,root,@AasamKhan-b2b,UClhWwzBtVbxq6Im8gUj23cg,❤❤❤❤❤❤😢😢😢,0,0,False,False,1784419200
48h57PspBec,Ugzg2POWcM78uKi2dzx4AaABAg,root,@Sendrone0,UCh9QOfd31AFNOPAy4YwkoNA,"Can you h
Get Fistebels in polend",0,0,False,False,1784419200
48h57PspBec,UgzwBF9kflPpaMew-uV4AaABAg,root,@OTAKUGACH12,UCLfDY8LRdCypUCoW3H-gTmQ,14:19 kayzer😅,1,0,False,False,1784419200
48h57PspBec,Ugwc0LPuJ56EoUsJ-kZ4AaABAg,root,@skitaev,UC5-6u0XKPEvDYPAXzrLRJUg,I subscribed and want to be in the video.,0,0,False,False,1784419200
48h57PspBec,Ugy_DlwkfwCErxZ81E14AaABAg,root,@UsmanTarya-i2r,UC5bi4-WWYUjEhKwAXhhilFg,Is debest,0,0,False,False,1784419200
48h57PspBec,UgzsiC1M24iXUj9oV-N4AaABAg,root,@YT_Rangga-u9,UCuFVkfiVm3aAu3vNW5rnGEA,Plis ke bali,0,0,False,False,1784419200
48h57PspBec,Ugw51yIbBGLPUODQfoZ4AaABAg,root,@iamtreegod5067,UCMGU1tprtqAkSz5VOPqweKw,Titanic be like💀💀💀🥀🥀🥀😭😭😭✌️✌️✌️,1,0,False,False,1784419200
48h57PspBec,UgzHhY0VzoyW6AgsWJJ4AaABAg,root,@PramitaWardani,UCdgBQHCRIETPsologqVMMaw,Iya iya aku aku dari like dan subscribe,0,0,False,False,1784419200
48h57PspBec,UgwW_2TjKuDWfud1-jB4AaABAg,root,@MatPat-y4k,UCdVQNUWw5eHpwuttmhH7yeQ,There are no Feastebles in my country; I live in Mexico.,1,0,False,False,1784419200
48h57PspBec,Ugztm0PwA6l2r9UsDkh4AaABAg,root,@FabricioEsteban-o3j4e,UCdw4tHqz8zom2AczlBCbj_g,Hola míster bis me regalas una mansión en bolivia soy de la paz,1,0,False,False,1784419200
48h57PspBec,Ugwwog-GDTSqGud08cV4AaABAg,root,@apolakayrefuerzo,UCO24Xyh4740VCnsI8nrHKsw,pls my dad and mom are dying can you go to philiipines i like and sub,1,0,False,False,1784419200
48h57PspBec,Ugz5D3UmFB3BveLfECh4AaABAg,root,@Noah-x1n5l,UC6MhwHaQH4LsnfAEjvVZTbA,F por el yate de 1 dolar,0,0,False,False,1784419200
48h57PspBec,UgzMATxWya5wZaOKJ5J4AaABAg,root,@VirgilioRojas-y5e,UCgFIi_Ta8HxHqytkWGN7_uA,Mrbeast que paso con el crucero de 3 noches?,0,0,False,False,1784419200
48h57PspBec,UgwaUa41WNP5Rie76id4AaABAg,root,@kanayazaa6792,UC8BKUHh-0jmg8bxZedfCO0w,Kalian semua Inggris,0,0,False,False,1784419200
48h57PspBec,UgxBmWIFa-7IQVuoHU54AaABAg,root,@AnaLucia-f3h6s,UCKtoIlZj5ajcbAVXtUKSOfA,MR. BEAST.  VOCÊ. É. DO. BRASIL,0,0,False,False,1784419200
48h57PspBec,UgxG-d3jNLX7CdETTO14AaABAg,root,@jemacosmeticosbiotecnologi5850,UCOV2r_iSTCu9WYZGkIg1Bmw,0:45 the boat was sinking lol😜,1,0,False,False,1784419200
48h57PspBec,Ugy4irpS9gmtQVbXYGl4AaABAg,root,@jemacosmeticosbiotecnologi5850,UCOV2r_iSTCu9WYZGkIg1Bmw,Mrbeast a am like your number one or number two i live in Sunny Isles beach (usa) can you come to sunny lsles Beach,0,0,False,False,1784419200
48h57PspBec,UgzUgcbw40EgrXW7w3F4AaABAg,root,@atomwasonit,UC7jbO1X2HDVZifpGrhjwy9w,It is absolutely insane how botted these comment sections are. Is he really so sensitive he cleanses the comment section of all criticism? Coward.,3,0,False,False,1784419200
48h57PspBec,UgwBBTguQ2IsZIzl5hh4AaABAg,root,@singersensah,UCHGwmF17EnoqzD1J0swvKhg,"300 boats run business instead of 1 boat, I cam buy after these earnings for 3",0,0,False,False,1784419200
48h57PspBec,UgzPG--lK7fNE98Q36R4AaABAg,root,@ЭлдиярМанжиев,UCN9hWVPYa3o6ak3b3IH8tYQ,"Приветствую MrBeast, пришли пожалуйста мне тоже шоколадки разного вкуса пожалуйста,у нас в Москве нет твоих шоколадок.",0,0,False,False,1784419200
48h57PspBec,Ugynkyv6DdeZheORx-x4AaABAg,root,@BonexAbas,UCm2aLMFeU7867zUIOcHLdGA,Me bona abas 10m 🎉🎉🎉🎉,0,0,False,False,1784419200
48h57PspBec,UgyhJMFbd9hu4FLZKXB4AaABAg,root,@hoangkhavo6201,UCMVSiyY1HhoxSOTHWs2ZywQ,300,0,0,False,False,1784419200
48h57PspBec,Ugy_vb-e1E71vpxASDV4AaABAg,root,@MyGiang-w4x,UC1zrdgXpBY5JjOUbfDPkPYQ,Em hay trêu anh đó em là fan của anh đó,1,0,False,False,1784419200
FM7Z-Xq8Drc,UgzMWcp4SyXmPedVMNt4AaABAg,root,@MrBeast,UCX6OQ3DkcsbYNE6H8uQQuVA,"We spent millions of dollars and months working on this video, I hope you all liked it 😊",311000,25,False,True,1689811200
FM7Z-Xq8Drc,UgzMWcp4SyXmPedVMNt4AaABAg.9qEH8DBABAq9qEHHU7Zsz1,UgzMWcp4SyXmPedVMNt4AaABAg,@kkjoseph144,UCrfi1O3K2FWiKZUL491GQBQ,Ok,32,0,False,False,1689811200
FM7Z-Xq8Drc,UgzMWcp4SyXmPedVMNt4AaABAg.9qEH8DBABAq9qEHEulEVeo,UgzMWcp4SyXmPedVMNt4AaABAg,@cristianocuinoooo,UCldPtwrVem84OQaC5btucxQ,Loved it sooo much,21,0,False,False,1689811200
FM7Z-Xq8Drc,UgzMWcp4SyXmPedVMNt4AaABAg.9qEH8DBABAq9qEHCygHzKj,UgzMWcp4SyXmPedVMNt4AaABAg,@Sensist,UC5m1vaMTPA7EH2P1po7eglw,Wow,18,0,False,False,1689811200
FM7Z-Xq8Drc,UgzMWcp4SyXmPedVMNt4AaABAg.9qEH8DBABAq9qEHFuV-xKw,UgzMWcp4SyXmPedVMNt4AaABAg,@elgato-lk4rz,UCykMxGNJeoWuxUhfp1P_ZmA,"Es simplemente increíble,un gran trabajo 10/10",14,0,False,False,1689811200
FM7Z-Xq8Drc,UgzMWcp4SyXmPedVMNt4AaABAg.9qEH8DBABAq9qEHJB13gI_,UgzMWcp4SyXmPedVMNt4AaABAg,@rgkitty,UCWti_Y0hKpap_0iUd9NvI2Q,W,12,0,False,False,1689811200
FM7Z-Xq8Drc,UgzMWcp4SyXmPedVMNt4AaABAg.9qEH8DBABAq9qEHHwnl0kS,UgzMWcp4SyXmPedVMNt4AaABAg,@sillyblindperson,UCBpH-U79pJI5tEE-AdZzKrA,CHICKEN LITTLE,11,0,False,False,1689811200
FM7Z-Xq8Drc,UgzMWcp4SyXmPedVMNt4AaABAg.9qEH8DBABAq9qEHJG0di3L,UgzMWcp4SyXmPedVMNt4AaABAg,@pochitalover4,UC_3cH1VFr4kzg6YKLIHe3Ow,hello mr beast,11,0,False,False,1689811200
FM7Z-Xq8Drc,UgzMWcp4SyXmPedVMNt4AaABAg.9qEH8DBABAq9qEHYO592wF,UgzMWcp4SyXmPedVMNt4AaABAg,@vwvwwvwvwvw,UCfy9A9iwVKma7KThSKG7Q8Q,damn he spent millions of months,11,0,False,False,1689811200
FM7Z-Xq8Drc,UgzMWcp4SyXmPedVMNt4AaABAg.9qEH8DBABAq9qEHGYIXhYE,UgzMWcp4SyXmPedVMNt4AaABAg,@moono1475,UC4L8DVB204kmehZvAiaRrFg,They r incredible,10,0,False,False,1689811200
FM7Z-Xq8Drc,UgzMWcp4SyXmPedVMNt4AaABAg.9qEH8DBABAq9qEHGlj8JlD,UgzMWcp4SyXmPedVMNt4AaABAg,@Taha_A,UCycQTT2rKHcpKt33d8lrX5w,Hello,10,0,False,False,1689811200
FM7Z-Xq8Drc,UgzMWcp4SyXmPedVMNt4AaABAg.9qEH8DBABAq9qEHHid6Xtb,UgzMWcp4SyXmPedVMNt4AaABAg,@Jesko689,UC8_1PzCZszzRhtvNbCSUoCA,Yoo,10,0,False,False,1689811200
FM7Z-Xq8Drc,UgzMWcp4SyXmPedVMNt4AaABAg.9qEH8DBABAq9qEHHrhbYxw,UgzMWcp4SyXmPedVMNt4AaABAg,@Kirowo_2022,UCI76If8YhlduKxehjW-Fh4g,Ese mah jajaja oye mah jajaj,10,0,False,False,1689811200
FM7Z-Xq8Drc,UgzMWcp4SyXmPedVMNt4AaABAg.9qEH8DBABAq9qEHJ8Mnkpy,UgzMWcp4SyXmPedVMNt4AaABAg,@Mexru,UCwGBpad98MTdT9JgWm6L2lw,129th,10,0,False,False,1689811200
FM7Z-Xq8Drc,UgzMWcp4SyXmPedVMNt4AaABAg.9qEH8DBABAq9qEHFx5kesb,UgzMWcp4SyXmPedVMNt4AaABAg,@Kirowo_2022,UCI76If8YhlduKxehjW-Fh4g,Ese mah jajaja oye mah jajaj,8,0,False,False,1689811200
FM7Z-Xq8Drc,UgzMWcp4SyXmPedVMNt4AaABAg.9qEH8DBABAq9qEHIPWiU9p,UgzMWcp4SyXmPedVMNt4AaABAg,@MohDz15,UCT2CyRrK2nU3jvkIcJVwZ7g,😓مستر بيست أنا اريد الوصول إلى 1M,8,0,False,False,1689811200
FM7Z-Xq8Drc,UgzMWcp4SyXmPedVMNt4AaABAg.9qEH8DBABAq9qEHFtHSmx2,UgzMWcp4SyXmPedVMNt4AaABAg,@Sensist,UC5m1vaMTPA7EH2P1po7eglw,W,6,0,False,False,1689811200
FM7Z-Xq8Drc,UgzMWcp4SyXmPedVMNt4AaABAg.9qEH8DBABAq9qEHDpB9Mmz,UgzMWcp4SyXmPedVMNt4AaABAg,@emotionread,UCOMG8LEIYMo7FRGsaVKYexA,It is  insane how many videos Jimmy  working on at once . The dedication is on another level . Massive respect for you my man .❤️,33,0,False,False,1689811200
FM7Z-Xq8Drc,UgzMWcp4SyXmPedVMNt4AaABAg.9qEH8DBABAq9qEHEE3ppvE,UgzMWcp4SyXmPedVMNt4AaABAg,@Idkandidc8235,UCZEXBXEFaalnpFsELEjtJHw,Yo,33,0,False,False,1689811200
FM7Z-Xq8Drc,UgzMWcp4SyXmPedVMNt4AaABAg.9qEH8DBABAq9qEHEtR8MaH,UgzMWcp4SyXmPedVMNt4AaABAg,@Kirowo_2022,UCI76If8YhlduKxehjW-Fh4g,Ese mah jajaja oye mah jajaj,30,0,False,False,1689811200
FM7Z-Xq8Drc,UgzMWcp4SyXmPedVMNt4AaABAg.9qEH8DBABAq9qEHHD4WjHl,UgzMWcp4SyXmPedVMNt4AaABAg,@GMALEEM90,UC6lrUDZUpCXmCezWlzvvIBQ,✌️❤️👍,4,0,False,False,1689811200
FM7Z-Xq8Drc,UgzMWcp4SyXmPedVMNt4AaABAg.9qEH8DBABAq9qEHHuvQmEl,UgzMWcp4SyXmPedVMNt4AaABAg,@kiska7,UC5KlMZdGdu6HIG449TZ7V8w,YIPPE,4,0,False,False,1689811200
FM7Z-Xq8Drc,UgzMWcp4SyXmPedVMNt4AaABAg.9qEH8DBABAq9qEHIRhM4QC,UgzMWcp4SyXmPedVMNt4AaABAg,@sri_teams,UCAHXpn24UKbqfbGMXCuYNDw,"Hey yo it is difficult to do 😮!!,but you can do that 😅",4,0,False,False,1689811200
FM7Z-Xq8Drc,UgzMWcp4SyXmPedVMNt4AaABAg.9qEH8DBABAq9qEHIc4R5KY,UgzMWcp4SyXmPedVMNt4AaABAg,@phonkxlabz,UCvOtkcWGCx_mg-xJVZIYk4w,Mk,4,0,False,False,1689811200
FM7Z-Xq8Drc,UgzMWcp4SyXmPedVMNt4AaABAg.9qEH8DBABAq9qEHIdFmyT8,UgzMWcp4SyXmPedVMNt4AaABAg,@mizzimalife8738,UC5TydmJVoNlWOETW1mnwJlQ,I'm wear your name logo shirt my whole life.. gave me 10k bro,4,0,False,False,1689811200
FM7Z-Xq8Drc,UgzMWcp4SyXmPedVMNt4AaABAg.9qEH8DBABAq9qEHIhdu3F2,UgzMWcp4SyXmPedVMNt4AaABAg,@miniflameyt8841,UCgKmPwcjpGn9RKRI9m2ny2g,W,4,0,False,False,1689811200
FM7Z-Xq8Drc,Ugw0THbRwUBiYDZuMc94AaABAg,root,@Pervinaydn123,UCvaw9EaegkMbq7uBh2m6q3g,40,0,0,False,False,1784451600
FM7Z-Xq8Drc,UgxwfqIkwvbP8fiv_DV4AaABAg,root,@AzanEliza,UCrw1HT-iwxT4oEijb9fYlTw,2:41 error,0,0,False,False,1784401200
FM7Z-Xq8Drc,UgzzhzNxu8u_ziJGQkl4AaABAg,root,@TheLuckiManAC3,UCWZqZIKjtDsYp9QFP7dUedQ,Wait did the 100 year old really fight a war? Assuming ww2,0,0,False,False,1784397600
FM7Z-Xq8Drc,UgxjcziwPJCrJybGuah4AaABAg,root,@REHANSIDDIQ-p5f,UCIDvj7Z66gV7VOit2Ej3Cig,I am your  big supporter man  why you cannot invite me why ?,0,0,False,False,1784394000
FM7Z-Xq8Drc,Ugwv8h5C62jsHfPFz-94AaABAg,root,@KhadraAbdullahiAbdi,UCaEh8gjcs_lnx7FFmekSajg,no fodd nah mr beast,0,0,False,False,1784419200
FM7Z-Xq8Drc,UgycmqkR9_LVD0r8A2x4AaABAg,root,@SukhdeepSingh-mi2be,UCziG3jXRoN4eq651KbsymwQ,Mr Beast plz contact me help me,0,0,False,False,1784419200
FM7Z-Xq8Drc,UgwfqTMm8cX9lD7HQEV4AaABAg,root,@haiderasadi4618,UChXx672i6tvhQYBNY6_v9ow,I am subscribed to you but I never got to do it,0,0,False,False,1784419200
FM7Z-Xq8Drc,Ugwofm_xJb1tI04Sn2J4AaABAg,root,@guadalupejacquelinejimenez2639,UCpA8EghK6aSuTkdvrlj5Ffg,Jimmy Jimmy yo ya me suscribir,0,0,False,False,1784332800
FM7Z-Xq8Drc,Ugxbrac0GePv3bJ0Dcx4AaABAg,root,@KatarzynaDuda-Slizinska,UCuoBI1MmzeCAa-ih6UtKNWA,Ja me z  polad polska,0,0,False,False,1784332800
FM7Z-Xq8Drc,UgwFolYEpunYkz2ZWu14AaABAg,root,@Virendrat-go8hw,UCLnSXzmazzUTVQUQa1ZpZCA,Mr beast mujhe bhi chelenge Krna hai aap ke  sath ❤❤😊😊😊😢😢😢😢,0,0,False,False,1784246400
FM7Z-Xq8Drc,Ugw8BuOqEulVCUelswB4AaABAg,root,@SIlly-Goober252,UCxLcUWAye925MxuV63OFmaA,I feel bad for 10,0,0,False,False,1784246400
FM7Z-Xq8Drc,UgzyAYoz-wuOrzQlBDN4AaABAg,root,@lucasmacmillan1532,UC_CvhUCkYY0lKdokAZcpLpg,Not the guy taking off his shirt 😂😂😂,0,0,False,False,1784246400
FM7Z-Xq8Drc,Ugz1Z2edYhdgC9to78N4AaABAg,root,@canalallimite,UC2j072OJA3IA_AjG4K861Eg,"Hola soy de argentina y quiero participar en algún juego, como hago gracias !!❤🎉😊😊😊😊😊😊😊😊😊😊🎉🎉🎉🎉",0,0,False,False,1784160000
FM7Z-Xq8Drc,Ugw9CwWqGqH4RGvpHdB4AaABAg,root,@Lamiyaslay,UCPKBo8cWlAabfZOuYBCYADQ,10 is bad,0,0,False,False,1784073600
FM7Z-Xq8Drc,Ugzb1XS0DOy0hv6Xf9p4AaABAg,root,@Só_Risadas123,UCFMBNZdtNQp5YtVu-XVs9jA,😂😂 as crinças estão a fazer muito barulho para os idosos saírem,0,0,False,False,1784073600
FM7Z-Xq8Drc,Ugzj2obGHXCGSd8Gvax4AaABAg,root,@anshulDulawat,UCP6cE8DwoL1K9-Xow2Iybgw,😊,0,0,False,False,1783987200
FM7Z-Xq8Drc,UgzzBRM2K-cZBRfi9tB4AaABAg,root,@adrian-qr6zk,UC8Otg6LzDvV9x2ZnJxQJF_A,they're not fighting,0,0,False,False,1783987200
FM7Z-Xq8Drc,UgzEWHLACO3D7PEQqod4AaABAg,root,@Mano-d7e-u7d,UCiDEzdSAvdXGGzWKMvvffGQ,The 10 yr old is so damn annoying,0,0,False,False,1783987200
FM7Z-Xq8Drc,UgzXUF95TEs8KL4GtnJ4AaABAg,root,@SUPERYOSHILOVER,UCNx-MuYvGtSv3MPFixnCYFQ,40 deserves the win so he can spend the money for anything on his daughter’s birthday 😊,5,0,False,False,1783987200
FM7Z-Xq8Drc,UgxqjnAkUisKyz4Yja94AaABAg,root,@EverCondori-l4m,UCCztzP7SaH1NdL8TqX1NK-Q,Ya lo se pero la comida?,0,0,False,False,1783900800
FM7Z-Xq8Drc,UgyC5brPLxaeJa6nCFV4AaABAg,root,@lsalazar0526,UCKDx2fMoiNM5aIysTncjEcQ,#14 was my fav!😭,1,0,False,False,1783900800
FM7Z-Xq8Drc,Ugxy4mst8o5f4GrCgEB4AaABAg,root,@abbasalhuniti,UCV8v9k_oRLklFnUJDJCktfg,I Love MrBeast❤,0,0,False,False,1783900800
FM7Z-Xq8Drc,UgwLf3kgxVMmt32tJot4AaABAg,root,@HoangNguyen-mg5wv,UCq279HjcZwb2AK1Kev4QeSQ,🇺🇸🇺🇸🇺🇸🇺🇸🇺🇸,0,0,False,False,1783814400
FM7Z-Xq8Drc,UgyK4A4IUI03Ja9ctXp4AaABAg,root,@brittaniblair4393,UC8XprIcRClLKPDHaP57YYGw,Go 52 go 52 go 52 is the goat🐏🐏🐏,0,0,False,False,1783814400
FM7Z-Xq8Drc,UgzeABTYcY8fG0BQ3Wt4AaABAg,root,@sinan2777,UCOApP51okvHDPW7X_4VINIQ,MrBeast   Ben.   FesduBus,0,0,False,False,1783728000
FM7Z-Xq8Drc,Ugxz4njBrm3FY0h3vuN4AaABAg,root,@sabinefernandes9699,UCEPbSDt2dqF_o2MM6usCOpw,Elle et trop mignonne 95,1,0,False,False,1783641600
FM7Z-Xq8Drc,UgzFVzDLb1K9nn4bbAN4AaABAg,root,@sabinefernandes9699,UCEPbSDt2dqF_o2MM6usCOpw,Moi  aussi la 10 c ma pref,1,0,False,False,1783641600
FM7Z-Xq8Drc,Ugy738tp0Q1B-A8pOhN4AaABAg,root,@Desmondb-p5k,UCcGhZMMb_sXy8jZ6gqQUovQ,Mr beast l was playing a game then an advert which was you saying if you play my game you will get Robux but l didn't get Robux,0,0,False,False,1783641600
FM7Z-Xq8Drc,Ugx9_N9uL3kYcx8MHjR4AaABAg,root,@NishaSharma-cu7ud,UC8Zgh1MJ70hwZRwj45cTr1Q,😂😂😂😂😂😂,0,0,False,False,1783641600
FM7Z-Xq8Drc,UgwzIz8jXkDSvw2yvZt4AaABAg,root,@RachmaTullah-w9x,UCI95Gknn4uhHxjJbaYAoKeg,🎉🎉🎉🎉🎉🎉🎉🎉🎉🎉🎉🎉🎉🎉🎉🎉🎉,0,0,False,False,1783641600
FM7Z-Xq8Drc,Ugx6TMmHdGLw76kkRWd4AaABAg,root,@COLO.coruption,UCc-wbprR-K7x9EJ4UhFv6eA,11:11 “because she’s a girl” ✌️✌️✌️✌️✌️✌️✌️✌️✌️,0,0,False,False,1783641600
FM7Z-Xq8Drc,UgzmVb1XBPDC9AtvG594AaABAg,root,@JohanmAlvarez,UCRJM6jGy4yg_W-nqhtV2_MA,6:09 no my age lose,1,0,False,False,1783641600
FM7Z-Xq8Drc,Ugyhvvov40CSiyZIZ5h4AaABAg,root,@JohnethanGrimm-j6k,UCULRN5xjHkXnOox6G9s6luQ,Can i be,0,0,False,False,1783555200
FM7Z-Xq8Drc,Ugzhitc7XF6sVL4sOKt4AaABAg,root,@fanelemkhize2418,UCKA1tjT1Kfjz21XsnfOmRhg,FROM MY 13TH SISTER; Can I PLAY this on too,0,0,False,False,1783555200
FM7Z-Xq8Drc,UgxcYwbD6w0I05fJ-L94AaABAg,root,@AgapeTeoforado,UCWOuKKuLkpXqtiJfL_PvNUA,"but whoever causes one of these little ones who believe in Me to stumble and sin [by leading him away from My teaching], it would be better for him to have a heavy millstone [as large as one turned by a donkey] hung around his neck and to be drowned in the depth of the sea.",0,0,False,False,1783555200
FM7Z-Xq8Drc,Ugx6otgf23DJHS3Hll14AaABAg,root,@Jackthearmycournel,UCKALxAjD75qcbDkHw6uzruA,SHENG,0,0,False,False,1783468800
FM7Z-Xq8Drc,UgwLyYtvk6XN0NiNqzV4AaABAg,root,@Jackthearmycournel,UCKALxAjD75qcbDkHw6uzruA,SHENG,0,0,False,False,1783468800
FM7Z-Xq8Drc,UgzvcRfp4x1_OXSRLqF4AaABAg,root,@RUPESHGAMER-t1k,UC-Mx52wtGHCfYyiUrJ7byVQ,Can you help me Mr best please 🥺🙏🏻🥺🥺🥺🥺,0,0,False,False,1783468800
FM7Z-Xq8Drc,UgyeP9KoDT6XJT3Sc2J4AaABAg,root,@ArkhanFariz,UCZQfi5RYG4_4DXv9zK6XAkQ,😮😮😮,0,0,False,False,1783468800
FM7Z-Xq8Drc,Ugxg_t2z1M-QECThf-l4AaABAg,root,@tellotello3014,UCtScstuqG61FvpJ7UcV6YXg,Wat dogs the humans,0,0,False,False,1783468800
FM7Z-Xq8Drc,UgxQzE-ba7N-lhAaba94AaABAg,root,@FabihaVlog-i2,UCwAihnN-dM3stGOI0Yks7lA,EBF bhai told New Age photo Prime Minister Sheikh Zayed Stadium Abu Hider then get the United Kingdom Rushanara Ali Ahmed Palak placed the ❤😢😅,0,0,False,False,1783382400
FM7Z-Xq8Drc,UgzEkuh6lYj9i03Vv114AaABAg,root,@Syifa-s3k3o,UClBUrzV4iwNGT4bu8vRPg6Q,Macam mana orang Amerika ya,0,0,False,False,1783296000
FM7Z-Xq8Drc,UgyW4UI4DshQATaOTfJ4AaABAg,root,@paidaaaaw,UCYO7EMCdwWUqS5j301TMovg,"im sorry but number 69 is handsome, BUT IT DOESN'T MEAN THAT I LIKE HIM OR SOMETHING OKAY?. I am just praising him bcs he looks like some mc in some anime that i forgot the name",1,0,False,False,1783296000
FM7Z-Xq8Drc,UgzSMuAI8x_eQJY0lHd4AaABAg,root,@christopherkennerly3075,UCD3xRTCk7RWNzY5iplN6uWg,"I swear 74 looks so familiar, anyone know her please?",0,0,False,False,1783296000
FM7Z-Xq8Drc,UgxznyeIgVFqApMzyfl4AaABAg,root,@WSDCOVERT,UCtABZOM2kyVoXh5NZA6bm2Q,"0:28 That the 4-year-old child was a boy, not a girl",0,0,False,False,1783296000
FM7Z-Xq8Drc,UgyU22RijuoUPoH3ECN4AaABAg,root,@Capybara-2000-b9y,UC_rauPntL6LeaXC8XvjdR5w,Джими ти лучший,0,0,False,False,1783296000
FM7Z-Xq8Drc,UgwAd9e8Q8_li8n8QQN4AaABAg,root,@Westleigh1111,UCq8t0h5RBYwpEpsTDPD3l0Q,"6:43
10:29 Omg, she's adorable..
16:33 I love these two ladies
18:01",0,0,False,False,1783296000
FM7Z-Xq8Drc,Ugy5YqCvdE78_vONM1R4AaABAg,root,@BNGSOLO7,UCZN9VK-BNJfOIG5G4qxZ21g,🤑🤑,0,0,False,False,1783296000
FM7Z-Xq8Drc,Ugz2h5EPBmwhgCiNgWR4AaABAg,root,@BNGSOLO7,UCZN9VK-BNJfOIG5G4qxZ21g,:face-blue-smiling::face-blue-smiling:,0,0,False,False,1783296000
FM7Z-Xq8Drc,UgySHapxvuUU4WB3S514AaABAg,root,@NikodemKubski999,UClwp0nbvq86CIlUb1_4aNjw,Plis 40 win,1,0,False,False,1783296000
FM7Z-Xq8Drc,Ugxt2G_hVThtamRYm8t4AaABAg,root,@DanielDoroftei-t3k,UCiIAPIFujrqfHXtRthCDQJw,Gio legend,0,0,False,False,1783296000
FM7Z-Xq8Drc,Ugznx71Cr8MnaUgJHnt4AaABAg,root,@MANGOMango-f4w,UCQXftP1QgnM_deBkfEXs2QA,Can compete in a challenge if yes then I will wait till I'm 11,0,0,False,False,1783296000
FM7Z-Xq8Drc,UgyVmhgt2EukjQp_bNx4AaABAg,root,@AniMoïs-e3u,UCcWzaLTfEleeAiY_7oYqd8w,on timoun 11 nou pa wont bann gramoun sa won't poun etirel,0,0,False,False,1783296000
FM7Z-Xq8Drc,UgwAMuHXEs5rrQQl3kN4AaABAg,root,@ออกไปนะไอพวกเล่น67,UCYGXGG01ybVjUVMs9HN6GTg,Go go ...,0,0,False,False,1783296000
FM7Z-Xq8Drc,UgzIunm24X8czDAHerp4AaABAg,root,@MrCookieEater1300,UCTjVsDjwch0iHOHc8y--Xhg,Isn’t 10 also in the new version of this?,0,0,False,False,1783296000
FM7Z-Xq8Drc,UgwLuafZ2BlZBansyoh4AaABAg,root,@bethanylee9906,UC48v6-ejVWXhJV8-pCJoGvQ,I would love if you would 100% splatoon 3 and side order in the real world,0,0,False,False,1783296000
FM7Z-Xq8Drc,UgwGwMxhV-dDiHk1WxR4AaABAg,root,@Patkins-r3m,UC_rwHEuFp_qeJ4QmIfpwuxg,❤❤😂😊,0,0,False,False,1783296000
FM7Z-Xq8Drc,Ugy3cywSroz0PKOgfiV4AaABAg,root,@ÉrikaAlarcónGuardado,UC0zg5a-MuB9Z90VK0m28Kdw,Pareció egoísta eliminar a Gio  la ONCE,0,0,False,False,1783296000
FM7Z-Xq8Drc,UgwBrqp0ylLDvG-DiLd4AaABAg,root,@vallurilazarvallurilazar3239,UCNyzzb1YWhf-oqx3KxnqIJQ,Iam indian Rajahmundry Nice videos bro,0,0,False,False,1783296000
FM7Z-Xq8Drc,UgwDbIdeNOObPaGfvPZ4AaABAg,root,@otabek_yt7,UCaZAO-DkK0gKrd3vF0Fa96g,Vanixoyat Haqiqat yutdi Zo'r bola yutdi🔥🔥🔥,1,0,False,False,1783296000
FM7Z-Xq8Drc,UgzVt7cBvPGcpZnj24B4AaABAg,root,@linchen6959,UCCNKjlnicg3YxFL_E1cPeoA,10 needs to go 8:14,0,0,False,False,1783296000
FM7Z-Xq8Drc,Ugx15AROCxdLu16c8uN4AaABAg,root,@linchen6959,UCCNKjlnicg3YxFL_E1cPeoA,Win now 5:32,0,0,False,False,1783296000
FM7Z-Xq8Drc,UgwNqGTNY8PYacK1JXB4AaABAg,root,@New-wav.yosahi,UCyMzBFSa87mAtEd2reOPs0g,葉GONチャンネルからきました,2,0,False,False,1783296000
FM7Z-Xq8Drc,UgwkrfnwK6YxA2Wzi1V4AaABAg,root,@kqzuk1,UCivrYjnwWqkCzTItz0HGryA,ようごんチャンネルから来た✋,6,0,False,False,1783296000
FM7Z-Xq8Drc,UgwnUfZEf37C-eamun94AaABAg,root,@vee26andbling,UC_uFcGgItI0vMlBBEk2d3ew,"19:33 jimmy: how many votes does it say you got Joe?
Joe: 10.
Jimmy:which is not enough to be eliminated!
19:38 Joe:YEEEES!!",1,0,False,False,1783296000
FM7Z-Xq8Drc,UgwmfTpcfT4LDZcRxnh4AaABAg,root,@KyleJohnston-c9b,UCJ6wE3s024Y__zwF5AJ2THA,"Man, seeing how the kids used their noise strategy to literally drive the older folks out at the beginning really shifted my perspective. I always thought these challenges were just about endurance, but the psychological warfare was wild`'",0,0,False,False,1783296000
FM7Z-Xq8Drc,Ugw6eW9pk_c8qOJw1X54AaABAg,root,@sarahbom1,UCPzVnNZCWDNuZSrYO0DaZ7w,WHO is 67 old,0,0,False,False,1783296000
FM7Z-Xq8Drc,UgwJ71plo4az4O74KSF4AaABAg,root,@damian559,UCEvYYDKilxWxSBvbdPmUBVw,WTF Did the grandpa take off the shirt at the beggining of the video😂😭,0,0,False,False,1783296000
FM7Z-Xq8Drc,Ugyfa2hlOo0Cqtwm39V4AaABAg,root,@nachosRBX,UCLTCRt50jlD0uq3E8xMTH1w,"He even have daughter with her birthday, and he won! If this will happen to me, i will be soooo happy...",0,0,False,False,1783296000
FM7Z-Xq8Drc,Ugwyj4mJaTD655_gjmB4AaABAg,root,@elpiojodelino143,UCJ1J-tQFsVG-Z0ePmbNFdIQ,Bro i really love the 96 😭,0,0,False,False,1783296000
FM7Z-Xq8Drc,Ugzy3GidxcO7XzNSXCl4AaABAg,root,@WilsonHilaire-rv5kt,UCb6BK-glyYjd5nZGG4Qd6pg,Put me in the Vid,0,0,False,False,1783296000
FM7Z-Xq8Drc,UgwngjNvYyzvMnypZ7J4AaABAg,root,@SantiagoHernandez-q2g,UCPKoF5qCIMYmIaE64mm_lLw,This. Was fun,1,0,False,False,1783296000
FM7Z-Xq8Drc,UgwlXxGbDtBEY69dDKt4AaABAg,root,@You_cool-h2m,UC3q8K2x6PzBDGPX51YBDMWw,why is the 31 old person? Looks like looks like from the backrooms movie Clark from the backrooms movie Mr. beast challenge,0,0,False,False,1783296000
FM7Z-Xq8Drc,Ugx9vACFzGwXZ9ThsBR4AaABAg,root,@PaigeSchilling,UCzLfkhEwguSYiQ1v_3OFBKA,My favorite feasible is the galaxy Mario. I tried it at the movie theater when I was watching Toy story five.,0,0,False,False,1783296000
iogcY_4xGjo,Ugy1WGqHgBkAK1r5W9N4AaABAg,root,@MrBeast,UCX6OQ3DkcsbYNE6H8uQQuVA,"Stop scrolling and watch the video! You want to see the $1,000,000 a night hotel at the end haha",181000,25,False,True,1689811200
iogcY_4xGjo,Ugy1WGqHgBkAK1r5W9N4AaABAg.9hVTK5Fk6OQ9hVTSZTuwLj,Ugy1WGqHgBkAK1r5W9N4AaABAg,@RedCCWLN,UCg3GwRdGZjrBtXcdNqlEwsQ,No,16,0,False,False,1689811200
iogcY_4xGjo,Ugy1WGqHgBkAK1r5W9N4AaABAg.9hVTK5Fk6OQ9hVTRCMnCNU,Ugy1WGqHgBkAK1r5W9N4AaABAg,@Bluvols,UCY_0GUktJNo-G1EwKN0t52Q,Hi,12,0,False,False,1689811200
iogcY_4xGjo,Ugy1WGqHgBkAK1r5W9N4AaABAg.9hVTK5Fk6OQ9hVTX-dQ3Sh,Ugy1WGqHgBkAK1r5W9N4AaABAg,@skyrocketingflash5138,UCeappHd4Ff--knxb_bwi48g,i love you man,8,0,False,False,1689811200
iogcY_4xGjo,Ugy1WGqHgBkAK1r5W9N4AaABAg.9hVTK5Fk6OQ9hVTXBQ0cQR,Ugy1WGqHgBkAK1r5W9N4AaABAg,@randomperson869,UCBVFnJzWYrPrF470ZC_j7kw,mo,7,0,False,False,1689811200
iogcY_4xGjo,Ugy1WGqHgBkAK1r5W9N4AaABAg.9hVTK5Fk6OQ9hVTakOpOyH,Ugy1WGqHgBkAK1r5W9N4AaABAg,@mush_shr00msgay65,UCcBdxM-vT60o1p9AlJZn4hg,Hola,7,0,False,False,1689811200
iogcY_4xGjo,Ugy1WGqHgBkAK1r5W9N4AaABAg.9hVTK5Fk6OQ9hVTYTlCkBl,Ugy1WGqHgBkAK1r5W9N4AaABAg,@minemanclub,UCqQ_lTL9Q1h3FR0WoeXYpVw,Mister Beast wow,6,0,False,False,1689811200
iogcY_4xGjo,Ugy1WGqHgBkAK1r5W9N4AaABAg.9hVTK5Fk6OQ9hVTfJdskeV,Ugy1WGqHgBkAK1r5W9N4AaABAg,@J-ÂXX,UCFkDVK6TXdF9-QpKAP8iOnQ,Oki,6,0,False,False,1689811200
iogcY_4xGjo,Ugy1WGqHgBkAK1r5W9N4AaABAg.9hVTK5Fk6OQ9hVTYhIBhbP,Ugy1WGqHgBkAK1r5W9N4AaABAg,@shannonarmstrong6364,UCsRWfRt7kHk_t4RVX7Gje3w,"Yes 🙌🏿 thanks sooo very very much 
Blessings blessings blessings all",5,0,False,False,1689811200
iogcY_4xGjo,Ugy1WGqHgBkAK1r5W9N4AaABAg.9hVTK5Fk6OQ9hVTc1leWXs,Ugy1WGqHgBkAK1r5W9N4AaABAg,@Voliceeno,UCcN63WrqCOPVSsjqhfQXmlw,I have colitis and you have crones. We couldn’t be more alike!!!!,5,0,False,False,1689811200
iogcY_4xGjo,Ugy1WGqHgBkAK1r5W9N4AaABAg.9hVTK5Fk6OQ9hVTSUfxr4v,Ugy1WGqHgBkAK1r5W9N4AaABAg,@Fire_Flys_666,UCHuyCJrRNEqbf1Q5qkjZ7cQ,I liked it first,4,0,False,False,1689811200
iogcY_4xGjo,Ugy1WGqHgBkAK1r5W9N4AaABAg.9hVTK5Fk6OQ9hVTfQaZ_qQ,Ugy1WGqHgBkAK1r5W9N4AaABAg,@asper5340,UCt-qRapMQCI8Y2zOKbqWlcA,Here before 499 comments,4,0,False,False,1689811200
iogcY_4xGjo,Ugy1WGqHgBkAK1r5W9N4AaABAg.9hVTK5Fk6OQ9hVTgvs8T-l,Ugy1WGqHgBkAK1r5W9N4AaABAg,@mountainmemers7411,UCEEa0nkGLZEMYZpWpOfYrQg,Yeheyeheheheyeheyeheheheyeheh,4,0,False,False,1689811200
iogcY_4xGjo,Ugy1WGqHgBkAK1r5W9N4AaABAg.9hVTK5Fk6OQ9hVTO3QZRZk,Ugy1WGqHgBkAK1r5W9N4AaABAg,@1TAG1,UC2fe48E1mzGstCPcIROa8bg,Mrbeast,53,0,False,False,1689811200
iogcY_4xGjo,Ugy1WGqHgBkAK1r5W9N4AaABAg.9hVTK5Fk6OQ9hVTP5lcqk_,Ugy1WGqHgBkAK1r5W9N4AaABAg,@Crispybenoit,UC4PW3pCRkV0-pm5J0Mdnopg,How do you never run out of ideas Jimmyyyyyy. It's incredible!,27,0,False,False,1689811200
iogcY_4xGjo,Ugy1WGqHgBkAK1r5W9N4AaABAg.9hVTK5Fk6OQ9hVTcwhAP__,Ugy1WGqHgBkAK1r5W9N4AaABAg,@pizza_11,UCtExNzEmRBCfBUUbpbKnidg,sup,3,0,False,False,1689811200
iogcY_4xGjo,Ugy1WGqHgBkAK1r5W9N4AaABAg.9hVTK5Fk6OQ9hVTh7sFGlD,Ugy1WGqHgBkAK1r5W9N4AaABAg,@mineryhb6310,UCXhSc-xCUjy1bHx0up-qhcA,how did the hotel taste,3,0,False,False,1689811200
iogcY_4xGjo,Ugy1WGqHgBkAK1r5W9N4AaABAg.9hVTK5Fk6OQ9hVTkCJwM7i,Ugy1WGqHgBkAK1r5W9N4AaABAg,@super6703,UCN0P8016ZaDd7jIezGpqIdQ,Yo I'm kind of early,3,0,False,False,1689811200
iogcY_4xGjo,Ugy1WGqHgBkAK1r5W9N4AaABAg.9hVTK5Fk6OQ9hVToQwKF_M,Ugy1WGqHgBkAK1r5W9N4AaABAg,@sparahofficial103,UCVXDEYWQZgG5YhZ2R5f1sEQ,true,3,0,False,False,1689811200
iogcY_4xGjo,Ugy1WGqHgBkAK1r5W9N4AaABAg.9hVTK5Fk6OQ9hVVNBiu8DM,Ugy1WGqHgBkAK1r5W9N4AaABAg,@declanharper3539,UC4dgCLU58AtHtNepeh7pyjw,Hola,3,0,False,False,1689811200
iogcY_4xGjo,Ugy1WGqHgBkAK1r5W9N4AaABAg.9hVTK5Fk6OQ9jYwVXCvluj,Ugy1WGqHgBkAK1r5W9N4AaABAg,@CoolDuck82,UCoBdZwozEjKcb-Jljtz7SBg,Hello beast mr your burgers are bussin bussin,3,0,False,False,1689811200
iogcY_4xGjo,Ugy1WGqHgBkAK1r5W9N4AaABAg.9hVTK5Fk6OQA70omTj0Ggw,Ugy1WGqHgBkAK1r5W9N4AaABAg,@AmraAkram,UCiGZBWahTZgp-A1Bc8a8b3A,YES obviously,3,0,False,False,1752969600
iogcY_4xGjo,Ugy1WGqHgBkAK1r5W9N4AaABAg.9hVTK5Fk6OQ9hVTOUJrW2V,Ugy1WGqHgBkAK1r5W9N4AaABAg,@WarRobotDoge,UCruNWhrXnagUs3B7cc4OSMg,Yes,45,0,False,False,1689811200
iogcY_4xGjo,Ugy1WGqHgBkAK1r5W9N4AaABAg.9hVTK5Fk6OQ9hVTQkB12KE,Ugy1WGqHgBkAK1r5W9N4AaABAg,@bthag5535,UCLcfswKY5u-7DFJ0-Xs9kfg,Hi jimmy,2,0,False,False,1689811200
iogcY_4xGjo,Ugy1WGqHgBkAK1r5W9N4AaABAg.9hVTK5Fk6OQ9hVTSKQ6i_z,Ugy1WGqHgBkAK1r5W9N4AaABAg,@awaken240,UCmJofywMqVWEz-5ZjR4CDyw,I love you Mr. Beast :),2,0,False,False,1689811200
iogcY_4xGjo,Ugy1WGqHgBkAK1r5W9N4AaABAg.9hVTK5Fk6OQ9hVTSWWTpfS,Ugy1WGqHgBkAK1r5W9N4AaABAg,@metalpipe380,UCxTibmxSuQA1dkHhJoi1gzg,Hi beast,2,0,False,False,1689811200
iogcY_4xGjo,UgwFGTq92KpSIV-QaWB4AaABAg,root,@kaurnirmal6308,UCfO8d841gpXcvv9fUiW1WyQ,Jimmy can you come to italy at corezzo😢😢😢😢😢 plssssssss i❤u so much,0,0,False,False,1784469780
iogcY_4xGjo,UgxEpGmJ3HoPpA0LNQp4AaABAg,root,@MdRokman-y6t,UC1mUqTGOhymFB-_AIPSkdpw,Hi Jimmy videotape Asheville 1:03 1:03 🇧🇩🇧🇩🇧🇩 1:07,0,0,False,False,1784469300
iogcY_4xGjo,UgwdIKHAh_PO_-Az_A54AaABAg,root,@astinaofficial4890,UCrdS0XZuurJIhaKrou588eg,Please help me Mr beast 😢,1,0,False,False,1784462400
iogcY_4xGjo,UgwIe9edy3SL9zGRa9h4AaABAg,root,@SheikhArshad-j2n,UC1PfemDB0q9G3B-_fI7YI7w,Please Mr beast send me $1000,0,0,False,False,1784458800
iogcY_4xGjo,UgyHy7uaeK_mzv894Mp4AaABAg,root,@SHAHROKH76,UCVDQLix7zbvTaoQmG7cPo5w,ما رو هم ببر 😊,0,0,False,False,1784444400
iogcY_4xGjo,Ugwac8x68b4SNSxC-jJ4AaABAg,root,@qonitaSyafiq,UCpKLt64DWY_1IoaK39kCsFQ,😮😮😮😮😮😮😮😮😮🎉🎉🎉🎉,0,0,False,False,1784444400
iogcY_4xGjo,UgwjQS0RHEreaZP-PIJ4AaABAg,root,@FridonQadri-km5wp,UC21m9WuPqPN2zXtTSL3YXpA,Thanks for Persian 😍,0,0,False,False,1784440800
iogcY_4xGjo,UgxEIz3aA0LWX8rqnah4AaABAg,root,@ShitharthTamil,UC50Vx0-7QgtZ_OSt3SMpGXg,Bro ps5 bhanji Thanga bro please please Siddharth Indian aur tum Batti Kiran please Telugu ps5 vangi Thanga please please please 😭😭😭😭😭😭😭😭😭😭😭😭😭😭😭😭😭😭😭😭😭😭😭😭😭😭😭😭😭😭,0,0,False,False,1784430000
iogcY_4xGjo,Ugxm8hiszjGAXuHRPWN4AaABAg,root,@xunixunini,UCMeTicKjqMjgG3aBb958_5Q,Not worth $1M tbh,0,0,False,False,1784426400
iogcY_4xGjo,UgxZzewjyIlQO2v3uxJ4AaABAg,root,@LeonardoMamani-i1b,UCSVQ2TTh1rEdYl75AI5UpPw,Omg,0,0,False,False,1784426400
iogcY_4xGjo,Ugyqmj6PLHLYK_LJLEJ4AaABAg,root,@RameshYadav-u9v3p,UCzNDr4sSSeFMIpGXAMgmUrg,❤❤❤❤,0,0,False,False,1784422800
iogcY_4xGjo,Ugy9ELYabLpCmb6ZMA94AaABAg,root,@RubyRay123,UCDyopR-H4OlZDSEK0XHUV4Q,"Only $750,000 is crazy jimmy 😂",0,0,False,False,1784415600
iogcY_4xGjo,Ugwi1opS7SAXlHMv9Jx4AaABAg,root,@PEPE_ASMR-y4m,UCBsD-DjPBPbCgEjeNL8XCwA,Mr beast❌Mr Best✅,0,0,False,False,1784408400
iogcY_4xGjo,UgyfS-pQ6ho-1_Lv7214AaABAg,root,@ÇINARDalmış-d5k,UCsCgbz6OQCn8iCf3fD3JZnA,This video is amazing I did not expect it to be this good.,0,0,False,False,1784401200
iogcY_4xGjo,UgyaisN3QJ3n7LOTkVV4AaABAg,root,@A.RShorts100k,UCLlfANjmHf9TJAtcV-xDuZA,Nice 🙂😮,0,0,False,False,1784397600
iogcY_4xGjo,Ugw1qi74D76xStUMaq94AaABAg,root,@hald.Storee,UCyFFJBJ_Caji0e_npqqXoeQ,:face-red-heart-shape::face-red-heart-shape::face-red-heart-shape::face-red-heart-shape::face-red-heart-shape:🏖🏖🏖⛰🏕🏛🎠🏰,0,0,False,False,1784397600
iogcY_4xGjo,UgyuCDRLP5TiShqe9F94AaABAg,root,@MdMahimislam-g9o4p,UCnji9CZPDBvWoaVUZjgxUOw,❤❤❤❤,0,0,False,False,1784397600
iogcY_4xGjo,Ugx0k7IdbFdFnUzfxPZ4AaABAg,root,@afifajarin5428,UCjAeMKsmiMszXOwK8MA-GDg,Wow,0,0,False,False,1784390400
iogcY_4xGjo,UgzQjfedL980gRqIhqR4AaABAg,root,@jxp-b9v,UCYYxUnnj2_SEIb0_NneODhw,Archaeology before 2026,0,0,False,False,1784386800
iogcY_4xGjo,UgwNpW6fThS7EKAQPXB4AaABAg,root,@akanikalita,UCj95QV3FgMhPXpaI3vvVejg,I am from India Assam please you go in Assam please please The Assam city is the Guwahati,0,0,False,False,1784386800
iogcY_4xGjo,UgxJUlEN0JSu7MiCYV54AaABAg,root,@zakareabulet,UCNzQ_sA1tWw8GdkDtkEnZHg,"I also want to go to your challenge, can I go?😊😊",0,0,False,False,1784419200
iogcY_4xGjo,UgwVW2IW1CEsOYXXtC54AaABAg,root,@MuhammadSananAfridi-y9b,UC8zFomgkCQs6ekGvtKU7kYQ,Big frind jimmy l am a Pakistani ❤❤❤,0,0,False,False,1784419200
iogcY_4xGjo,UgwzNMy8EChZbmg4ngF4AaABAg,root,@Efthaliaroblox_5555,UCQDr0NVcHdo6gNP46D7-dBg,In the under water hotel Brent Rivera went there,0,0,False,False,1784419200
iogcY_4xGjo,Ugzd41O9jwE0snkwonh4AaABAg,root,@vanilla2-k2o,UCVpfJw2nLTpZasQkANzeQRw,La mamá de Nolan,0,0,False,False,1784419200
iogcY_4xGjo,Ugwjv9pHkjqvYIqimCt4AaABAg,root,@AdnanSheikh-b6x,UCwKQDYT3zQYy4_GavJWgQPA,😅😅,0,0,False,False,1784419200
iogcY_4xGjo,UgxJng8r0Bi2uFhlHb94AaABAg,root,@AdnanSheikh-b6x,UCwKQDYT3zQYy4_GavJWgQPA,Im   from.  BAN....🎉,0,0,False,False,1784419200
iogcY_4xGjo,Ugyg_7Fk_1DToS_0nKF4AaABAg,root,@赢鱼王Vierty-g2y,UCcYzlZDFMMiOeHxWfnuciGA,666，印度竟然能这么好😨,0,0,False,False,1784419200
iogcY_4xGjo,UgzzbkROXCwkdBBtHRh4AaABAg,root,@AdityaSahu_2008,UC0pIyVoko0dulIAnqxehuHQ,Hello sir ji 😎😮❤❤❤,0,0,False,False,1784419200
iogcY_4xGjo,Ugw2ovlFob-N1dvCSqN4AaABAg,root,@AdityaSahu_2008,UC0pIyVoko0dulIAnqxehuHQ,😮😮😮😮😮😮😮,0,0,False,False,1784419200
iogcY_4xGjo,UgyrVFT7i89q-Fyn0814AaABAg,root,@ashwinthomasv2154,UCLmLFJoxuQ5K570cJU3E7nw,India has better hotels,0,0,False,False,1784419200
iogcY_4xGjo,Ugxrnej4QqD2i6hSkDZ4AaABAg,root,@DEADSHOTYT100k,UC-gkcGD4ZxqECPHmp1m3c9g,"I'm not gonna pretend I had it all figured out, because I didn't. Manifesting felt like failing for years. Trying, trying, nothing. Then I took Vera Hart's archetype quiz and it hit something. My archetype just fit. No magical moment, but it finally gave me direction instead of all that fumbling around. If you struggle with it too try it! its free anyway",0,0,False,False,1784419200
iogcY_4xGjo,UgylJoGAJI2cVJ4T-kR4AaABAg,root,@Diavlita-g6q,UCd053MCMcAm8NGdyEt88X6A,"Hii!!!
😃",0,0,False,False,1784419200
iogcY_4xGjo,UgzmumZrwYXFcaY0abp4AaABAg,root,@noorsa77599,UCUmowv1PgBQCh5vyyMbN_YA,Very nice ❤,0,0,False,False,1784419200
iogcY_4xGjo,UgwAc56Lmc6PPnnGldZ4AaABAg,root,@Williamesfvl,UCJyqGs8oOG5RsQ3u4XMERdQ,top,0,0,False,False,1784419200
iogcY_4xGjo,UgxBAFklJGI1EA0Y2J14AaABAg,root,@JoyceWilliams-i7p,UCiNu0_hIH3w4hu7-hPJvGgQ,DONE✅,0,0,False,False,1784419200
iogcY_4xGjo,UgytcTJo9YCZwjG2jMJ4AaABAg,root,@JoyceWilliams-i7p,UCiNu0_hIH3w4hu7-hPJvGgQ,OKAY 😂,0,0,False,False,1784419200
iogcY_4xGjo,Ugy8b_7lhTooTYVBn594AaABAg,root,@AidenTate-o1l,UC5mGhBFFh4IS_Dg7fLQzkzg,I am jimmy fan,0,0,False,False,1784419200
iogcY_4xGjo,UgyHGFNTFWk_SLgm4ol4AaABAg,root,@mohamad_ir913,UCRRQYzcBmTJGKpzMPdUQ3kQ,ممنون که با دوبله فارسی گزاشتی مستر بیست بهترینی 😍❤ ایران,0,0,False,False,1784419200
iogcY_4xGjo,Ugy53n_zWLCKv6IRjc54AaABAg,root,@interesting.podcasts.67,UCZLf8uf3Dqiity6jxwIRsRQ,niiiice:),0,0,False,False,1784419200
iogcY_4xGjo,UgzAogVuWM10_9iJZo14AaABAg,root,@jemacosmeticosbiotecnologi5850,UCOV2r_iSTCu9WYZGkIg1Bmw,My favorite one was the underwater hotel,1,0,False,False,1784419200
iogcY_4xGjo,UgwTJZFFRfjyNP1nRq94AaABAg,root,@SahiwalSajawal,UCPyYJbZUip2vuN58VWdBPQw,Please invite me Mr Bean,0,0,False,False,1784419200
iogcY_4xGjo,UgyFwfr3_1uSsW6R3Sx4AaABAg,root,@ReshamAwasthi-w9e,UCxZtTIn8DGXdowKQ3qj-GMA,Bhai aap ko usa me bhi 1$wala hotel bhi milega,0,0,False,False,1784419200
iogcY_4xGjo,UgxM_3Bkb-FjRRACDh94AaABAg,root,@AliKhan-n5u2z,UCsokNsyqITRlB6mMVEd7mCw,🎉🎉🎉🎉🎉🎉🇵🇰🇵🇰🇵🇰🇵🇰🇵🇰🇵🇰🇵🇰🇵🇰🇵🇰🇵🇰🇵🇰,0,0,False,False,1784419200
iogcY_4xGjo,UgyNXMaYE_xJTiqKrRJ4AaABAg,root,@BabarsandhuAli-b1c,UCvV_dWJ6y_9C8qaGCDwgwew,🙏🙏🙏🙏🙏🙏👏👏👏🇵🇰🇵🇰🇵🇰🇵🇰🤣🤣😭😭✝️✝️✝️✝️✝️,0,0,False,False,1784419200
iogcY_4xGjo,Ugxr_DpFHx2I_oPieXd4AaABAg,root,@SaleSaleKH,UCZshz5mMvXhBwDM3B6uOQCA,Ah jo,0,0,False,False,1784419200
iogcY_4xGjo,Ugx-54wOuM2P6_NwRiN4AaABAg,root,@AnfasAnu-m1h,UCevJgZRcFnKYsByzARRCmNQ,മലയാളികൾ ഉണ്ടോ,0,0,False,False,1784419200
iogcY_4xGjo,UgwYqdoLxz0jQ9HxruJ4AaABAg,root,@BangaruAnjali-e6m,UCnHoXllFStTcykrkBhuob5A,Dedt,0,0,False,False,1784419200
iogcY_4xGjo,UgyxYLm11JNzixcS3jB4AaABAg,root,@clevertrack-v2q,UCCmxXFXH8VnkycRUSs3edJQ,Lurys,0,0,False,False,1784332800
iogcY_4xGjo,Ugw2oIz_dChOzL3wZfp4AaABAg,root,@clevertrack-v2q,UCCmxXFXH8VnkycRUSs3edJQ,Lurys,0,0,False,False,1784332800
iogcY_4xGjo,UgyGwgG0pTIGIJhSOAV4AaABAg,root,@clevertrack-v2q,UCCmxXFXH8VnkycRUSs3edJQ,🎉,0,0,False,False,1784332800
iogcY_4xGjo,UgyeArppgxPTqUh34-d4AaABAg,root,@ahsanhussain759,UC7kkFKNqRk48roUvDnMlgrA,:face-fuchsia-flower-shape::face-fuchsia-flower-shape::face-fuchsia-flower-shape:,0,0,False,False,1784332800
iogcY_4xGjo,UgwyxXI61Db7ZXRa-0B4AaABAg,root,@friendsology6677,UCC2INOAuDVV5_jpRX6y8RDQ,Jimmy please please please reply,1,0,False,False,1784332800
iogcY_4xGjo,UgyojCrKaIh5bufQRhl4AaABAg,root,@MrMazari_7,UCPWXekXwSj032UBeCKFojVA,im here to beat mr beast :yt:,1,0,False,False,1784332800
iogcY_4xGjo,UgxK6AhhEcbDQwt8qk54AaABAg,root,@RiktaAkter-f6q,UCU0ePhnsAkanRK3RqnExipg,5:40,0,0,False,False,1784332800
iogcY_4xGjo,UgwErxcVPzTImpo5-I14AaABAg,root,@Lalbacha-b4w,UChlSlUpKYpZtgdSq2urZSfA,Who Watching In 2026😂🎉,3,0,False,False,1784332800
iogcY_4xGjo,Ugw686N_iOnyeYNb3NF4AaABAg,root,@Dylan10e7,UCIrNpCetEnZZgRfXAQ8v19w,"Deseo que gastes $2000 en un crucero de $400,000",0,0,False,False,1784332800
iogcY_4xGjo,UgzPBMt767HqfOrOy_54AaABAg,root,@MayToMatch,UCtIFt0G3OJPP5_A4Pcb-Mdw,Mrbeast Bhai jan please,1,0,False,False,1784332800
iogcY_4xGjo,UgyUg38pmNqJIAn82nd4AaABAg,root,@امیرعلیمیرشکاری-ظ6ت,UClttVmf7MYg9DvUS_RXPnGA,2026؟😅,1,0,False,False,1784332800
iogcY_4xGjo,UgyRpPqUA3vofhLZ4454AaABAg,root,@PatrickLukumba,UChrbsjpgbCEf0ajWpbYrOJg,"MrBeast set un pleusir de te voir faire de vidéo j'aimerai bien que tu face une vidéo pour moi 
je ma pelle prodige au Congo en Afrique  et une dernière chose  continue de vidéo se très bien",1,0,False,False,1784332800
iogcY_4xGjo,Ugzbkziz7glPA4KsWDV4AaABAg,root,@Rajpootumer-k8s7b,UCd5akNrg7ECAzbsRAECws-g,❤❤❤❤❤❤,0,0,False,False,1784332800
iogcY_4xGjo,Ugzq-XvRiWsZ42795od4AaABAg,root,@Musaalihaider,UCM0ZCt_QXScFPkD6kDMCL_A,"379,457,369 th view",1,0,False,False,1784332800
iogcY_4xGjo,Ugw2US64aQH5l1OdrXh4AaABAg,root,@Saimbuk01,UC9Iou7piDh-EI-ZcjvEZoDQ,$1VS$5000000'0000,1,0,False,False,1784332800
iogcY_4xGjo,UgxNMa3Nj-qoEmjiC3x4AaABAg,root,@AmiraMimi-g8n,UCkQJgBRl4V-jrHlKXHoNdPw,انا عربي أحب الفلوس ارجوك,1,0,False,False,1784332800
iogcY_4xGjo,UgzEMnRJ6cqjrS-pzOF4AaABAg,root,@ARIYAN-f7b5y,UCAKhr3f_pssdkAzLUnDWTMg,11:54 😲😲😲😮😮😧😧😧😦😨😨😱😱😱😱😱😱😱😱,1,0,False,False,1784246400
iogcY_4xGjo,Ugxhmkf8u0I7kZe5RBJ4AaABAg,root,@Theunordinarygamer,UCilwxyQ6cnHh4PghcsCYJiA,Awesome thumbnail,2,0,False,False,1784246400
iogcY_4xGjo,UgwNeMSiomP1oDQt2YR4AaABAg,root,@gulperidemir7283,UC640DmEF6S92kuCNwQGvgpg,Jimmiy 🎉❤,0,0,False,False,1784246400
iogcY_4xGjo,UgwLCWrfxdgK3wxJRRx4AaABAg,root,@StacyAkremi,UCGwaJ1WgkLHjLd3sXHPt4QA,J'aimerais trop en fait j'aimerais beaucoup venir avec toi si tu connais cristiano Ronaldo,0,0,False,False,1784246400
iogcY_4xGjo,Ugw6J-gpGXxrLrIcIgl4AaABAg,root,@StacyAkremi,UCGwaJ1WgkLHjLd3sXHPt4QA,Je t'aime beaucoup beaucoup beaucoup beaucoup sccouis j'aimerais bien venir te voir,1,0,False,False,1784246400
iogcY_4xGjo,UgwFjzPTv5McA9JPEPB4AaABAg,root,@takeshiobara5744,UCPhFCXC5WKW0i-DwUS-Txvw,Quien diria que aurita tiene mas suscriptores que lo que cuestan los cuartos de hotel,0,0,False,False,1784246400
iogcY_4xGjo,Ugx6a-py3qLVhdWBV2x4AaABAg,root,@Laxman_Tudu_12,UCObZC4eNmahcFZQRftcm1Hw,Thank you Mr beast 🤔,0,0,False,False,1784246400
iogcY_4xGjo,Ugx8I-SGpSFJfJe415F4AaABAg,root,@angel-dl8wv,UCTABCq54kwvEHGDolo7mJNA,Mr Jimmy I subbed to your channel because your this video was very funny to meet,0,0,False,False,1784246400
iogcY_4xGjo,UgwM6HcvuUBcO16rqXB4AaABAg,root,@mahdimi21,UCmuRQ_IFsta0sd2j393oJjA,Jimmy frist hotel is not good because we have this in iran it is for Muslim,0,0,False,False,1784246400
iogcY_4xGjo,Ugym0mF6YFLmFX1F7Gd4AaABAg,root,@time-s-musicchannel369,UCLLCpnf28zJAc2-bQCIgBeg,僕も泊まりたい,0,0,False,False,1784246400
iogcY_4xGjo,UgzcfCwGsIxJv2Jkh7Z4AaABAg,root,@Rajpootumer-k8s7b,UCd5akNrg7ECAzbsRAECws-g,❤❤❤❤❤❤❤❤❤❤❤❤❤❤❤❤❤❤❤❤❤❤❤❤❤❤❤❤❤❤❤❤❤❤❤❤❤❤❤❤,0,0,False,False,1784246400
1WEAJ-DFkHE,UgwgneP8EOSlyIGNPvJ4AaABAg,root,@MrBeast,UCX6OQ3DkcsbYNE6H8uQQuVA,Feastables is available in every Walmart and Albertsons stores in America! (Coming globally later this year) Wuv u guys #FeastablesPartner,172000,24,False,True,1689811200
1WEAJ-DFkHE,UgwgneP8EOSlyIGNPvJ4AaABAg.9nzVaM7KPHV9ubnHOU6rYO,UgwgneP8EOSlyIGNPvJ4AaABAg,@Manii0211,UCjO6wqRrsdrE15PXH8eriRg,hello jimy,16,0,False,False,1721433600
1WEAJ-DFkHE,UgwgneP8EOSlyIGNPvJ4AaABAg.9nzVaM7KPHV9nzWSjdk0kh,UgwgneP8EOSlyIGNPvJ4AaABAg,@Jfndjdkdkj0828j,UC8HXsf_wstd8Qbp0JGhWwKA,Mr beast you are the best YouTuber ever existed,12,1,False,False,1689811200
1WEAJ-DFkHE,UgwgneP8EOSlyIGNPvJ4AaABAg.9nzVaM7KPHVA-Kb2PQSd4k,UgwgneP8EOSlyIGNPvJ4AaABAg.9nzVaM7KPHV9nzWSjdk0kh,@elviagutierrez5787,UC-0AxjKYIiqb267we0dTlrw,​@Thepr😮😮😮😮😮😮😮😮😮😮😮😮😮🎉oender03oficial,0,0,False,False,1721433600
1WEAJ-DFkHE,UgwgneP8EOSlyIGNPvJ4AaABAg.9nzVaM7KPHV9nzWVeBiqL7,UgwgneP8EOSlyIGNPvJ4AaABAg,@RenMps,UCIiDnDuCEtDx2u1O5n9VZAQ,Ok,12,0,False,False,1689811200
1WEAJ-DFkHE,UgwgneP8EOSlyIGNPvJ4AaABAg.9nzVaM7KPHV9nzWRG6N2_S,UgwgneP8EOSlyIGNPvJ4AaABAg,@whateveryt0,UCf1ZWRER4rN__WzfU4RPYAQ,Wov u to jimmy,10,0,False,False,1689811200
1WEAJ-DFkHE,UgwgneP8EOSlyIGNPvJ4AaABAg.9nzVaM7KPHV9nzWSj8Ok9l,UgwgneP8EOSlyIGNPvJ4AaABAg,@FilasXmarka,UChLJ65lDrZKFZyoKUnkG6EA,😢WHEN WILL YOU COME TO TURKEY😢,8,0,False,False,1689811200
1WEAJ-DFkHE,UgwgneP8EOSlyIGNPvJ4AaABAg.9nzVaM7KPHV9vktrjfTUTo,UgwgneP8EOSlyIGNPvJ4AaABAg,@lktmkeuangan5370,UCCrBLAbboAWZ_7b92aRTJfg,Mau,7,0,False,False,1721433600
1WEAJ-DFkHE,UgwgneP8EOSlyIGNPvJ4AaABAg.9nzVaM7KPHV9vpWQlvxmqc,UgwgneP8EOSlyIGNPvJ4AaABAg,@CharaFragoso,UCa2uhzl2_3bCvWpdxoIKLXw,Yo. chorro. Bolarr,7,0,False,False,1721433600
1WEAJ-DFkHE,UgwgneP8EOSlyIGNPvJ4AaABAg.9nzVaM7KPHV9nzWRgKFWJr,UgwgneP8EOSlyIGNPvJ4AaABAg,@lloydthegreenninja5155,UCGRallu-BsHg8rYpoDsdfrg,In Puerto Rico?,6,0,False,False,1689811200
1WEAJ-DFkHE,UgwgneP8EOSlyIGNPvJ4AaABAg.9nzVaM7KPHV9nzWUPKqI8U,UgwgneP8EOSlyIGNPvJ4AaABAg,@Tressant,UCOBy681Gy79TyASlGxkJC4g,That’s awesome!,6,0,False,False,1689811200
1WEAJ-DFkHE,UgwgneP8EOSlyIGNPvJ4AaABAg.9nzVaM7KPHV9nzWXACL3cv,UgwgneP8EOSlyIGNPvJ4AaABAg,@qasimahmed445,UCKKIrQbgZmz9xYWkT9WUCqg,Common MrBeast W,6,0,False,False,1689811200
1WEAJ-DFkHE,UgwgneP8EOSlyIGNPvJ4AaABAg.9nzVaM7KPHV9nzWYD8jspM,UgwgneP8EOSlyIGNPvJ4AaABAg,@Aggrocrow,UCEyhHxFcLt_qhTz9N1M3rxA,Let's go,6,0,False,False,1689811200
1WEAJ-DFkHE,UgwgneP8EOSlyIGNPvJ4AaABAg.9nzVaM7KPHV9nzWYvF6Jtd,UgwgneP8EOSlyIGNPvJ4AaABAg,@TuRepublic,UCARlP8-laWY_QNVtYtQX-NA,MrBeast Is KING !,6,0,False,False,1689811200
1WEAJ-DFkHE,UgwgneP8EOSlyIGNPvJ4AaABAg.9nzVaM7KPHV9vqRDg_vpwg,UgwgneP8EOSlyIGNPvJ4AaABAg,@Mtstudios_zw,UCeAFn3t7081rKaa2pO3O3ag,Mr Beast can you please buy me a smart screen tv,6,0,False,False,1721433600
1WEAJ-DFkHE,UgwgneP8EOSlyIGNPvJ4AaABAg.9nzVaM7KPHV9xAxhhMM2wf,UgwgneP8EOSlyIGNPvJ4AaABAg,@Dirlly-h8d,UCM3rqf-l_vLqQfLGPQ36ceQ,P,6,0,False,False,1721433600
1WEAJ-DFkHE,UgwgneP8EOSlyIGNPvJ4AaABAg.9nzVaM7KPHV9vqXc00INUD,UgwgneP8EOSlyIGNPvJ4AaABAg,@FGFentertainment,UCs8dSOwfrJHIY5vdL_ueGGA,wuv u 2 beast :3,5,0,False,False,1721433600
1WEAJ-DFkHE,UgwgneP8EOSlyIGNPvJ4AaABAg.9nzVaM7KPHV9w-RJG7q6Ln,UgwgneP8EOSlyIGNPvJ4AaABAg,@evgenysklyarov6333,UCn3lFtMj2XvN92f9NGdmQfA,Мистер бист а в России есть Feastables?,5,0,False,False,1721433600
1WEAJ-DFkHE,UgwgneP8EOSlyIGNPvJ4AaABAg.9nzVaM7KPHV9yGRrxQMee8,UgwgneP8EOSlyIGNPvJ4AaABAg,@bongpartybongparty6273,UC6VDHVjjMGvZpVBbMgB1T0g,😂😂😂😂😂,5,0,False,False,1721433600
1WEAJ-DFkHE,UgwgneP8EOSlyIGNPvJ4AaABAg.9nzVaM7KPHV9yJ5IDXWmDb,UgwgneP8EOSlyIGNPvJ4AaABAg,@BullahAmmasi-fn3sx,UC4_zUTeMyDpphMW-RZ0A9Iw,😊😊😊😊😊,5,0,False,False,1721433600
1WEAJ-DFkHE,UgwgneP8EOSlyIGNPvJ4AaABAg.9nzVaM7KPHV9w1L2OQhwUZ,UgwgneP8EOSlyIGNPvJ4AaABAg,@aracellycabrera7076,UCXWOT-qfya2WP-5-F98s8fw,Esooo,4,0,False,False,1721433600
1WEAJ-DFkHE,UgwgneP8EOSlyIGNPvJ4AaABAg.9nzVaM7KPHV9w4m3Pkn3hA,UgwgneP8EOSlyIGNPvJ4AaABAg,@gtfdnh,UCr_Yg_p22XMIRx5U8J1G__Q,E,4,0,False,False,1721433600
1WEAJ-DFkHE,UgwgneP8EOSlyIGNPvJ4AaABAg.9nzVaM7KPHV9w6XOT9vy58,UgwgneP8EOSlyIGNPvJ4AaABAg,@newowa,UCcbF9-i9vRd9-Z9PIGclL0g,500th,4,0,False,False,1721433600
1WEAJ-DFkHE,UgwgneP8EOSlyIGNPvJ4AaABAg.9nzVaM7KPHV9wsT-L7K3Qc,UgwgneP8EOSlyIGNPvJ4AaABAg,@Judethedude6421,UC5BzBKzyde5-2-olue2kxKQ,500 th,4,0,False,False,1721433600
1WEAJ-DFkHE,UgwgneP8EOSlyIGNPvJ4AaABAg.9nzVaM7KPHV9yKETVKB4_H,UgwgneP8EOSlyIGNPvJ4AaABAg,@SabilAhmadsabilbedali,UCgUh_4276O8CAGtp4mxIfMQ,1900000000000000,4,0,False,False,1721433600
1WEAJ-DFkHE,UgwgneP8EOSlyIGNPvJ4AaABAg.9nzVaM7KPHV9nzWOvxhxeU,UgwgneP8EOSlyIGNPvJ4AaABAg,@arvianvino1794,UCtp2kPqsns2DnnGmDud8NfA,Makasih mrbeast  sudah bagi bagi ke orang miskin,3,0,False,False,1689811200
1WEAJ-DFkHE,Ugx0x3xyqi0b-y2VmSF4AaABAg,root,@Ninika-jd3cm,UCPNvGu4WPPzzYCsFzvdsE8g,"Mr.beast❤
I like the 10.000$ one more thats my wish to have1000$",0,0,False,False,1784468340
1WEAJ-DFkHE,UgyLAxhDjrRlKY0_WbZ4AaABAg,root,@ZRMPVLOGS,UCcLwKoHOZSZzwyvuSlYmuEg,Help,0,0,False,False,1784467860
1WEAJ-DFkHE,Ugx8cWZC_TJyS1ijCgR4AaABAg,root,@sezan420,UCas-AD8N-_CErJh8hLCgE5w,Bangladesh... 🇧🇩🇧🇩🇧🇩😎,0,0,False,False,1784466000
1WEAJ-DFkHE,UgwzC82weITQMI6oFXF4AaABAg,root,@Kitchleton-v9x,UC_kMIumkhR7OPhbcGx3lr5Q,1k for FIRST CLASS??!!!,0,0,False,False,1784462400
1WEAJ-DFkHE,UgxWgacijPZ_ZmMWSoN4AaABAg,root,@JubairaSamsorani,UC7s5ye-iL4cNgvO2mVOfQIg,Alam mo block 80 lot 27,0,0,False,False,1784462400
1WEAJ-DFkHE,UgwOEZzepSMg75rpa0N4AaABAg,root,@JubairaSamsorani,UC7s5ye-iL4cNgvO2mVOfQIg,"😢 mr peking i get that $1,000 i like i like in you and sub",0,0,False,False,1784462400
1WEAJ-DFkHE,UgwU6-9RzMC2KYaHFgB4AaABAg,root,@SheikhArshad-j2n,UC1PfemDB0q9G3B-_fI7YI7w,Please mrbeast $100 send me please please,0,0,False,False,1784458800
1WEAJ-DFkHE,UgywtxWxAazWC8OUifB4AaABAg,root,@VullnetTopalli-o1t,UCsb_5YSYQmc9dsCM53piN7w,Mr Big bass i love you hello,0,0,False,False,1784458800
1WEAJ-DFkHE,UgxagGnglhFqWkKN7oF4AaABAg,root,@PsalmsofPraise-01,UCmtCkJMtRiIwYQpLQPBHKCQ,Remember me Mr Beast.,0,0,False,False,1784455200
1WEAJ-DFkHE,UgzP-y83b3AwU9D8q9N4AaABAg,root,@levinearugay3696,UCzH2Z7wExt9xXXrvjT2uCpQ,What are the chances that the next election is going well and the next one is a different election,0,0,False,False,1784448000
1WEAJ-DFkHE,UgyXIdZSuolG271zOWp4AaABAg,root,@Iwant2763Coins,UC0QsKrW04qycxDSKOw8UU8A,"(Karl breathes)
Me:😂",1,0,False,False,1784437200
1WEAJ-DFkHE,UgwQa6JnDFhSRdshXLR4AaABAg,root,@AngelikaSantos-gv4fs,UCrfZzznJ7k4TUtogcvNr7mw,E,0,0,False,False,1784433600
1WEAJ-DFkHE,UgyHD8vXw8oZlzCKHUJ4AaABAg,root,@MiaFernanda-v4y,UCqdID6U-xF-dUwaUWwd4fTQ,❤🎉 mrbeast,0,0,False,False,1784433600
1WEAJ-DFkHE,Ugy7YTEq1TX0K9O7stx4AaABAg,root,@VaronicaBurkett,UCAMrpNPVdOh7c9_S5kSWI4w,Mr. Beast I’ve download your games and can’t cash out on any of them.,0,0,False,False,1784430000
1WEAJ-DFkHE,UgwlKLId9P71CxEHXqh4AaABAg,root,@VaronicaBurkett,UCAMrpNPVdOh7c9_S5kSWI4w,Mr. Beast I’ve download your games and can’t cash out on any of them.,0,0,False,False,1784430000
1WEAJ-DFkHE,UgynUmbfRGW6kBXdy3d4AaABAg,root,@JosephPAMBE-u8e,UCy6TnftOmegxtIT3oc5zGyg,Salut moi c'est Joseph je suis ton plus grand fan mais je vie au Cameroun,0,0,False,False,1784408400
1WEAJ-DFkHE,UgwKV3EJzMA6WzabVL94AaABAg,root,@GakhckKcygh,UC7d9Ju3wwYPDYtZiqQKreXw,I don't understand,0,0,False,False,1784404800
1WEAJ-DFkHE,UgxlhD3taiwXc4jLsxx4AaABAg,root,@CrunchyArtYT,UCaTK02qmtZCRShfhBIfEeNw,"Subnautica bases:,",0,0,False,False,1784401200
1WEAJ-DFkHE,UgzuRGbawGFZcA8dXxR4AaABAg,root,@terlanturan-p2f,UCeDoLMaJjMJoiCanKaW0y6A,7:28 Karl peysər çıxdı,0,0,False,False,1784397600
1WEAJ-DFkHE,Ugy9qExdHqXQSaeueJl4AaABAg,root,@AliAli-g6b6f,UCm00XC9IN_cbdx8BO5gGEAg,مستحيل,0,0,False,False,1784390400
1WEAJ-DFkHE,Ugy4-o7TecipXmzUo9Z4AaABAg,root,@MohamedNFAH,UCehhfwEdkdWteHT_pTjlEvw,😮😮😮😮😊,0,0,False,False,1784386800
1WEAJ-DFkHE,Ugy_b89XoK5mF7c2cLd4AaABAg,root,@ashleybreannepugh,UCiftBGb0VTMa2Y0XsbKXV4w,Have you all heard of these games? It’s sick.,1,0,False,False,1784419200
1WEAJ-DFkHE,UgwCSAVtM2kZqACIpul4AaABAg,root,@AdityaSahu_2008,UC0pIyVoko0dulIAnqxehuHQ,❤❤❤❤❤,0,0,False,False,1784419200
1WEAJ-DFkHE,UgyuP9FjO7I0Po6ki3V4AaABAg,root,@AdityaSahu_2008,UC0pIyVoko0dulIAnqxehuHQ,Hello sir ji plan,0,0,False,False,1784419200
1WEAJ-DFkHE,Ugzub3kyexz6ukVMZUB4AaABAg,root,@BilalAdrial,UCDK3OtIvpGBLqjmxLApJ2RQ,yang seratus ribu dolar si nolan di kunci di kamar mandi😂😂😂,0,0,False,False,1784419200
1WEAJ-DFkHE,UgwIgNTtIjdHj0IuxKh4AaABAg,root,@BadarKeting,UC_p9Pn9vmYTLyu3WD3JqQrQ,SD,0,0,False,False,1784419200
1WEAJ-DFkHE,UgyMdi8TfoVRWPsVhfp4AaABAg,root,@陳明讈,UCHEV6flGZMU__MBFs2-I9hg,我想看你們去外太空,0,0,False,False,1784419200
1WEAJ-DFkHE,UgzJsyrC8SPoDYVtApd4AaABAg,root,@AryaNgari-g5b,UCasxxMBeCnu7d5hbWP2MTJg,"You're welcome, give me $5,000. I follow you a lot. You're really great.❤",0,0,False,False,1784419200
1WEAJ-DFkHE,UgznMi-1iKl9E1-hZ9l4AaABAg,root,@jalichanda9189,UC0uUJEQm40OpyDH_wDMLgZA,Mr beast kiya ap ek ladki jo bachho ki madat karti uski video mai Jai sakte ho please,0,0,False,False,1784419200
1WEAJ-DFkHE,Ugx_DaWe35S8oBjzwq94AaABAg,root,@idolpulse-Ari,UCzc5C2v2Wi1bvN-4z6tmJbg,🥺🥺🥺🥺🥺🥺🥺 mr.beast please see my comments our famaly so much neded your help my little son he just 6 years old he just your biggest fan he every day full time see YouTube channels and only see your v.d.o and he every time preying meets mr.beast and your challenge and he very apset all this time.please jemmi my request one mother request for you only one time meets my son and you do hes wish please please please 🙏🙏🙏🙏🙏🙏🙏😭😭😭😭😭😭,2,0,False,False,1784419200
1WEAJ-DFkHE,Ugx0DmZ2Ib9pXRE5g4d4AaABAg,root,@SukhdeepSingh-mi2be,UCziG3jXRoN4eq651KbsymwQ,Mr Beast plz contact me help me brother,0,0,False,False,1784419200
1WEAJ-DFkHE,UgwsZa46ageIz8xH9ih4AaABAg,root,@DheriFebiyaniLestari,UCVWlYt7fvSHuaVgmA4_c4Hg,Jelek,0,0,False,False,1784419200
1WEAJ-DFkHE,UgxqABJdQD-dfsHZPVZ4AaABAg,root,@KenzoXavierkenneth,UC5dxDEw83UiPHxa6FvaoTRw,😊 Mr Bean udah subscribe😊,0,0,False,False,1784419200
1WEAJ-DFkHE,UgxDdHvTT2YfpjlmOKl4AaABAg,root,@RomperRuddies,UCMMz4aw3XwBfJyBNau18Wxg,2026 anyone?,0,0,False,False,1784419200
1WEAJ-DFkHE,UgwLVXdQfu81op9X6nx4AaABAg,root,@OscarMaringa-x2d,UCLg8GH1eBKC0uRX6Hw8hqtA,i want to try feastables so bad but am in SA😢,4,0,False,False,1784419200
1WEAJ-DFkHE,UgwrVhW8VWy8kEpDm9N4AaABAg,root,@back-i5d,UCPepJvbu9vR26XWuMnCumQA,Bruh,0,0,False,False,1784419200
1WEAJ-DFkHE,Ugw59bJvY8wF76cBK1Z4AaABAg,root,@MaxLN-b9m,UCdXMjh6SAYOu6gYW3bhXNGQ,I will do the one before the blimp,0,0,False,False,1784419200
1WEAJ-DFkHE,Ugym8QUzB77aPdGiEcZ4AaABAg,root,@Divyfg,UCUYeueXXDPHh93SxLre8Viw,❤❤❤,1,0,False,False,1784419200
1WEAJ-DFkHE,UgxXaRIDyPs1WMggum54AaABAg,root,@Divyfg,UCUYeueXXDPHh93SxLre8Viw,(≡^∇^≡)(≡^∇^≡)😊😊,1,0,False,False,1784419200
1WEAJ-DFkHE,UgznHqz58FjRNUFiVU94AaABAg,root,@Divyfg,UCUYeueXXDPHh93SxLre8Viw,you😅😅,1,0,False,False,1784419200
1WEAJ-DFkHE,UgzGxZbWsuOcmGo01qR4AaABAg,root,@DaviSodorio,UCpDynihQDovY8sqi-843BdQ,Eu so escrito no seu canal faz muito tempo,0,0,False,False,1784419200
1WEAJ-DFkHE,Ugx6POoGOhuyKiQpI8R4AaABAg,root,@jemacosmeticosbiotecnologi5850,UCOV2r_iSTCu9WYZGkIg1Bmw,The planes where so cool that Where are the planes even from?,1,0,False,False,1784419200
1WEAJ-DFkHE,Ugy5cpanrkma-j_Sw3h4AaABAg,root,@jemacosmeticosbiotecnologi5850,UCOV2r_iSTCu9WYZGkIg1Bmw,I subscribed to mrbeast,1,0,False,False,1784419200
1WEAJ-DFkHE,UgxHyIy5QcGWTjPTcFR4AaABAg,root,@FatimaAcacia,UC1BRZDEV7mULaap2iWRkMBg,"Mr. Beast, I'm a big fan of yours. I live in Luanda, the capital of Angola. Could you please come to Luanda?",0,0,False,False,1784419200
1WEAJ-DFkHE,UgwlZ4wAVTzeJ0_FGrV4AaABAg,root,@АйнураАбдурахманова-п3з5я,UCq5225ZLQsY6ytEtO1-JuPw,Томск ваш пол шоп🎉🎉🎉,0,0,False,False,1784419200
1WEAJ-DFkHE,UgzOfaOYeVEixxvnwed4AaABAg,root,@Edy_vr,UC27LuMU9ISu4p_h8y6Ktvow,Okay,0,0,False,False,1784419200
1WEAJ-DFkHE,Ugw-VS2jvV9L4Ch9fLR4AaABAg,root,@ЭлинаФилимонова-з6л,UCGyf0BVa9_rzzrY2WjqtpTQ,Как вам мои тупые друзья бортпроводник: да они точно тупые😂,1,0,False,False,1784419200
1WEAJ-DFkHE,UgzZsiI-dvkjRQWwiWR4AaABAg,root,@CricketBadshah-t1o,UChf7XPiKk3Pj5gJNuW2v6Cg,Who love from india ❤,0,0,False,False,1784419200
1WEAJ-DFkHE,UgxyvjK1N5mmyxAEaU94AaABAg,root,@BangaruAnjali-e6m,UCnHoXllFStTcykrkBhuob5A,Please help me Mr beast,0,0,False,False,1784419200
1WEAJ-DFkHE,UgyGCpxq9mJ4hc394qx4AaABAg,root,@TOUHIDTOUHID-l2m,UCTctz2JYwRBjq1yzlaNoVQA,Hi Mr Beast l am watching from Bangladesh please give me some money.❤❤,0,0,False,False,1784332800
1WEAJ-DFkHE,Ugwrt6xmwyw3kB0OZBh4AaABAg,root,@PhamHoangNamStgps,UCj4TzI7-zBdoZL3j_wWmJ6w,I flew on Singapore airlines ONCE!,0,0,False,False,1784332800
1WEAJ-DFkHE,Ugwr27I3RuxcBeUbpwF4AaABAg,root,@PhamHoangNamStgps,UCj4TzI7-zBdoZL3j_wWmJ6w,😄in singapore,0,0,False,False,1784332800
1WEAJ-DFkHE,UgwMRtaW73Jp6oaiFD54AaABAg,root,@ChrisfaBazabana-w6q,UC6t1uCY5VXAmtP2KIcr6_qg,"Mr.beast viens me prendre pour que je fly pour moi,suis au Congo Brazzaville",1,0,False,False,1784332800
1WEAJ-DFkHE,Ugys7iNZ0ksWly3xLh14AaABAg,root,@jaecellson4753,UC3ovdVJNuRZErFTvpjzDGUQ,Scary,0,0,False,False,1784332800
1WEAJ-DFkHE,Ugx1JIG1r2S45EnLAgB4AaABAg,root,@Muhammad_Harib,UC6vaBscuJTzRyhaIzDqJbuA,"I love Karl,s mom",0,0,False,False,1784332800
1WEAJ-DFkHE,UgwUXkgBte0T0p1uQO94AaABAg,root,@Achille.4UC,UCavfSK0Z0zLb_cCB76GyHrA,MrBeast spends millions on videos and I’m here spending my last brain cells trying to understand how he does it 💀,0,0,False,False,1784332800
1WEAJ-DFkHE,Ugxoq86YBp6efdHIUrR4AaABAg,root,@Danielafe-r2f,UCZ7BOvW4Dp8ulNqinDCa6Lg,I was living in dubai,0,0,False,False,1784332800
1WEAJ-DFkHE,UgyrQdJQXkE-FqHRHuF4AaABAg,root,@counterbrah,UC5c5rRHqun_Ku8R-WaD6OHQ,5:36 chandler is my best character in the crew. Sigma🗿💎,0,0,False,False,1784332800
1WEAJ-DFkHE,UgyRANn8_C00CZyY4XF4AaABAg,root,@russelnarendra,UCK0syHmq6mfCA2lGMxZEqQw,jimmy I'm just telling ya but in the $10.000 flight the airplane also have 2 floors and it's the same plane as the $25.000 flight it's the Airbus a380 the type of aircraft is the same but the experience is different depends on the airline,0,0,False,False,1784332800
1WEAJ-DFkHE,Ugz8G_4T2vQDXLoWumV4AaABAg,root,@MuhammadAli-bi7uy,UCqFmp8txTn_vRPVi9gFdqlA,"We all love karl,smom",2,0,False,False,1784332800
1WEAJ-DFkHE,Ugzj0Mo3ikTgpIZF4wt4AaABAg,root,@oliwiaoliwia6059,UChcv6dnCbjf2-MePZkMPa3w,Mr p to cytat,0,0,False,False,1784332800
1WEAJ-DFkHE,UgxnqGBvNqzUCVYkJDh4AaABAg,root,@oliwiaoliwia6059,UChcv6dnCbjf2-MePZkMPa3w,"Mister pizza 
Kidman😊❤🎉",0,0,False,False,1784332800
1WEAJ-DFkHE,Ugzs4b0dv1-E-hk2IDh4AaABAg,root,@SarrBaye-c4m,UCfSvNnTzo5WhfRjVYsiQ9jw,Pourquoi Mr Bean ne m'invites pas 😭,1,0,False,False,1784332800
1WEAJ-DFkHE,UgztcD4NvUawjU9V3E94AaABAg,root,@AlexisOrdoñez-z8s,UCe4iaM3yu0g3oqa5sP5lcoQ,MrBeast give me the opportunity to try the Feastables chocolates in my country there are no# MrBeast,1,0,False,False,1784332800
1WEAJ-DFkHE,Ugy6afxQ3HWEPjiz7Ix4AaABAg,root,@shakimirzaali3674,UC9-qtEor2wcAUmUppFydYzA,❤❤❤,0,0,False,False,1784332800
1WEAJ-DFkHE,Ugw5fNC7O0AjzZFOhPl4AaABAg,root,@VictorReyes-j4h,UCoWEJlgYKw2s-6tO7EuZsZg,Ojalá jimmy me invite,0,0,False,False,1784332800
1WEAJ-DFkHE,UgxoHYgox11zw3Viehl4AaABAg,root,@Lectura68,UC1CAOOY-Tswnj_QjnF3bhnw,Yo llevo 10 años subscrita y aun no me da nada,0,0,False,False,1784332800
1WEAJ-DFkHE,UgwLssDiUwWY9L1klHF4AaABAg,root,@colleenhamilton1476,UCI7d6sl8nuUXHe4jcSD_xKg,Nolan should date the flight attendant,0,0,False,False,1784332800
1WEAJ-DFkHE,Ugy2eNyxBDwqdz8Hs0B4AaABAg,root,@samirbrikho-de3hl,UCPpf9VNtV4NrjgMDYihYB6w,أنت رائع 😂😂❤❤❤😂😂,0,0,False,False,1784332800
1WEAJ-DFkHE,UgwNPcmMGSuTlYGUfNB4AaABAg,root,@VânTrầnThị-o6h,UCH7b7LasCw36zGr5ng4zyTg,Tôi đã đăng ký rồi sinh nhật của Mỹ,0,0,False,False,1784332800
1WEAJ-DFkHE,UgyqxilLHl3WbJWTtUJ4AaABAg,root,@cleidematos372,UC02V_7c4zCNhCkfKJrA8Y1g,ola,1,0,False,False,1784332800
1WEAJ-DFkHE,Ugyz1xQW7q0QQIU-QVJ4AaABAg,root,@sarahabdula4569,UCzrbQP1mKLAYlAaLXHhWuyQ, @MrBeast  come here in the Philippines and give me House and lot 😊😅,0,0,False,False,1784246400
1WEAJ-DFkHE,UgyROnsJT0pijuy0M-h4AaABAg,root,@2001pradeepkhansirfan,UC-90uXZXsr2ZW9BfgD2K_Tg,"Hello sir 
Please give 20000 indian rupees for study.i have no money I am a delivery boy. Next 3 month  my exam 
I have no money plz help me.
I am following all content every time .
I am struggling more than plz help me buddy.",0,0,False,False,1784246400
1WEAJ-DFkHE,UgwUajPsIb8tGriG6L94AaABAg,root,@SameerKhan-q6n2t,UCuiIkrUez8E8ynJjm7aUONQ,Ooo😮🎉👍👍👍👌,0,0,False,False,1784246400
YLt73w6criQ,Ugzfk8lCyXELhm-ddmt4AaABAg,root,@MrBeast,UCX6OQ3DkcsbYNE6H8uQQuVA,"For those of you wondering, he was an Assasin in the military haha",164000,16,False,True,1689811200
YLt73w6criQ,Ugzfk8lCyXELhm-ddmt4AaABAg.9nW6UdWy66r9nWANKQUVe7,Ugzfk8lCyXELhm-ddmt4AaABAg,@YodaOnDrugs,UClb3DlwEvhnpWC_Lw_jiqoA,Lol,5,0,False,False,1689811200
YLt73w6criQ,Ugzfk8lCyXELhm-ddmt4AaABAg.9nW6UdWy66rA-nrRZnHGYi,Ugzfk8lCyXELhm-ddmt4AaABAg,@Salah.56555,UCk2xwEIsiBo6cEdOEkwmm1w,Hahahaha,4,0,False,False,1721433600
YLt73w6criQ,Ugzfk8lCyXELhm-ddmt4AaABAg.9nW6UdWy66r9nW9954078G,Ugzfk8lCyXELhm-ddmt4AaABAg,@zilb,UC4G55hHL4WFWYVhaZHb-mbw,love you baby❤,3,0,False,False,1689811200
YLt73w6criQ,Ugzfk8lCyXELhm-ddmt4AaABAg.9nW6UdWy66r9nWf3VibutI,Ugzfk8lCyXELhm-ddmt4AaABAg,@vazkyyy,UCFw95nH0Jf62uAYl_GJsWXQ,okk,3,0,False,False,1689811200
YLt73w6criQ,Ugzfk8lCyXELhm-ddmt4AaABAg.9nW6UdWy66r9nW6_phCR-_,Ugzfk8lCyXELhm-ddmt4AaABAg,@leard69420,UCcM5qGWBLgBFLOQlaK9D1lg,truly the mrbeast moment of all time,992,1,False,False,1689811200
YLt73w6criQ,Ugzfk8lCyXELhm-ddmt4AaABAg.9nW6UdWy66rA1BndezXHr5,Ugzfk8lCyXELhm-ddmt4AaABAg.9nW6UdWy66r9nW6_phCR-_,@akkhan5510,UCvZxrGbr2YMi7hx5qur6ODg,​@leard694😢😢😂20,0,0,False,False,1721433600
YLt73w6criQ,Ugzfk8lCyXELhm-ddmt4AaABAg.9nW6UdWy66r9nW6_lLaZPC,Ugzfk8lCyXELhm-ddmt4AaABAg,@VandadHandle,UCAZCfF7E4q9uwzyqqRCBQwg,32 seconds ago?!,1200,7,False,False,1689811200
YLt73w6criQ,Ugzfk8lCyXELhm-ddmt4AaABAg.9nW6UdWy66r9zvI8DBAkr-,Ugzfk8lCyXELhm-ddmt4AaABAg.9nW6UdWy66r9nW6_lLaZPC,@dinashkhagosh1765,UCMLeq_okmH5Hp1pU8Q9pt8w,❤​ @VandadHandle ,5,0,False,False,1721433600
YLt73w6criQ,Ugzfk8lCyXELhm-ddmt4AaABAg.9nW6UdWy66rAVQpN_zszq3,Ugzfk8lCyXELhm-ddmt4AaABAg.9nW6UdWy66r9nW6_lLaZPC,@hellofellaschickenhere,UC_GxnhwZtimVyjfmQaAFz5w,​ @VandadHandle 3 years ago,3,0,False,False,1776643200
YLt73w6criQ,Ugzfk8lCyXELhm-ddmt4AaABAg.9nW6UdWy66r9zw7jGWBe0v,Ugzfk8lCyXELhm-ddmt4AaABAg.9nW6UdWy66r9nW6_lLaZPC,@michelekelma,UCicVDto95Qxxnh_Y23AQwQw,​ @VandadHandle w😢😢😢😮😢😊❤,0,0,False,False,1721433600
YLt73w6criQ,Ugzfk8lCyXELhm-ddmt4AaABAg.9nW6UdWy66r9zY2dYllwTf,Ugzfk8lCyXELhm-ddmt4AaABAg.9nW6UdWy66r9nW6_lLaZPC,@user-ql7qt7ob3t,UCN7BmdiwyJisnatXUO8kiAQ, @VandadHandle 9 months ago,7,0,False,False,1721433600
YLt73w6criQ,Ugzfk8lCyXELhm-ddmt4AaABAg.9nW6UdWy66rA0o9p8hloWV,Ugzfk8lCyXELhm-ddmt4AaABAg.9nW6UdWy66r9nW6_lLaZPC,@Preppy._Mia.254,UCzoUn8MVchPf8z4ZkZVj3kg, @VandadHandle 11mo ago well almost a year ago,3,0,False,False,1721433600
YLt73w6criQ,Ugzfk8lCyXELhm-ddmt4AaABAg.9nW6UdWy66r9w80tibR0Jz,Ugzfk8lCyXELhm-ddmt4AaABAg.9nW6UdWy66r9nW6_lLaZPC,@lxnsd,UCCUJtKHGiLMT2SSDSH0X3ew, @VandadHandle  yea why?,1,0,False,False,1721433600
YLt73w6criQ,Ugzfk8lCyXELhm-ddmt4AaABAg.9nW6UdWy66rA-6pnoMK8qg,Ugzfk8lCyXELhm-ddmt4AaABAg.9nW6UdWy66r9nW6_lLaZPC,@M.halal38,UCjE9gNNFTN7tnYF0sjGBw6Q, @VandadHandle lol,0,0,False,False,1721433600
YLt73w6criQ,Ugzfk8lCyXELhm-ddmt4AaABAg.9nW6UdWy66r9nWALhl-aqK,Ugzfk8lCyXELhm-ddmt4AaABAg,@falconwithanx2206,UC1iAjWpWubna2nDxYqvLIIA,Noice,2,0,False,False,1689811200
YLt73w6criQ,Ugzfk8lCyXELhm-ddmt4AaABAg.9nW6UdWy66r9nWBzXuYNKN,Ugzfk8lCyXELhm-ddmt4AaABAg,@Yulai1990,UCWCLMhBIBIXklaHpArEhVNw,Mrbeast help me please 🙏,2,1,False,False,1689811200
YLt73w6criQ,Ugzfk8lCyXELhm-ddmt4AaABAg.9nW6UdWy66r9nWCa11RrTC,Ugzfk8lCyXELhm-ddmt4AaABAg.9nW6UdWy66r9nWBzXuYNKN,@loithachcaosoctrang1824,UCzRzhPSLRJHek7jCdCvhNYA, @Yulai1990  ☺️,5,0,False,False,1689811200
YLt73w6criQ,Ugzfk8lCyXELhm-ddmt4AaABAg.9nW6UdWy66r9nWC-dp9jzy,Ugzfk8lCyXELhm-ddmt4AaABAg,@hencx1740,UCvIY0x-HlEMaY-ylsdSO2hw,mrbeast 6000!!!,2,0,False,False,1689811200
YLt73w6criQ,Ugzfk8lCyXELhm-ddmt4AaABAg.9nW6UdWy66r9nWCPJD_7p7,Ugzfk8lCyXELhm-ddmt4AaABAg,@thebigguy0837,UCbz9-6YVsHfTH1gNBWeypvg,Lol,2,0,False,False,1689811200
YLt73w6criQ,Ugzfk8lCyXELhm-ddmt4AaABAg.9nW6UdWy66r9nWCtGfgtM_,Ugzfk8lCyXELhm-ddmt4AaABAg,@M7777-d9l,UCMVWJrz_LXXwUM7KgQdfETw,oooooof,2,0,False,False,1689811200
YLt73w6criQ,Ugzfk8lCyXELhm-ddmt4AaABAg.9nW6UdWy66r9nWD8CtxIgu,Ugzfk8lCyXELhm-ddmt4AaABAg,@BlueFlameSkuIl,UC6fp4q3VXtU5vNRdUEaissQ,LOL,2,0,False,False,1689811200
YLt73w6criQ,Ugzfk8lCyXELhm-ddmt4AaABAg.9nW6UdWy66r9nWDhTiRP57,Ugzfk8lCyXELhm-ddmt4AaABAg,@yoinkedyt,UCUp18sxZWOCCGZRjmVSxniA,Uwu,2,0,False,False,1689811200
YLt73w6criQ,Ugzfk8lCyXELhm-ddmt4AaABAg.9nW6UdWy66r9nWDuxo6N3P,Ugzfk8lCyXELhm-ddmt4AaABAg,@jjury9204,UCfPosrT-OVviDUYVK8RBmOQ,Oh thanks for the elaboration lmao😢,2,0,False,False,1689811200
YLt73w6criQ,Ugzfk8lCyXELhm-ddmt4AaABAg.9nW6UdWy66r9nWESKvM0Ud,Ugzfk8lCyXELhm-ddmt4AaABAg,@Jazzie7444,UCok6T1NeD6-tHux8eAMFrqw,Haha,2,0,False,False,1689811200
YLt73w6criQ,Ugzfk8lCyXELhm-ddmt4AaABAg.9nW6UdWy66r9nWE_aj05YB,Ugzfk8lCyXELhm-ddmt4AaABAg,@bhashkardas06,UCwo2o9ycOzs1CBSGEMsKStw,Love from india Mr beast,2,0,False,False,1689811200
YLt73w6criQ,Ugw7z6fMynS1sA4QIRt4AaABAg,root,@SukhdeepSingh-mi2be,UCziG3jXRoN4eq651KbsymwQ,Mr Beast plz contact me help me brother,0,0,False,False,1784419200
YLt73w6criQ,UgwgTDdov6s5WV8qhIp4AaABAg,root,@MaheshKumar-n2f1i,UCXDJW1K1x6w_3Hxl46ZiAKQ,MR BEAST COME PAKISTAN,0,0,False,False,1784332800
YLt73w6criQ,UgxzQ7atlWYtGMjc6dZ4AaABAg,root,@johandry-v7c,UCHWxvcvOZWbOEbVGYXNPGtg,"“I knew there was something strange about that, because a murderer couldn’t be out on the streets here",0,0,False,False,1784332800
YLt73w6criQ,UgxXnBIwDSn_FjCbg9F4AaABAg,root,@shadow.gaga666,UCSZPcDqpE2Aae4lPTaSDoAQ,❤🖤🤍❤🖤🤍❤🖤🤍🤘🤘🤘,1,0,False,False,1784332800
YLt73w6criQ,UgxVLNhHe49FDOx8KWN4AaABAg,root,@BIBLE101WITHFAVOUR,UCFC7rNGvYvFFYPomMgyYVSA,So much money had sure been put into this production 🤯,0,0,False,False,1784246400
YLt73w6criQ,UgxV0QNGVVqHtbVP6Vx4AaABAg,root,@escorhythm,UCIk0pmAN_tAAZZRoUKTeoDg,"Hired a assassin to kill him❌️
Hired a assassin to fake stab him✅️",0,0,False,False,1784246400
YLt73w6criQ,UgzAk1VYO9El_RvINmF4AaABAg,root,@FaisalAhmad-n5d,UCNGvU8rYgh9Iz5_--aHSYGg,MrBeast pergi malayy,0,0,False,False,1784160000
YLt73w6criQ,UgwGYvRzDi3Wk0gsqR14AaABAg,root,@4xdgamerr,UCzh0nZzcOd6mQ6P9JgvRV9g,ANYONE WATCHING THIS VIDEO 2026🫵,6,0,False,False,1784160000
YLt73w6criQ,UgwXzbATDaLbrNhQB-R4AaABAg,root,@Anton-Music-111,UCmP9nIrBJoOaT41ILWH-RPA,Is he a Real Murderer?,0,0,False,False,1784160000
YLt73w6criQ,Ugyp1Svdb0Ruo0E_KGN4AaABAg,root,@IrvingJose-y8z,UCHQ1ZxvYzgusriuzGiZSbXA,😮Oooo que locura,0,0,False,False,1784073600
YLt73w6criQ,UgxtqwE28kYFRDoWZN94AaABAg,root,@PhoenixGlow-2004,UCOcpdeofUjqiE07M9dpblJQ,La parte en La que entro a la Bóveda Fue tan 😂😂😂😂😂😂,0,0,False,False,1784073600
YLt73w6criQ,UgzhlrADvbkVIreVPVl4AaABAg,root,@Cow-e4h9w,UCzvMuAW4qDUsBs6TRe1eKFQ,Mr beast hãy tài trợ cho tôi,0,0,False,False,1783987200
YLt73w6criQ,Ugy_IH7HxHsXGmh64EB4AaABAg,root,@b3d91,UCw036XCFYHbu2UQMEixx4qw,B,0,0,False,False,1783987200
YLt73w6criQ,Ugwpva2zfNad0HLvxad4AaABAg,root,@pro.1973,UCFzgsXSaC4315R8uZbOu4zQ,Soy el único español,0,0,False,False,1783987200
YLt73w6criQ,UgwJk_jQZnMzy9IGLut4AaABAg,root,@mairface,UCmhsu27daPthjW453z5iwGQ,I love how he always uses the car bag for the money,1,0,False,False,1783987200
YLt73w6criQ,UgwtyS1gLd2DQaPwIbZ4AaABAg,root,@VethumSanrith-t7i,UC8f7T_HFvQpunx_UxuCqiIw,No pain could be worse than being locked in a locker with Nolan:eliyaboi,0,0,False,False,1783900800
YLt73w6criQ,UgzNg3soiEWTcd_NFd54AaABAg,root,@alijmil9872,UCCovEge7ZURrppkIJRz070g,جيمي,0,0,False,False,1783900800
YLt73w6criQ,UgzrvCNzuCMuOff5_2F4AaABAg,root,@MokhesengTladi,UCiClF-rthjC_MNHztMlRrGA,"Since ""Real Assassin"" is now seen.He should be investigated😅",0,0,False,False,1783900800
YLt73w6criQ,UgxVoG3ErXWiBrRMG6F4AaABAg,root,@MarthaBrigada-v2k,UCpei-RQMyR5TC9GKVeO1BCw,Cómo que no era de goma 💀,0,0,False,False,1783900800
YLt73w6criQ,UgzTD8YqDVhGMv_m4Yt4AaABAg,root,@IkerFlores-l5f5j,UCCOCpFQAAEw9KHOSGUH6ZTg,Is someone here in 2026?1😁,0,0,False,False,1783900800
YLt73w6criQ,UgyAoH29gi28TvzCIVV4AaABAg,root,@soulpadeltenerife,UCtkbhaQNITTcy1j28dFQO8A,Gracias por tu ayuda 🎉,1,0,False,False,1783900800
YLt73w6criQ,UgyXyA4yKFWX32ZNSkl4AaABAg,root,@progressivehouse8530,UCyl0poIvhmM50OuNFTERoTg,"01:58 Bravo Six, operation start. (Korean Dubb)
Destroy the car!!!!!",0,0,False,False,1783900800
YLt73w6criQ,UgyH5uCtJmFVlTzjW1N4AaABAg,root,@مصطفىالغيراني-ط7ث,UCWW2vTFFpMDmhZhsbi4BX7A,مستر بين اذا انت رجلا اذهب الى ليبيا مدينه مصراته طمينه,0,0,False,False,1783814400
YLt73w6criQ,UgxmVo4HFDZRjJJgYLd4AaABAg,root,@jittimayothee2180,UCCr_DMkHjCHuqCF1x7_6GYA,ล่ากูดิกูไม่กลัว,0,0,False,False,1783814400
YLt73w6criQ,UgwQfFcrubUUA7ggDet4AaABAg,root,@MilenaCarl-c7b,UCG81077tlgu3xoIubCsbn8Q,Wirf den Peilsender wegg,0,0,False,False,1783814400
YLt73w6criQ,UgwUqILG3Bu_h16jkBR4AaABAg,root,@زائير47,UCPzjv3p6Bwgm2U0yzKPWnxA,هذه ليس صائد جوائز هذه ممثل,1,0,False,False,1783814400
YLt73w6criQ,Ugz3UVcNv5QckuDGa6N4AaABAg,root,@Théodore-n6c,UCZBzmtHtr3f_d5QQi1kp6vQ,Mr beast jadore des video peu têdre tu me partage 500 million euro pour mes enfan,0,0,False,False,1783814400
YLt73w6criQ,UgyoQlItlHUoqkDfor94AaABAg,root,@Meme_Gorg_ali,UCWEEUe_z_vEEHrA6Q8-nDhw,دوبله فارسی بهبههه,0,0,False,False,1783728000
YLt73w6criQ,UgxVKE91Rm5z9kex_h54AaABAg,root,@Puglooooo,UCFvrhf2OPEdBPkBUk5bK8uw,9:10 should be his pfp,0,0,False,False,1783728000
YLt73w6criQ,UgwkStr2-KhigBYdQZ94AaABAg,root,@kimchiKamkam,UCFwYTuVpWf0eS3lO0iEJ2sw,😂❤❤❤😮,0,0,False,False,1783728000
YLt73w6criQ,UgyZmDdYzx3qxmLzTEN4AaABAg,root,@EvelyneLomba,UCy3Z44J_nkYPCB9xUYuQBAw,Un assassin t'es Serieux t'es foutu ☠️☠️☠️☠️☠️☠️💀💀💀💀💀💀💀💀💀☠️☠️☠️☠️☠️☠️☠️☠️☠️☠️☠️☠️💀💀💀💀💀💀💀,0,0,False,False,1783728000
YLt73w6criQ,UgzqiQa_UYHHvnWRyUB4AaABAg,root,@jayalakshmykv3753,UCUxzA_SRDYxzqBbNhY4kIpg,shouldnt have crushed that car u could have donated it instead of wasting it,0,0,False,False,1783728000
YLt73w6criQ,UgyUkSdryGild2tYv3h4AaABAg,root,@YohanaMaria-w6b,UCPo3I5reTXckiLivOrVkI-A,for assasinn,0,0,False,False,1783641600
YLt73w6criQ,UgyZ0fXsNCPqeAz_cIl4AaABAg,root,@1nw25_8,UC2a9yXHgaT5X4mtPfw32COw,1:11 😭,0,0,False,False,1783641600
YLt73w6criQ,Ugwt0uAzgvyaOndVfPN4AaABAg,root,@king0fkings225,UC_EK0gheWVhRA8Np4ttullA,MrBeast on top🌟🧿,0,0,False,False,1783641600
YLt73w6criQ,Ugy5xm83SCDT2IyCNL54AaABAg,root,@paulwananka8012,UCxXMuPCCHmIOUr_nPDEHO1g,what prouving he is a true assasin,0,0,False,False,1783641600
YLt73w6criQ,UgxHvG80kpp3-lvHi6N4AaABAg,root,@RitikaMandal-t9t4b,UCw6EvQjQjAz7YlGhBO8H4tQ,😊😊,0,0,False,False,1783641600
YLt73w6criQ,Ugzsxs7KAQ_rkPt5O6F4AaABAg,root,@GreemParkour,UC9qp0DhhDMlaqLWbiyU9Umw,Я русский,0,0,False,False,1783555200
YLt73w6criQ,Ugx3wPebvAg52yb5koF4AaABAg,root,@VibəSpill,UCS8mHN_8gXmgiJ5BQZkDptQ,What's this guy going to do next steak the moon 😂,0,0,False,False,1783555200
YLt73w6criQ,UgwrcpI5Uaz8o09f3BF4AaABAg,root,@DeepGlobe1,UCakm2lbYd-RmgKXaNg3G_ag,Mrbeast❤,0,0,False,False,1783468800
YLt73w6criQ,Ugyh7Egj3UoMf62R5jF4AaABAg,root,@Amir-e5h3e,UCRidrpfpL6Clnpm5xHlVshw,ویدئو رو دارم فارسی میبینم  مستر بیست دوست داریم,1,0,False,False,1783468800
YLt73w6criQ,UgycQ3PGYrRZBGYZ6at4AaABAg,root,@aviatsanychannel923,UCFLA37gZz9GDLA1DmUJySQw,I'm so happy,0,0,False,False,1783468800
YLt73w6criQ,UgyHu3WVkQwrcqLp71Z4AaABAg,root,@DianeBayonne,UCDIzOarn-0Dbt-FzgoS6Erg,Vidéo j' aime g,0,0,False,False,1783468800
YLt73w6criQ,UgzY0tF0uQaCn4_Mg7t4AaABAg,root,@DianeBayonne,UCDIzOarn-0Dbt-FzgoS6Erg,Groupe j' 🎉 je g,0,0,False,False,1783468800
YLt73w6criQ,UgwgYi7LMx4bdlttBp54AaABAg,root,@sigmabhaifamily,UC9H5UCrKcd43Zx-dP2_TTKA,0:41,0,0,False,False,1783468800
YLt73w6criQ,UgxAz_59B-ZvRIlI3rl4AaABAg,root,@n0ah-c00l-l1d,UCHy1ClGuvdadZ7psTIR7m2w,Why would you do this your literally risking your life,2,0,False,False,1783382400
YLt73w6criQ,Ugx-7h6luq2zTiItEK14AaABAg,root,@ShadowMelodyOfficial,UC-TzdcifoPVuRzpNR0YlFCQ,❤❤,0,0,False,False,1783382400
YLt73w6criQ,UgyDHH80XE9LAjxnnBl4AaABAg,root,@SamuelOjeme-o6b,UCOJH7KXVAwKXQltFcAWVNVQ,who is here 2026,0,0,False,False,1783382400
YLt73w6criQ,UgwC7FVtrTBItRcrijd4AaABAg,root,@IvanVicente-c3m,UCu4rNkrY4k4kz6xBB8_cHpw,Is someone here in June 6.2026,1,0,False,False,1783382400
YLt73w6criQ,UgxZyfbXz-cpbl-sDtN4AaABAg,root,@drbrains-o5b,UC32AT1L6ubftv2Y1jP07gjg,Like if you're here in 2026❤,0,0,False,False,1783382400
YLt73w6criQ,UgyiXLr55t4qCl-pcOh4AaABAg,root,@lasaventurasdealexei,UCESHAQRAG6Z2BQROGUMK9yQ,Lo mejor lo hace Mr. Beast,1,0,False,False,1783382400
YLt73w6criQ,UgzV37AnaCAj6uv1_654AaABAg,root,@ClaytonTang-y5j,UCypl3qxRBnGuMAdHxfraFVg,6:34 why did Mr. Beast literally flatten the bag when he said that there were money inside?,0,0,False,False,1783296000
YLt73w6criQ,Ugwn2ozbP_s02QfM-IB4AaABAg,root,@clementehernandez3104,UCS0-8eHBJSm83iA5Is2CdYA,Que le pasó a kal y chandler,0,0,False,False,1783296000
YLt73w6criQ,Ugy5_LD7zbuTE1qbvTl4AaABAg,root,@Animfil813,UCnNrLu_eRWPEsl3M2OD9upw,حاجی پشمام🎉,0,0,False,False,1783296000
YLt73w6criQ,Ugz0vAhJv3qbkHrc7BJ4AaABAg,root,@toxlove_shorts,UCKm7E_t6XP7h-_Vj81hSCQQ,😮😮😮😮😮😮😮😮😢,0,0,False,False,1783296000
YLt73w6criQ,UgyHoeJ2GTSuQ4rHvTh4AaABAg,root,@juliemartinez5650,UCfpcdSCXP0hnYYAmAvuWMqg,12:14,0,0,False,False,1783296000
YLt73w6criQ,Ugx4iBnb6Ck0alb0W9d4AaABAg,root,@ArtyaN_83,UCdk2AAeNwth6JkZPT4F_bsg,"Gilak sih😮 bagi duit nya dong mister, aku orang indo",0,0,False,False,1783296000
YLt73w6criQ,UgyYGzhKpiv_KGbpgqh4AaABAg,root,@chitogepansy1420,UCH7pO_fv3tlnGpzGJV7IMUA,LAST VIDEO TO HAVE MRBEAST OUTRO UNTIL 2 WEEKS AGO,0,0,False,False,1783296000
YLt73w6criQ,Ugx7NOW2eliN4qj8oAB4AaABAg,root,@lkgamer7043,UCkC3Enz1KY8Cl4M1CvuVxsQ,❤❤❤,0,0,False,False,1783296000
YLt73w6criQ,Ugwyuk-hRF3aECyHl6B4AaABAg,root,@idk_67_why,UCNA_SFgPkZJ6mlDUw6zc5Wg,crazy vid its like me watching a movie omgg  insane dezerve a sub,0,0,False,False,1783296000
YLt73w6criQ,UgxFJf7DoG2H8D6GIVR4AaABAg,root,@MiroBuritica,UCQAKGZBB5PqqfvkpaQbBnug,Jajajajaj yimi tiene un tanque de guerra el asesino estaba convencido de poder hacerlo fácil,0,0,False,False,1783296000
YLt73w6criQ,Ugza5DzY6q4CmOKPNqp4AaABAg,root,@Eliza_1Editz,UCfgT3QCzjLvEChNlpRo1xBQ,Idea is noice banger,0,0,False,False,1783296000
YLt73w6criQ,UgxyCHMYgsvSxMmeC4x4AaABAg,root,@Pianokid-m5e,UCWGaQybg375cOSZRmcj94Vg,Hi,1,0,False,False,1783296000
YLt73w6criQ,UgxYf5Jm59eKA8bjzJN4AaABAg,root,@Samuel-s4x3r,UCuSqgS2zWmI12Zepie859VA,Bro...,0,0,False,False,1783296000
YLt73w6criQ,UgzIB9KiQswCnCr6Qql4AaABAg,root,@shortgabut5122,UCuD6o8f9hOHbIsFfrvcy46Q,Absenn,0,0,False,False,1783296000
YLt73w6criQ,Ugzq6I2ulzzhAAy8Plp4AaABAg,root,@أنسصادق-ش8ب,UCzxGbCJKb60ezKXOB1jiKZw,"English:

Hi MrBeast! 👋

My name is Anas, and I'm from Yemen. 🇾🇪
I hope to meet you one day. You inspire me to dream big and create new ideas. Thank you for everything you do. I wish you continued success!",2,0,False,False,1783296000
YLt73w6criQ,UgwA_LUvKhPrIQQJqR54AaABAg,root,@أنسصادق-ش8ب,UCzxGbCJKb60ezKXOB1jiKZw,"I hope to meet you someday, MrBeast. You are my inspiration and I really admire your videos and what you do.",0,0,False,False,1783296000
YLt73w6criQ,UgxeTH3tntqUFG3FFcl4AaABAg,root,@أنسصادق-ش8ب,UCzxGbCJKb60ezKXOB1jiKZw,"I hope to meet you someday, MrBeast. You are my inspiration and I really admire your videos and what you do.",0,0,False,False,1783296000
YLt73w6criQ,Ugx-jicqNTPbfndvBt94AaABAg,root,@AnoRwatz-e5z,UCysZ63h97FbzCukHIqmKwIg,Just started watching ur vids and bro ur crazy and cool at the same time 😁this was nice even tho it was a rubber knife,0,0,False,False,1783296000
YLt73w6criQ,UgyliLyZ8uR6OkVPN7B4AaABAg,root,@tailormafj,UCYQrw3w8V5ETMr-r-bNl-Pg,Watching from Ghana 🇬🇭,0,0,False,False,1783296000
YLt73w6criQ,Ugx9OIBeub7gmpeFp4p4AaABAg,root,@worldcup123-s2b,UCCS92aIJH4B8ZaNpWrYGWAw,Mr beast is playing with his life,1,0,False,False,1783296000
YLt73w6criQ,UgxoEqhqyassFqyW45Z4AaABAg,root,@Novaqrono,UC4B2p7WY1NUfh5TY1stUv4Q,У убийцы такое лицо будто он не хочет здесь находиться и его все достало,0,0,False,False,1783296000
YLt73w6criQ,Ugy3z5ip2JcLZ9E0W814AaABAg,root,@MuhammadHussainTechnologywala,UCt6IKKglHrOzSphtO9AI0yA,Is someone here in July 2026😂😅,3,0,False,False,1783296000
YLt73w6criQ,UgzdbfEUS4931WYFOyh4AaABAg,root,@MohammadAminDehakiTorogh-c8d1t,UCNaaoeM778VjnTmn-KKAKRA,این ویدیو های قدیمیت رو کانال های یوتیوب ایرانی دوبله فارسی کردن,0,0,False,False,1783296000
gHzuabZUd6c,UgzmHdSg2-YPdV7gPiR4AaABAg,root,@BristyMondal-r3w,UCJwDVugfNYvFVnHwrhiZxsQ,মিস্টার বিস্ট আপনি একটি হেলিকপ্টার উড়ান❤❤❤❤❤❤❤❤❤,0,0,False,False,1784440800
gHzuabZUd6c,UgypMWYZURJpGsI-HcN4AaABAg,root,@Bardyasoccers,UCDGrxPQUe13BKRbDW920rsg,مبینا خدابنده😂,0,0,False,False,1784408400
gHzuabZUd6c,UgyaDNEHKonbwj8eCpZ4AaABAg,root,@FazalLatif-h7l,UCgVd-BpsUw9n_JRwByU6PqA,Kaun kaun India aur Pakistan se dekh raha hai answer me,0,0,False,False,1784390400
gHzuabZUd6c,UgzNb5NPbgP6m2U5NBV4AaABAg,root,@RiccardoPetriglia,UCkJu3tKJlgvEcC5Zv7BzFDw,Mr Beast Ken but😊,0,0,False,False,1784419200
gHzuabZUd6c,UgxdYSa2kp7294ljPWN4AaABAg,root,@DeepakSharmaSharma-v,UCk6dD4pw1y7iAiSm05Dn_9w,Ye intersting tha❤,0,0,False,False,1784419200
gHzuabZUd6c,UgwoDl02IorS3nJs8Sh4AaABAg,root,@UnikL.m,UCq6eE_gCd39lNzUnMD-YJwQ,Thank for 31 subscriber🎉🎉🎉😢😢😢 Amy one 2026,0,0,False,False,1784419200
gHzuabZUd6c,UgzurU4IUk_BDkQPdXd4AaABAg,root,@CheechoCheecho,UCc8ct3LG9PnEFF_YohamAXg,❤ Watching your video's MR Beast 👍,0,0,False,False,1784419200
gHzuabZUd6c,Ugw0ZfeExCfw6PMqluV4AaABAg,root,@johngiroux1661,UCNMF-odJBNi7xm1237-Qcvg,Be great if this man did something better with his money. Like pay children's hospital bills for parents who can't afford them.,0,0,False,False,1784419200
gHzuabZUd6c,UgyoPJAvBArVuy7HR894AaABAg,root,@murpht6231,UCTBBkZJ1kktP8kmQn65qMqg,I woulda stayed in that circle for 2 years,0,0,False,False,1784419200
gHzuabZUd6c,UgxyfuqyNSyzgIhG6ht4AaABAg,root,@smartskills1996,UC5s6OkxPl44w81iRO7rXEwg,Best luck person life change ❤❤❤❤,0,0,False,False,1784332800
gHzuabZUd6c,UgwMTEvqdiU983lck5V4AaABAg,root,@Alomgir-g5b,UC9DpbKkOYAAdbc-DKsiYt2w,Love you ❤❤❤,0,0,False,False,1784332800
gHzuabZUd6c,Ugw2-K6XEYOcKQRWndB4AaABAg,root,@ShahidHussain-gc5zg,UCffZW7qthoZZLZPFp-pApcA,"MrBeast, I'm asking for just one opportunity. Please give me a chance to take on one of your challenges and prove myself. I'll keep believing that one day you'll see this comment. ❤",1,0,False,False,1784332800
gHzuabZUd6c,UgyMGRIcVN0GbanGwp54AaABAg,root,@RakibMai-d5l,UCzyBsX-czwoldYtSGBskvpg,😢,0,0,False,False,1784332800
gHzuabZUd6c,UgxpLf0NbYPj3xRqCjJ4AaABAg,root,@prasannasrisri2182,UCjr5uVyvolrHb0HyotPkAwg,😂😂😂😂😂😂😂😂😂😂,0,0,False,False,1784332800
gHzuabZUd6c,UgzYrI3phjzZEbdKv554AaABAg,root,@kakuliroy5908,UCyGvN4rhlzx7lEy8oGIl0yQ,Mister beast আমি কি তোমার এখানে খেলেতে পারি প্লিস,0,0,False,False,1784332800
gHzuabZUd6c,UgytJLzW_4gba96IQcl4AaABAg,root,@Tanp-t4p,UCFIZlF9B9THw812RiL_9khQ,"MRBEAST, YOU NEED TO MAKE THIS 30-MINUTE BLOCKBUSTER! 💀🔥Imagine a Minecraft vs Football simulation: Ronaldo spawns with 11 End Rods shouting SIUUU, Hulk destroys bedrock with a 150 km/h kick, Abdul-Munif Yashun pulls up with a tactical low-kick, and Messi dodges a literal NUKE at the speed of light only to get ricocheted straight in the nuts! Ronaldo and Hulk are dying laughing, the server is wiped out. This is easily the funniest 30-minute video in YouTube history. Let's cook! 🚀⚽",0,0,False,False,1784332800
gHzuabZUd6c,Ugwb_xAUVAXBKlAY2iR4AaABAg,root,@JakirulIslam-r6n,UC4lzmoctTbuBdV-OAtw7VNw,Hi brother 😈,0,0,False,False,1784332800
gHzuabZUd6c,UgyzTk2ewtcbNlH97Cd4AaABAg,root,@jamilasaidu7890,UCTbCDD0k9h9GVEbYEGRfSsQ,Please how can I participate in MrBeast's games,0,0,False,False,1784332800
gHzuabZUd6c,UgwnByiw-uSR0oE6SPN4AaABAg,root,@ThíchWhy,UCX0v4E7PJfCfu3hj6cTDqXA,"I’m from Vietnam. I really wish MrBeast would give me $100,000 someday.....",0,0,False,False,1784246400
gHzuabZUd6c,UgzVELuOA9yZdHu-xnJ4AaABAg,root,@انورعبد-ن3ط,UCOlP4r_cFtHfpsPLf4lfkrw,منور صحراوي ❤❤❤❤❤,0,0,False,False,1784246400
gHzuabZUd6c,Ugy73RxhHzHiH3VsQ0x4AaABAg,root,@Uzay-s5s,UCY17cEuFT3N-6zDsIhRhDdQ,Mr beast hello how are you,1,0,False,False,1784246400
gHzuabZUd6c,UgyW-NlXROOzR4Rbtzx4AaABAg,root,@CaideeLay,UC8L2N1yUdRDVEWcOpUtiV0Q,??,0,0,False,False,1784246400
gHzuabZUd6c,UgysdOXCL4qyJxbqWcV4AaABAg,root,@mahimjoss7299,UCi5BtFImHuux14HJ6tSSiCQ,❤❤,0,0,False,False,1784246400
gHzuabZUd6c,Ugx7fp9AZPNPphQB4X54AaABAg,root,@RANJITSINGH-ll2co,UCgU2ItiGb6EygmYQfG_kUlQ,Bro i am indian kya mujhe moka  mil sakta hai,0,0,False,False,1784246400
gHzuabZUd6c,UgzQV8W_xN3fHalca4F4AaABAg,root,@JonahSwanson,UCxFyYeS697zcT80rRLP7Okg,Rip Oliver tree,0,0,False,False,1784246400
gHzuabZUd6c,UgziG5DCpK_dBqnqqUV4AaABAg,root,@ALI-be8gy,UCuJqjBt_fsiN_zSjCc4kEoA,😊❤❤,0,0,False,False,1784246400
gHzuabZUd6c,Ugz1xxPs7VeSB5Ix2gV4AaABAg,root,@pinkzeppelin1982,UCCShld25sct2bU47PhDGwrg,my turn...?,0,0,False,False,1784246400
gHzuabZUd6c,UgwFAMkhbiP8A8WqBSJ4AaABAg,root,@Rahamansariaj,UCObu3nORUNCUPLysi7DFaUg,❤❤❤,0,0,False,False,1784246400
gHzuabZUd6c,Ugwzes7wTwphK3aoLXN4AaABAg,root,@CarolinaFrias-p1b,UC1JxVUBlpAZmpEraSckrk4A,Yo quisiera Aser ese reto,1,0,False,False,1784246400
gHzuabZUd6c,UgzZLfhcFXCUNJu85NZ4AaABAg,root,@faizalikhan226,UCW3XRFHgSsxqztrdRqhex4A,Give me one chance,1,0,False,False,1784246400
gHzuabZUd6c,Ugy1RHO1TriQh31DQKJ4AaABAg,root,@SubhavatiDevi-r3u,UCFhgOFhX2YpFPSAUaEAmz0g,मा कसम सब्सक्राइब तुम लोग नहीं किया है भाई साहब 😂,0,0,False,False,1784160000
gHzuabZUd6c,UgzjjnkegdddktrOYFZ4AaABAg,root,@immcaerin_13,UC_agr3MkscoizAeKsLTvVwQ,🇺🇿🇺🇿🇺🇿 Uzbekistan,1,0,False,False,1784160000
gHzuabZUd6c,Ugykm0NcVUMUTpc75BZ4AaABAg,root,@TseringLanzes-w3z8q,UCHbn8pL7H0nk5QV4ogmgByQ,I’m 12 year old,0,0,False,False,1784160000
gHzuabZUd6c,Ugz-_LrYAkrycO4TU814AaABAg,root,@TseringLanzes-w3z8q,UCHbn8pL7H0nk5QV4ogmgByQ,M beast I’m from Ladakh plz give me a labtop I’m your subscriber❤,0,0,False,False,1784160000
gHzuabZUd6c,UgwIeIvjZ5G-gkmWJXZ4AaABAg,root,@sabinayeasmin3456,UCE1bSGpAuJbNKDQqHh4PX6g,a home isn't built  with just bricks and mortar but with years of hard work sacrifice and passion. 😔,0,0,False,False,1784160000
gHzuabZUd6c,UgzYhmjeJK1w4GhJFxp4AaABAg,root,@Miyanasuperleage,UC7E7A1gMflC1oXun8WArPPQ,Random subscribe bro,0,0,False,False,1784160000
gHzuabZUd6c,UgxBKsRGfff-yJkG66l4AaABAg,root,@nevinsahinn,UClE5d0L1TZB8Sp3Ml9FxYuw,TÜRKLER BURADAMII,1,0,False,False,1784160000
gHzuabZUd6c,UgxBerHP8dOYAQwT3FN4AaABAg,root,@AdriannAmorganda,UCMPVPRXedlkyW_ha_g77_RQ,100days without the fam is not a joke bro he's gotta be the toughest dad in the world.👍💪💪💪,0,0,False,False,1784160000
gHzuabZUd6c,Ugye-t5JkWVjDAaHbXt4AaABAg,root,@M.DangersMake88,UCS7ay6nAKSIewNLIhLYKeJg,0:19,0,0,False,False,1784073600
gHzuabZUd6c,UgxBBPZtUKv2vBMkNsV4AaABAg,root,@ADILBE-y8z,UCrl_JbOTxEJg1YmYxvvOScA,Anyonein2027,1,1,False,False,1784073600
gHzuabZUd6c,UgxBBPZtUKv2vBMkNsV4AaABAg.AZEz9sNGcvYAZF79en9MbN,UgxBBPZtUKv2vBMkNsV4AaABAg,@Cheshire3050,UCEPxCh4rXQZHLNUVYN2awmg,2026,0,0,False,False,1784073600
gHzuabZUd6c,UgwIHcJ_lNP_uTeBcbd4AaABAg,root,@MohammedKamel-d5m,UCyrk3H0qYTEz6yZqr7aSqrA,عايز اشترك جدا جدا جدا جدا ❤😢🎉,1,0,False,False,1784073600
gHzuabZUd6c,UgyPV_Bud8vBTHWgIcN4AaABAg,root,@nanaja03062,UCsu3uyvB-cy5tG-dhSl9tSw,invite moi,0,0,False,False,1784073600
gHzuabZUd6c,UgyFS24vthAXzShzZOx4AaABAg,root,@Reliefmindmusic-dd8fj,UCX6v7lKdzlNyh5eO4z_ZpHA,Enakku 5 million dollars mattum koduinga,0,0,False,False,1784073600
gHzuabZUd6c,UgxXqpj98WISwTnoYBt4AaABAg,root,@AdebowaleAdegbesan-f6c,UCofQ1z92Sa_Ko3pVrLkjavA,Please try an outsider,0,0,False,False,1784073600
gHzuabZUd6c,Ugyd40k6sBj2YW8Pedh4AaABAg,root,@AdebowaleAdegbesan-f6c,UCofQ1z92Sa_Ko3pVrLkjavA,"Bring on your game 
I am from Nigeria",0,0,False,False,1784073600
gHzuabZUd6c,UgzULOYSYadCd8Vi3sp4AaABAg,root,@PiyaJasosa,UCfqLxMCS9wX22xB5VI473jw,"Assalamu Alaikum, Mr. Beast. I am writing to you from Tando Jam, Hyderabad, Pakistan. I have followed your work for a long time and am deeply inspired by your incredible heart and how you help those in need. I am currently facing a desperate situation; I do not have a home of my own. Rent prices in my area have become so high that my family and I are constantly struggling to choose between paying rent or having enough money for food. I am humbly requesting your support. If it is possible, please consider helping me secure a safe place to live or providing financial assistance so I can purchase a small home. Any help you could provide would be life-changing for us. Thank you for your time and your kindness.",0,0,False,False,1784073600
gHzuabZUd6c,UgwazaFPNC8ATY6826F4AaABAg,root,@sksagor2760,UCRK6ePC6DXABQV24WKfT1qw,100000 dollars for me is enough.  Because I really need money 😢,0,0,False,False,1784073600
gHzuabZUd6c,UgxyV68Ew0W8GFQZ_cx4AaABAg,root,@vinayvlog-x1j,UC4BzmeUqJ9GUnsC_dR_zA9w,Main bhi mrbeast muje bhi,0,0,False,False,1784073600
gHzuabZUd6c,UgzAVpdMvZp8fa8QIdN4AaABAg,root,@movieboxallinone7553,UCyXisY2ycwpdrU4h4qmmpyQ,Hey mr beast iam from India. I want come to your video..,0,0,False,False,1784073600
gHzuabZUd6c,UgxaYLfp5IPUiOg7-px4AaABAg,root,@LuckySingh-f4e3e,UCDQBKGm07CEvGFAIgDPoApw,"Hi Mr beast i am form india. Great video, love this challenge 😊 100 days",1,0,False,False,1784073600
gHzuabZUd6c,UgzUNOOjx1R9OcdILH94AaABAg,root,@Mr_Oliver_0,UCOm6CZnRKbEW5UrluJkVPGQ,Bro can you give me $1000,1,0,False,False,1784073600
gHzuabZUd6c,UgwVG6QVOsg9PigmnAh4AaABAg,root,@OnEDaYvLoG229,UCtk82d-4JjHXgWv-vp9AMLw,I am indian,0,0,False,False,1784073600
gHzuabZUd6c,UgwtG50YJdsDzENkEPd4AaABAg,root,@OnEDaYvLoG229,UCtk82d-4JjHXgWv-vp9AMLw,Mujhe bhi challenge dijiye sir,0,0,False,False,1784073600
gHzuabZUd6c,UgxpxUCu56MpJpGrCLB4AaABAg,root,@Nathan-ez2fx,UC-ws0ovMWuPg7UNG29C0wRg,Does anyone realize that the end song is cash machine by Oliver tree? R.I.P Oliver tree,0,0,False,False,1784073600
gHzuabZUd6c,Ugy8tvbJuhm4O_2b7uN4AaABAg,root,@krilivi9676,UCmQ_ZzF08xbvlDO-ravLiKg,"I am from India,I participate this type of game (challenge) please give me the chance",0,0,False,False,1784073600
gHzuabZUd6c,UgybJOvSqIa9CDLm82x4AaABAg,root,@CDxGAMING302,UCvfUHuoXIWL9ZMSnZcyy4xQ,mr beast plz give me challenge plz,0,0,False,False,1784073600
gHzuabZUd6c,Ugy6AETbEZHvpn4lSG14AaABAg,root,@Punjabioffical12,UC8tjHam2-QyPZa2rryoY9gg,Hi I am Pakistani plz invited,0,0,False,False,1784073600
gHzuabZUd6c,UgyBLXqtuVcKG1OstNN4AaABAg,root,@SukhdeepSingh-mi2be,UCziG3jXRoN4eq651KbsymwQ,Plz help me brother peyment,0,0,False,False,1784073600
gHzuabZUd6c,UgyYqO7gC3lWU7QnCw94AaABAg,root,@wulex28,UCmYKLiw9hoCdEswknkVpXgw,I can survive 2years for 1M$.Please me Jimmy,0,0,False,False,1784073600
gHzuabZUd6c,Ugxmug--3qx4faZlbvd4AaABAg,root,@muraddukalai88,UCJBMx34-Bi_lb1wOu3mBdNQ,I m coming,1,0,False,False,1783987200
gHzuabZUd6c,Ugx13cCjNX3m7ujYavJ4AaABAg,root,@shrabonms6697,UCwFFglLTbhMnvwd5gcI0oSw,❤❤,0,0,False,False,1783987200
gHzuabZUd6c,Ugyz_FwvDkpMLL3bxvB4AaABAg,root,@NajemMondal-h2i,UCeOZqfb_NwzfbRLIn04om_A,Ol tha best ❤❤❤❤❤❤❤❤❤❤❤❤❤❤❤❤❤❤❤❤❤❤❤❤❤,0,0,False,False,1783987200
gHzuabZUd6c,UgxPOHIvRs-2KAOCbn14AaABAg,root,@silent-l4q,UCj00DEif_6qT_KLPfJLepFQ,Really Mr beat video is so interesting ❤❤,0,0,False,False,1783987200
gHzuabZUd6c,UgxDArUFgaYwawSdu5B4AaABAg,root,@AminKhosravi-u7d,UCkvCsvWuSrlAbsSNfQB52WA,"من بدون داشتن خونه،و فقط با یک کیسه خواب و غذا هم میتونستم این کار رو بکنم.
چون همین الان هم سه ساله تویع این وضعیت هستم😂
شما خیلی غرق در نعمت هستید.
قدردان کشور محل تولد و زندگی تون باشید🤲",0,0,False,False,1783987200
gHzuabZUd6c,UgyzdOuVRbR9N7TprIV4AaABAg,root,@Altaf0yy,UC7UdB_ObOvuKVJJ5ZwXOFSw,Sar kya mujhe bhi ek calengh karne ko mile ga please 🙏,0,0,False,False,1783987200
gHzuabZUd6c,UgxHkkE0nK-hWlqfpSt4AaABAg,root,@Leeland2020,UC4ntoLWxTxC1qdQ-Qwg3ccw,This is a old video but cameras inside wasn’t necessary,0,1,False,False,1783987200
gHzuabZUd6c,UgxHkkE0nK-hWlqfpSt4AaABAg.AZAHjkKRaXgAZAHn7vW1Ez,UgxHkkE0nK-hWlqfpSt4AaABAg,@Leeland2020,UC4ntoLWxTxC1qdQ-Qwg3ccw,Maybe just 1 in the living room,0,0,False,False,1783987200
gHzuabZUd6c,UgwTWkklOtOVsrrXIOl4AaABAg,root,@MariaKuklińska-r1w,UCyrusxsqkJqvPdZGQZGyZvg,I  would Like to appear  in your film,0,0,False,False,1783900800
gHzuabZUd6c,UgzU0LoFo4Qq4eHoB5d4AaABAg,root,@Vivekthakur94-p5z,UCCiwtYuEGy2u_v5PM_dwrVw,Please mujhe bhi apni video ka part banao please 🙏😊,0,0,False,False,1783900800
gHzuabZUd6c,UgxOHsF8GJn_sdsCel94AaABAg,root,@SafiyaAshraf-y5h,UClelkWf2ZSUHB7hmwKpuQUQ,"Sandhya 
😅",0,0,False,False,1783900800
gHzuabZUd6c,UgwJHPDLse2j5KZL1zp4AaABAg,root,@Feifei0525,UCt2C9pN1led6g1m8KPvvObA,😅,0,0,False,False,1783900800
gHzuabZUd6c,Ugwz9o0r28KHqtszyvN4AaABAg,root,@FranciscoAlfredoRivera,UCkyFQh-gTYoYxr7myYI9rhw,La monalisa pero con defectos en la pintura,0,0,False,False,1783900800
gHzuabZUd6c,UgzBbE_VveOIulF8s2V4AaABAg,root,@FranciscoAlfredoRivera,UCkyFQh-gTYoYxr7myYI9rhw,Mi tio,0,0,False,False,1783900800
gHzuabZUd6c,UgxgJPV3_9yjLlCHtVx4AaABAg,root,@岳秧,UCJOq2OUp5fKMdLRPmAkdYxg,这次挑战太温和了！我可以呆在家里一年，只要有食物和手机！,0,0,False,False,1783900800
gHzuabZUd6c,UgzBJaQyR178s7hRw_p4AaABAg,root,@MrAliYouTube_R,UC5HyzpHjJK0UzpOL32pYbXg,I'm a MrBeast Big Fan ❤️,0,0,False,False,1783900800
gHzuabZUd6c,Ugx1cAFNnf2xWwGJyJl4AaABAg,root,@علیمحمودی-ي1ع,UCn-7rfSQJ5mPd651xLAoh0A,‏‪1:23‬‏,0,0,False,False,1783900800
gHzuabZUd6c,Ugw18mUdTXnRgOOGEE54AaABAg,root,@새벽여명-y5j,UCoX2MsLwQoH9SmjujzC7ztQ,션 100일 미션 축하해요~!!,0,0,False,False,1783814400
gHzuabZUd6c,Ugyok_AL0jefhiuW_fJ4AaABAg,root,@btsbdarmy_2064,UC2GUllIfHZXU_jX4gJ1nHng,🎉🙏🙌💔💗,0,0,False,False,1783814400
gHzuabZUd6c,UgzxhQMadVeEdKtOhoR4AaABAg,root,@btsbdarmy_2064,UC2GUllIfHZXU_jX4gJ1nHng,Friend friend,0,0,False,False,1783814400
gHzuabZUd6c,UgzVESryT0eZuLwOUa94AaABAg,root,@btsbdarmy_2064,UC2GUllIfHZXU_jX4gJ1nHng,😅 1:43,0,0,False,False,1783814400
gHzuabZUd6c,Ugzb3i7-uog55JvOUL54AaABAg,root,@kylemelvin958,UCBlpst2D770S9wQLQKhRksA,Hi good  i  pl. Can I be  in a  videos .😊,1,0,False,False,1783814400
gHzuabZUd6c,UgxXdd9AFKlkRPAmJON4AaABAg,root,@josezuniga2637,UCFTGqvLyq7I3zRvyI8J1NPA,Yo puedo quedarme 5 años Jimmy.,0,0,False,False,1783814400
gHzuabZUd6c,UgzD94ZG7rZFGeRQtYd4AaABAg,root,@erickmartinez9487,UCZ6fMfxvJZE0MxbAcI1MWFw,Oliver tree RIP,1,0,False,False,1783814400
gHzuabZUd6c,Ugz0e5reo8ebGMiLaRl4AaABAg,root,@shahidaliuniverslstudio7012,UCj5UIcQ8GpHu1vlDkg83pzw,14;15🤣🤣🤣,0,0,False,False,1783728000
gHzuabZUd6c,Ugx1f6TD4xM7kVhxdTd4AaABAg,root,@K_Katayama,UClvXtMeQ6NySW_zyGCyCFpg,16:25 music?,0,0,False,False,1783641600
gHzuabZUd6c,Ugxw342ur1pSxnAmTl94AaABAg,root,@Zafar-k8n7i,UCS9pbHpNV5z0X2UWWGN4sRQ,❤❤❤❤❤,0,0,False,False,1783641600
gHzuabZUd6c,UgxNmeg0yyaGUO5VCg94AaABAg,root,@وعدمحمود-ف7ح,UCGyitb426tQwRHrzHEdcdEQ,"I hope you come to Iraq, Jimmy 
 ❤💜",0,0,False,False,1783641600
gHzuabZUd6c,Ugyx53X9Mvinmz7dKnZ4AaABAg,root,@Ademsdt2223,UCrV80R5xy2NrTrPDvQ9NzLQ,تحيا الجزائر ❤❤,0,0,False,False,1783641600
gHzuabZUd6c,UgwxwG2nlMRia4Q9yod4AaABAg,root,@zuptoday,UC_2qIdVvL8P_KEmPRbU3wyg,Mr beast I am from India I dare you to invite me and give me a challange 😏,0,0,False,False,1783555200
gHzuabZUd6c,UgxSYppIeqBgKTaHXZB4AaABAg,root,@user-fh2te2wj2g,UC6JtxLOBtWJfzozLr63TwkQ,5 июля у меня др,0,0,False,False,1783555200
gHzuabZUd6c,UgxOh9SkXo94jIBYszh4AaABAg,root,@astagfirullahfacoltativo,UCK8mCVUFdR1hlmUfF47R71Q,"mrbeast dove sono i miei 10000 euro, mi servono molto, ti propongo una sfida, se sopravvivo in isolamento per 30 giorni tu mi dai 1 milione di euro, affare fatto?",0,0,False,False,1783468800
gHzuabZUd6c,UgyJHpfjmbBji7tY0HN4AaABAg,root,@HasanAhmed-h2s2b,UCQ5l-jl98qhCG7FkhMCk4Rg,٢٠٢٠٥,0,0,False,False,1783468800
gHzuabZUd6c,UgyM1ZZ-G0PiI0rfa654AaABAg,root,@Mdrabbi-y4z5v,UCLsUU9-Q7AZeneuZlFExUYA,❤❤,1,0,False,False,1783468800
gHzuabZUd6c,UgwC2GX4Anh3x91rAON4AaABAg,root,@Canadiancrimaddict,UCmTVQSa-2zo-mpGCAomyQLA,Lies,0,0,False,False,1783468800
gHzuabZUd6c,UgwSCgi6fZSUpy-cDYR4AaABAg,root,@عاصمابراهيمالعبيدي-ص9س,UCGWKGWN403ElmENYPoTe73Q,Δώστε μου 500.000 δολάρια και θα μείνω για 200 μέρες.,1,0,False,False,1783468800
gHzuabZUd6c,UgymQocg49MjWtQUMZJ4AaABAg,root,@KOOL-AiD1-13,UCPJft4xUdh8uFCtNWAoEc6A,why everyone commenting rip Oliver tree,0,0,False,False,1783382400
gHzuabZUd6c,Ugzt2QhieySjLYwob6l4AaABAg,root,@NINJASpykarGaming,UCMl0jYla_PQlcl-2lBNZJMw,We are unlucky beast broo challenge me from india ❤,1,0,False,False,1783382400
gHzuabZUd6c,Ugze5iWPZtGod6w1FcZ4AaABAg,root,@RAP_AAM,UCQLOB1OEMaZk8MFbYdghddg,Wow dubbed in Persian,0,0,False,False,1783382400
gHzuabZUd6c,UgzIr3Y0aOZ9E8Lyr0d4AaABAg,root,@harryyyong,UCCXtAKj-LY2M3TwJCi4__TQ,"Just curious when jimmy said “you can step on the red line” at 100days, and Shawn did, and jimmy suddenly said “oh, you just lost 500k”. What would Shawn do?😂",0,0,False,False,1783382400
Hwybp38GnZw,Ugx2Wv-CHMTfeSG3Ws94AaABAg,root,@ЛысыйНегр-ш3е,UCsZuCi8cQbN_oL3ifNkPYtA,но без курымдыка я вам ее не покажу,0,0,False,False,1784455200
Hwybp38GnZw,UgzBgzjthexS0gox8Al4AaABAg,root,@SitaParmar-n3o,UCuQn9T8nRnczYu2DWFJ7v9A,😮😮😮😮❤❤❤,0,0,False,False,1784404800
Hwybp38GnZw,UgxulDKC162qMnhkCwd4AaABAg,root,@EsgarTorres-i9v,UCOZYbHlz9bNYQTF9LidxyOA,I know for a fact that chocolate river aint chocolate but mud and water jaja,0,0,False,False,1784401200
Hwybp38GnZw,UgzZ5IHPppYZ_UFN0e54AaABAg,root,@ranjanab.kpawah,UC-AN8dJOrfuXWx-gcBrw-aQ,❤❤❤❤😢😢😢😢🇳🇵🇳🇵🇳🇵🇳🇵🇳🇵🇳🇵🇳🇵🇳🇵pawan,0,1,False,False,1784419200
Hwybp38GnZw,UgzZ5IHPppYZ_UFN0e54AaABAg.AZP79AJZe4FAZQbceDXn30,UgzZ5IHPppYZ_UFN0e54AaABAg,@ranjanab.kpawah,UC-AN8dJOrfuXWx-gcBrw-aQ,😢😢😢😢😢😢,0,0,False,False,1784422800
Hwybp38GnZw,Ugx31Cxg_VN8KlNtsox4AaABAg,root,@SukhdeepSingh-mi2be,UCziG3jXRoN4eq651KbsymwQ,Mr Jimmy bro plz contact me help me brother 🙏,0,1,False,False,1784419200
Hwybp38GnZw,Ugx31Cxg_VN8KlNtsox4AaABAg.AZOt-yqtKguAZPsAGP5XCo,Ugx31Cxg_VN8KlNtsox4AaABAg,@MCUtheMan.7,UCiPNoMz5Dow_iyDHacR50cg,Bro this was made so long ago,0,0,False,False,1784397600
Hwybp38GnZw,UgwE2kn8a-RGxqzIp5J4AaABAg,root,@MdRakib-q8f9s,UCs8d_Wkqr5lvW7M0v5pZY-w,"I regularly watch your videos on both my TV and my phone. Your videos are really amazing. I truly hope that at least once in my life, I’ll get the chance to meet you. If I ever have the opportunity and the means to do so, I will definitely come and meet you. 💔🎀",0,0,False,False,1784419200
Hwybp38GnZw,UgxVgp6AZ86jyj5KF7R4AaABAg,root,@OscarMaringa-x2d,UCLg8GH1eBKC0uRX6Hw8hqtA,big fan of ur videos 🎉,1,0,False,False,1784419200
Hwybp38GnZw,UgzHaNqLbBxQxFnHS3J4AaABAg,root,@uulijjonlklkioaosssisisis,UCfo2LQSN-pfICKL_ONjtatQ,Qué le cambió la voz a mrbeast😢,0,0,False,False,1784419200
Hwybp38GnZw,UgxufbFVaggTrfexSzt4AaABAg,root,@HarryBeeper,UC2d79bdTqakhwRQSYe3M9Hg,I❤❤❤ chocolate 🍫🍫🍫🍫🍫🍫 iiii,1,1,False,False,1784332800
Hwybp38GnZw,UgxufbFVaggTrfexSzt4AaABAg.AZMWEwlRcI4AZMWJBoyA8C,UgxufbFVaggTrfexSzt4AaABAg,@HarryBeeper,UC2d79bdTqakhwRQSYe3M9Hg,Nise❤,0,0,False,False,1784332800
Hwybp38GnZw,UgzUVm0Q_fuWvPRHfel4AaABAg,root,@HarryBeeper,UC2d79bdTqakhwRQSYe3M9Hg,I❤❤❤❤❤ chocolate mr•beast,1,0,False,False,1784332800
Hwybp38GnZw,UgwQCeOHcmOMB6j-8MN4AaABAg,root,@vansh029-c8v,UCDjNHUGEhSt6KdU7Kgoi15A,what are you give me a car mr.beets,0,0,False,False,1784332800
Hwybp38GnZw,Ugy7mcM76IwgX2I4y6p4AaABAg,root,@lionelbillen8039,UC4678vUM76Mlx_YH0BkHcpg,"MrBeast, j’ai jamais gagné ton ticket d’or, mais j’aimerais bien participer dans une de tes vidéos s’il te plaît invite-moi. Merci🙏🙏🙏🙏🙏🙏🙏🙏🙏🙏🙏🏼🙏🏼",1,0,False,False,1784246400
Hwybp38GnZw,UgyVn1oMj5G1NRacAjx4AaABAg,root,@RahibKashif-k9k,UCDt0dqESC7b6FOnsiv5CoyA,i want to play ur world or server please,0,0,False,False,1784246400
Hwybp38GnZw,UgwzsCVGS0g6pi2jInN4AaABAg,root,@JacobAlbertTe,UC4qmEQj1ewRp4jU8rE90qkw,15:16 15:15,0,0,False,False,1784160000
Hwybp38GnZw,Ugx5MWISESttpXnLVP94AaABAg,root,@Ivan-m9f9d,UCo8nsvriOL7o3Fd-_gF8Weg,Me and my boys be like,0,0,False,False,1784160000
Hwybp38GnZw,Ugz683g1F8ax32eyX_Z4AaABAg,root,@SulemanKhan-1119,UCY8FsEb4-G6igookSZITopw,Hi ❤,0,0,False,False,1784160000
Hwybp38GnZw,UgxQNhtFvkaKdjxTSdh4AaABAg,root,@MokhesengTladi,UCiClF-rthjC_MNHztMlRrGA,😮wow this is wild😅,0,0,False,False,1784160000
Hwybp38GnZw,UgzbVdId9K9Wm1iukt54AaABAg,root,@YJ-w8k,UChE7kjxMLGunCczuADODRYA,(dohphin laughing) 13:36,0,0,False,False,1784073600
Hwybp38GnZw,UgwYG_kaMalPROItGDV4AaABAg,root,@YJ-w8k,UChE7kjxMLGunCczuADODRYA,Dolphin 13:36,0,0,False,False,1784073600
Hwybp38GnZw,UgzWKatg-AE6-3bUrwx4AaABAg,root,@JustBradyx10,UCmd6LqcoKFv0tb2hrGx_TSg,3:54 SEA SALT I NEED YOU SEA SALT!!!!!!,0,0,False,False,1784073600
Hwybp38GnZw,UgyDYs4GqHb3bDoNgRR4AaABAg,root,@IreneCossu-t9e,UCs9nfOf6m_deRKb0lyM7BWQ,Grazie sei multimilionario 😂,0,0,False,False,1784073600
Hwybp38GnZw,UgymdHOFmDypMyx1UlZ4AaABAg,root,@Ronninthe_ll,UCXTxvvNnYelEtMsyAhpwnXw,Me,0,0,False,False,1783987200
Hwybp38GnZw,UgxkctoSo11JNmjnIFt4AaABAg,root,@riswanthg.s4840,UCsUZaF7P9OsyAlSa2B-zusA,"This Video is unimaginable even in dreams, It is Wonderful.",0,0,False,False,1783987200
Hwybp38GnZw,UgzLKW_RGEA1SZx_3_J4AaABAg,root,@Almust-i8q,UC7pKjTKoXeLDYEN0E-7RL9Q,Anyone in 2027,0,1,False,False,1783900800
Hwybp38GnZw,UgzLKW_RGEA1SZx_3_J4AaABAg.AZ9gpLD_dc5AZBEumP7UmW,UgzLKW_RGEA1SZx_3_J4AaABAg,@ismaelarroyo9233,UCXTUVY-ROPvs2gtpbIC7L2g,naaaa 2029,0,1,False,False,1783987200
Hwybp38GnZw,UgzLKW_RGEA1SZx_3_J4AaABAg.AZ9gpLD_dc5AZCI2XNiiEI,UgzLKW_RGEA1SZx_3_J4AaABAg.AZ9gpLD_dc5AZBEumP7UmW,@Almust-i8q,UC7pKjTKoXeLDYEN0E-7RL9Q,"​ @ismaelarroyo9233 anyone in 1077545223324 years 
😅😂",0,0,False,False,1783987200
Hwybp38GnZw,UgyCBMWysynwcFc_b4h4AaABAg,root,@oliverapavon6077,UCMCV0vMduUC13UBRyqdnk5Q,"Finish the first I love you, MrBeast. I hope I can be one of your challenge videos.❤😂🎉🎉🎉😢😮😅😊",0,0,False,False,1783814400
Hwybp38GnZw,UgySP1T__TunExVxPAR4AaABAg,root,@ApexLegendal,UCLyrPg6I5PSbVLFi6iDKHCQ,13 : 36 Was Amazing 😂,1,0,False,False,1783814400
Hwybp38GnZw,UgxOy1X7uU1NofdE-Hh4AaABAg,root,@outayeek,UCwfVoa3Lt3yIZu5jIcYLiXA,но без курындыка я вам ее не покажу,0,0,False,False,1783728000
Hwybp38GnZw,UgxqG_EdLzEp8E-_Lgl4AaABAg,root,@Woodman779,UCL2Xunir0Uekyic_s89YuhA,"Гавно это шоколадки, с нашими русскими не сравнить.",1,0,False,False,1783728000
Hwybp38GnZw,UgwnDR970WCqyACrhbx4AaABAg,root,@NismaKarki-n6b,UCy11CIgVA_fOtm7gPoq_Lzw,Me😂😂,0,0,False,False,1783728000
Hwybp38GnZw,UgxYVwoE8H4GZS3to1Z4AaABAg,root,@AlisanAkbery,UColO8XAZ1FZ3yGVQb-sXfdw,good good good👍👍👍👍👍👍👍 Mr Beast,0,0,False,False,1783641600
Hwybp38GnZw,UgyQdHTsUlE6eAFZuct4AaABAg,root,@elcoc87,UCpZhpcY7V1aGDHHKksqJCkA,Ma solo io ci vedo un enorme spreco di cibo ?,0,0,False,False,1783641600
Hwybp38GnZw,Ugw3VrCxl1YKRCSd6tt4AaABAg,root,@WaliMalik-r7s,UCuZIVpkccl2cplyNqqcCBFA,❤❤❤,0,0,False,False,1783555200
Hwybp38GnZw,UgxAf6Ta7oPX4rw4dXJ4AaABAg,root,@EmitGarcía-g7t,UCIanNhxGPUlmaIFAQ1B1L7Q,PL,0,0,False,False,1783555200
Hwybp38GnZw,UgyQ3A_nnOeyv_qdw7Z4AaABAg,root,@MapperFromTurkey12,UCitU_XYI_8U7-L5dPVCzVIw,Anyone in 2027☠️,0,1,False,False,1783555200
Hwybp38GnZw,UgyQ3A_nnOeyv_qdw7Z4AaABAg.AYydDaWshVfAZATt16u0ZF,UgyQ3A_nnOeyv_qdw7Z4AaABAg,@Dough-q5t,UC7-1uvpEdZ5PdPcwFq4kH0w,Me,0,0,False,False,1783987200
Hwybp38GnZw,UgyICB0_NGCTQEeAA3h4AaABAg,root,@margaritasanchezvelito6503,UCS7-mLfMCi816QTjBUn4rBw,"gordo guy seems to have goodon doesn,",0,0,False,False,1783555200
Hwybp38GnZw,UgxEhg7GV0JDiaPSVht4AaABAg,root,@petrushkap5304,UCEubkCPcRP1-gkPNntiDQfg,Я живу в Казахстане,0,0,False,False,1783555200
Hwybp38GnZw,Ugwf5tNPlEuAc5B58jV4AaABAg,root,@petrushkap5304,UCEubkCPcRP1-gkPNntiDQfg,Я хочу прийти в твою фабрику,0,0,False,False,1783555200
Hwybp38GnZw,Ugy10U-LEc2Wo3R3FB54AaABAg,root,@FıratSubatan,UCmJ6h0jvv859sXlrhOuk5Sw,So why not bring the Mega Pizzaplex shopping mall from Five Nights at Freddy's Security Break to life? That would be great!,1,0,False,False,1783468800
Hwybp38GnZw,UgwwWkZZA3zvnC9nSZh4AaABAg,root,@ploypapatsk,UCcjGRGnYNW5fzFs9f4CCKEA,My brother cry so much because he can’t find your chocolate and he parent scolded him because he cry,0,0,False,False,1783468800
Hwybp38GnZw,UgxRtSj-UIWFFTRdHMh4AaABAg,root,@TreySigma-l6d,UChJy2nr4btPJeTB7CHnKzXw,Me dawg.,0,0,False,False,1783468800
Hwybp38GnZw,UgxsRD-jq4cGD7IH99d4AaABAg,root,@MosaviMahdi,UChVL0SgST0EhTkxTn17uUPg,Wow,0,0,False,False,1783468800
Hwybp38GnZw,Ugy8AzzoxbzhMLvUIHF4AaABAg,root,@coyotestone,UCFfNJDyH5h38QzvjYPeLPMg,How is someone named Joey Chestnut not an actual squirrel?!,0,0,False,False,1783468800
Hwybp38GnZw,UgzDY8kpn2-wvkQA-ix4AaABAg,root,@AtikhHassain,UCZ-5ntuBjB7TKbtfuUPT6Pw,❤❤,0,0,False,False,1783382400
Hwybp38GnZw,UgyTbS35kUWMNeOeM4l4AaABAg,root,@Jihan8C,UC5TbivtObKEwXxbheDdJ9Sw,O MY GOSH 8C 😱😱,0,0,False,False,1783382400
Hwybp38GnZw,UgxxN7E9y2qF7a2raJB4AaABAg,root,@claireredington297,UCNwzjtkqbBdkpJXG-4blH4A,🎉2026,0,0,False,False,1783382400
Hwybp38GnZw,UgxGYRWeIyy3mBoC8wV4AaABAg,root,@claireredington297,UCNwzjtkqbBdkpJXG-4blH4A,😂,0,0,False,False,1783382400
Hwybp38GnZw,UgxSOZoekWCPHI43ON54AaABAg,root,@Missy.girl205,UCLKeBDHzOA_GxYtkiPYoHrA,Make  a few tables  juice called snike ablest,0,0,False,False,1783382400
Hwybp38GnZw,Ugz-3NBSBwIywGr1i0t4AaABAg,root,@SafatAzim,UCjFR2NZu6k0aOH3T0YPpELw,Mr beast we need your help because over the past year no internet connection and power outage has been happened in Bangladeshi or dakar,2,0,False,False,1783296000
Hwybp38GnZw,UgwX5d1J4jSfNOAUNGN4AaABAg,root,@HamtahPt,UC1q6fyRV1HvnuMtpScnSvCA,😋😋😋,0,0,False,False,1783296000
Hwybp38GnZw,UgxvtMPiQ9tZakuHErt4AaABAg,root,@boyindonesia_official,UCLMKJ_4jf0hGh_uarjwc99A,ATtend 🥂⭐🍼😋,1,0,False,False,1783296000
Hwybp38GnZw,Ugy88u336bpgyI9uUkl4AaABAg,root,@shahmeermustafa6734,UCHb2k-2CKmKf_iaoIfrOOBQ,I am your subscriber  give me 17  pro iphone please 🥺 ❤,1,0,False,False,1783296000
Hwybp38GnZw,UgxaUYRtTLSERKrTzgh4AaABAg,root,@jenmolchany9404,UCA2kgkpH5yJnZWWu8IFP9RA,stop ruining our childhood jimmy,1,0,False,False,1783296000
Hwybp38GnZw,UgyOGKhb8L198gxRRMh4AaABAg,root,@Amirali-g.t.a,UC2Lk5DHLid6FEIHd8F_oqfQ,"Hello MrBeast, I am Iranian. Many of you might not like us, but we all love you. I have a request for MrBeast: I live in a low-income family, and since you are so kind, I wanted to ask if you could help me out a little. A fan of MrBeast",0,0,False,False,1783296000
Hwybp38GnZw,UgxUwDWLp0-LdbjCBQR4AaABAg,root,@Ramnivashshakya111,UCfuoE3sIXZ8Wr7wqquX4llw,Hello sir 100000 help me,0,0,False,False,1783296000
Hwybp38GnZw,UgxRgB0tCXTHV2tHgGJ4AaABAg,root,@carmenpraja,UCokuHmqR5JB_0JvkSpbq1Xg,Me gustaría unos polos de fruta 🥰🥰,1,0,False,False,1783296000
Hwybp38GnZw,UgwJaQUvAFEIucGv-aN4AaABAg,root,@LizalmiraOrtegasanchez,UCzCnLnMZzr0JJqDjSGZ7uVQ,Hola misterbisbenamicasa,0,0,False,False,1783296000
Hwybp38GnZw,UgxLz59l7AAWOCPnqsh4AaABAg,root,@maihoangminh3179,UCo6SOy09yudpkQAQRKJE2Fg,It was the punishment from gaming,0,0,False,False,1783296000
Hwybp38GnZw,UgxdBqq0rcCAePFHsY54AaABAg,root,@OthoiAkthar,UCOV5dI5oga72Hz7OxWAMtDA,❤❤,0,0,False,False,1783296000
Hwybp38GnZw,UgwF2jEbEtgXGstMpxB4AaABAg,root,@AntonioyCartooncat,UCt7gPUHzGvLq3bi5rahqu3g,Cuando están escalaban se parece a Spiderman,1,0,False,False,1783296000
Hwybp38GnZw,UgxyyKzOLflY4ZyiADV4AaABAg,root,@Afzamzidni,UCpEuOttdGaVlZInMfkuotZA,Aku mau pesan dong,0,0,False,False,1783296000
Hwybp38GnZw,Ugz_AVT3Td45kQtMmcp4AaABAg,root,@HaqqiAnnazili-s6z,UCMlt3KC9PhJI-o7gdRiFQxg,Giraffe,0,0,False,False,1783296000
Hwybp38GnZw,Ugyjv2yiqCcH9GQZOwp4AaABAg,root,@sebastianjadot,UCsdFkYfyHfm5yDZMhOzzT7g,how has it been 4 years,0,0,False,False,1783296000
Hwybp38GnZw,UgyFjkyW3VDymRH18OJ4AaABAg,root,@AbdullahAlNoman-aan7,UCWnMAEu18B4MHlFh76FIN9Q,15:08 ❤❤❤,1,0,False,False,1783296000
Hwybp38GnZw,UgwfyjgN2JCrE5zKjTd4AaABAg,root,@AbdullahAlNoman-aan7,UCWnMAEu18B4MHlFh76FIN9Q,14:27😅❤❤❤🎉🎉,0,0,False,False,1783296000
Hwybp38GnZw,UgyrxjIwE5dikQSDfLx4AaABAg,root,@AbdullahAlNoman-aan7,UCWnMAEu18B4MHlFh76FIN9Q,13:27 😅😅😅,0,0,False,False,1783296000
Hwybp38GnZw,Ugw6lYRQ0sZNH6fNsHF4AaABAg,root,@AbdullahAlNoman-aan7,UCWnMAEu18B4MHlFh76FIN9Q,12:08😅😅😅😅 12:28 carl bro 😅😅😅,0,0,False,False,1783296000
Hwybp38GnZw,Ugzq3pZccPirKBX-nqh4AaABAg,root,@AbdullahAlNoman-aan7,UCWnMAEu18B4MHlFh76FIN9Q,8:03 😅😅😅,0,0,False,False,1783296000
Hwybp38GnZw,Ugw4war9Y9F9PQoApal4AaABAg,root,@antoniorodrigueziii7993,UCd4DpYuIL7b1iXJoPWsTZuA,I like how you brought Gordon Ramsay,0,0,False,False,1783296000
Hwybp38GnZw,UgwiZE_SuQyyIwudMDp4AaABAg,root,@sanjuonline,UCiOsh-Cge0DhvDIJR_oFrlg,Where is th elevator,0,0,False,False,1783296000
Hwybp38GnZw,UgzZxH8D6VXd2Peztg94AaABAg,root,@maxpro3000-n5k,UCzL4MVwgLbJnFUkNXIZYMSw,"Mandy, candy...",0,0,False,False,1783296000
Hwybp38GnZw,UgyZ3jFdJ0qd6t5YFDF4AaABAg,root,@zandayamillado8565,UC8OcfsNa736pe4jmDxn3RMg,WoW,0,0,False,False,1783296000
Hwybp38GnZw,UgxdQN1XLpwX6klk0l94AaABAg,root,@familiakerchesilvestri2402,UCrDNEVOaTnP1fKM-u7qd9wQ,"Oh my God, Mr. Beast, please send your chocolate to Brazil! I don't like Hershey's!!!!",0,0,False,False,1783296000
Hwybp38GnZw,Ugy_YlCCHRLKoKerI-94AaABAg,root,@kowboochua,UCzumtDxu5qCvqJP-FiOj9KQ,Looks more like gardens by the bay,0,0,False,False,1783296000
Hwybp38GnZw,UgzeEAMceNMSrTRKW2V4AaABAg,root,@L2vid,UCnkK0X7pfEPtNEGtBM0g4rw,Where the hell does Mr. Beast find these people,0,0,False,False,1783296000
Hwybp38GnZw,UgzkO8MJeOL4OQHkI654AaABAg,root,@ZackPittFalls6223,UC4s0tdw1tQXeQG9J8z_oMRw,Npc sletion 7:44,1,0,False,False,1783296000
Hwybp38GnZw,UgyXuIWkb_VfjJ8P_8h4AaABAg,root,@mdshamimshaikh-uh8hl,UCJM-vaVv3qy970TFqUrrKJg,❤❤😮😮😮😮,0,0,False,False,1783296000
Hwybp38GnZw,UgxsVksB1CeER6-pT6R4AaABAg,root,@tesfomyemane6766,UCoc5WxRSmlukU5SzBvfrmsA,Me,0,0,False,False,1783296000
Hwybp38GnZw,Ugy7jCoO-eHdF_WjgfR4AaABAg,root,@AxelPosada-q8w,UCuR_5m7BwcfewixTvGVGvFg,What do you mean you don’t know we’re the cave leads to😂,0,0,False,False,1782691200
Hwybp38GnZw,UgxXdkOCfxGBQPVNUzd4AaABAg,root,@NasimAnsari-wa786,UC8guMHlBMKKlhmEfshYhTMg,Please mujhe bhi koi challenge do mr beast😢😢😢😢,0,0,False,False,1782691200
Hwybp38GnZw,Ugz8Y29B3AOStJnP1P94AaABAg,root,@dineshbisen2295,UCRSAroqk84H9JJEaSabE7Ow,Day 8 of asking for a gaming laptop please❤❤❤,1,0,False,False,1782691200
Hwybp38GnZw,UgzMN6Sta69luaMLdFd4AaABAg,root,@oddiy_bola_90,UCiWw1Wd7FACniEDbxAye7cw,23.06.2026,0,0,False,False,1782691200
Hwybp38GnZw,UgwzY11exn1FwSecRX54AaABAg,root,@OEjaOA,UCOvoi7xl-uedG4259WtKXTA,😅❤❤❤❤❤❤❤❤❤❤❤❤,0,0,False,False,1782691200
Hwybp38GnZw,UgwYoXntucTlMhFlX6p4AaABAg,root,@SylvieegbakoGbolo,UCbf3kZ69xqgm84ZXhQVmJKA,"MrBeast, I need some help for my mother.",0,0,False,False,1782691200
Hwybp38GnZw,Ugx3p6WcVH_ful5AOGZ4AaABAg,root,@Monkhzul-t9r,UCe8BQ_l06mGZnkWMkgOl8OQ,That's Gordon ramsay 5:35,0,0,False,False,1782691200
Hwybp38GnZw,UgxSLAvRCuGlQVQ4k154AaABAg,root,@mimaktar16946,UCcPASDnDQJ7P6GGIbPxQD9g,Anyone else watching 2067?...,0,0,False,False,1782691200
Hwybp38GnZw,UgxBNGE9Hk61VUouBwd4AaABAg,root,@วิภาพรซังปาน-ซ4ฬ,UCC4FieGWh3d1VROkJpsqlWw,So amazing!!!!!!!🤩,0,0,False,False,1782691200
Hwybp38GnZw,UgzIV5r2t0AVvnTTX-54AaABAg,root,@khanhadis-e8o,UC0zECHflBeeZ1eIpDlURE1w,‏‪,1,0,False,False,1782691200
Hwybp38GnZw,Ugw7QZhsMs_qEcyzdPx4AaABAg,root,@KimberlyVargas-ze3xw,UC8Qd08HXf9_po0Bgn9nWdyA,Yes,1,0,False,False,1782691200
Hwybp38GnZw,UgwqLK6e9ebg9kgCKWR4AaABAg,root,@abyanyusril,UCj5SwW7V7jfQeP390Wv7yIQ,Mrbeast Saira Banu,1,0,False,False,1782691200
Hwybp38GnZw,Ugwy0AgXS0BkRLpJ0gx4AaABAg,root,@abyanyusril,UCj5SwW7V7jfQeP390Wv7yIQ,Mrbeast Saira Banu,1,0,False,False,1782691200
Hwybp38GnZw,UgyLXxxdZh3RvTMFhwl4AaABAg,root,@doguinha20,UCp3UJ7FTAHka0KAMYUuX67A,Eu já comprei o chocolate do mr beast ❤😊é uma delicia ❤,2,0,False,False,1782691200
Hwybp38GnZw,UgwrFLDbY04cgdCGoKN4AaABAg,root,@raone-j7k,UCGBzDZamI7XOcg2Hs2LLLvA,Bro laugh like dolphin 13:5,0,0,False,False,1782691200
Hwybp38GnZw,UgxDo_7Cf-PEYRqOZmN4AaABAg,root,@SitiPatonah-vz2jn,UClEBlQfO-ZjV2Qq0cO7JJ1A,I want to buy feastables,0,0,False,False,1782691200
Hwybp38GnZw,UgyKp6ub9kR6GXVMuJJ4AaABAg,root,@im.papu.s,UCnyYyqclGocAPMjm3ym9Xew,Please mr beast sir please one chance to meet you please 🙏🥺🥺🥺🥺,0,0,False,False,1782691200
0e3GPea1Tyg,UgzH8vliQSJKHQMGZjx4AaABAg,root,@MrBeast,UCX6OQ3DkcsbYNE6H8uQQuVA,"Like I said in the video, subscribe if you haven’t already and you could win $10,000!",1100000,18,False,True,1658275200
0e3GPea1Tyg,UgzH8vliQSJKHQMGZjx4AaABAg.9V8_MXpsbSv9v_bpWFY4Sx,UgzH8vliQSJKHQMGZjx4AaABAg,@GuesterStudios,UC_fkBIvMhcu380rFbQjSIFw,J,25,0,False,False,1721433600
0e3GPea1Tyg,UgzH8vliQSJKHQMGZjx4AaABAg.9V8_MXpsbSv9w_v8aoJ1Hs,UgzH8vliQSJKHQMGZjx4AaABAg,@LukeNguyenCameramantitan,UCzfo_yKf0iMCxkvsgQJWkSg,Yes,16,0,False,False,1721433600
0e3GPea1Tyg,UgzH8vliQSJKHQMGZjx4AaABAg.9V8_MXpsbSv9v_booHicAt,UgzH8vliQSJKHQMGZjx4AaABAg,@GuesterStudios,UC_fkBIvMhcu380rFbQjSIFw,One of the comments,13,0,False,False,1721433600
0e3GPea1Tyg,UgzH8vliQSJKHQMGZjx4AaABAg.9V8_MXpsbSv9zV4FnXMzgp,UgzH8vliQSJKHQMGZjx4AaABAg,@robertocarlospoiconmoran7858,UCrYVty22cEZO_XDKwJohg_A,Ya me suscribí ❤❤❤❤,8,0,False,False,1721433600
0e3GPea1Tyg,UgzH8vliQSJKHQMGZjx4AaABAg.9V8_MXpsbSv9zwPS0DVTg8,UgzH8vliQSJKHQMGZjx4AaABAg,@Argumentto,UCuLxPXJf2lDE3HeaB_sJAQw,We’d,6,0,False,False,1721433600
0e3GPea1Tyg,UgzH8vliQSJKHQMGZjx4AaABAg.9V8_MXpsbSv9V8_NOFPBTj,UgzH8vliQSJKHQMGZjx4AaABAg,@streamingksivsalexwassabi4190,UCiJK1Kiew3sZJopYQT0lYkw,"Who else loves Mrbeast?

👇",39000,4,False,False,1658275200
0e3GPea1Tyg,UgzH8vliQSJKHQMGZjx4AaABAg.9V8_MXpsbSvA-2vMyXDZrO,UgzH8vliQSJKHQMGZjx4AaABAg.9V8_MXpsbSv9V8_NOFPBTj,@CentoRae,UCokqOswlrQimz5drnmnq6Qg, @streamingksivsalexwassabi4190 meeeeee,2,0,False,False,1721433600
0e3GPea1Tyg,UgzH8vliQSJKHQMGZjx4AaABAg.9V8_MXpsbSvA-8ztM7iyg5,UgzH8vliQSJKHQMGZjx4AaABAg.9V8_MXpsbSv9V8_NOFPBTj,@さかな-g5s,UCSFHb-Rs4_iDDUjQOBdX0Dw,😢​ @streamingksivsalexwassabi4190 ,2,0,False,False,1721433600
0e3GPea1Tyg,UgzH8vliQSJKHQMGZjx4AaABAg.9V8_MXpsbSvA-LVYlAzPh_,UgzH8vliQSJKHQMGZjx4AaABAg.9V8_MXpsbSv9V8_NOFPBTj,@АйданаМагомедова,UC8RCzqzzFsZ9CWAdXzdFpUw,😂😂😂😂​ @streamingksivsalexwassabi4190 ,1,0,False,False,1721433600
0e3GPea1Tyg,UgzH8vliQSJKHQMGZjx4AaABAg.9V8_MXpsbSvA7uPz2k33ms,UgzH8vliQSJKHQMGZjx4AaABAg.9V8_MXpsbSv9V8_NOFPBTj,@RoyWhite-fk6ol,UCgBrCgTJto0ZLkCF1kuJhWw,me,50,0,False,False,1752969600
0e3GPea1Tyg,UgzH8vliQSJKHQMGZjx4AaABAg.9V8_MXpsbSv9V8_NNseQDx,UgzH8vliQSJKHQMGZjx4AaABAg,@shrek3578,UCiWbrP2p8J-TnXCpJW5he-A,shrek,26000,3,False,False,1658275200
0e3GPea1Tyg,UgzH8vliQSJKHQMGZjx4AaABAg.9V8_MXpsbSv9rXdq1hhE-D,UgzH8vliQSJKHQMGZjx4AaABAg.9V8_MXpsbSv9V8_NNseQDx,@ИринаБабкина-ъ4в,UCmt-mGfRV_lR9kJ8piKLB6w,​ @shrek3578 плумцьд🎉,35,0,False,False,1689811200
0e3GPea1Tyg,UgzH8vliQSJKHQMGZjx4AaABAg.9V8_MXpsbSv9vUMIR87QNL,UgzH8vliQSJKHQMGZjx4AaABAg.9V8_MXpsbSv9V8_NNseQDx,@mi-so-0115,UC1N7qMyVDmoYUkZp8ol6yeQ,유ㅠㅠㅠㅠ,25,0,False,False,1721433600
0e3GPea1Tyg,UgzH8vliQSJKHQMGZjx4AaABAg.9V8_MXpsbSvA1oTNznFsyv,UgzH8vliQSJKHQMGZjx4AaABAg.9V8_MXpsbSv9V8_NNseQDx,@NoreenZai,UCuvHB2wcKXc3oByYqVV5eMA,Mr beast are you Evil 😢😢😢😢,29,0,False,False,1721433600
0e3GPea1Tyg,UgzH8vliQSJKHQMGZjx4AaABAg.9V8_MXpsbSvABmN2xl40Z2,UgzH8vliQSJKHQMGZjx4AaABAg,@YeonmiKim-pp7vt,UC-OqGdfMg0RYvbDuCSCez6A,我还知道C罗。我是你的超级粉丝。,5,0,False,False,1752969600
0e3GPea1Tyg,UgzH8vliQSJKHQMGZjx4AaABAg.9V8_MXpsbSv9V8_OH3t8p1,UgzH8vliQSJKHQMGZjx4AaABAg,@tdm_heyzeus,UCldYJTgvem2HsldRkZzjlOA,Aight,28,0,False,False,1658275200
0e3GPea1Tyg,UgzH8vliQSJKHQMGZjx4AaABAg.9V8_MXpsbSv9V8_PcW-XIy,UgzH8vliQSJKHQMGZjx4AaABAg,@enderrightts19,UCv8MV-cuiN2uWxh5SMwxUVA,Aye,27,0,False,False,1658275200
0e3GPea1Tyg,UgzH8vliQSJKHQMGZjx4AaABAg.9V8_MXpsbSv9V8_ORepXm1,UgzH8vliQSJKHQMGZjx4AaABAg,@nikolaskous712,UC0rOPP1HA3p5n1T78WFop4Q,Hi,26,0,False,False,1658275200
0e3GPea1Tyg,UgzH8vliQSJKHQMGZjx4AaABAg.9V8_MXpsbSv9V8_O4hUQ3h,UgzH8vliQSJKHQMGZjx4AaABAg,@Gladiator18X,UCsr2x03w0uhDWL2v-weJFdA,😎,48,0,False,False,1658275200
0e3GPea1Tyg,UgzH8vliQSJKHQMGZjx4AaABAg.9V8_MXpsbSv9V8_PD90RXj,UgzH8vliQSJKHQMGZjx4AaABAg,@user-mu5sl4vh7m,UC44ez5FDQz8RtuWjHQ6ETAQ,Let’s go!,3,0,False,False,1658275200
0e3GPea1Tyg,UgzH8vliQSJKHQMGZjx4AaABAg.9V8_MXpsbSv9V8_PEkeyYj,UgzH8vliQSJKHQMGZjx4AaABAg,@pranjalkumar8721,UC_eNXs-qCDtxOEQnyNRFmUg,atb,3,0,False,False,1658275200
0e3GPea1Tyg,UgzH8vliQSJKHQMGZjx4AaABAg.9V8_MXpsbSv9V8_PE5gLVD,UgzH8vliQSJKHQMGZjx4AaABAg,@ignitedvoid,UC0RNzd9-3CXdSK_0qjYpcrw,Let’s gooo,3,0,False,False,1658275200
0e3GPea1Tyg,UgzH8vliQSJKHQMGZjx4AaABAg.9V8_MXpsbSv9V8_PEPyBCz,UgzH8vliQSJKHQMGZjx4AaABAg,@cliffordthebigreddogo,UCDZpPLpWPxaEfv2teGnXicw,Wow k,3,0,False,False,1658275200
0e3GPea1Tyg,UgzH8vliQSJKHQMGZjx4AaABAg.9V8_MXpsbSv9V8_PJjoNhz,UgzH8vliQSJKHQMGZjx4AaABAg,@spookbug167,UCiZpP3p3yWvwlLH1tkxFUgA,NiggaBalls,3,0,False,False,1658275200
0e3GPea1Tyg,UgzH8vliQSJKHQMGZjx4AaABAg.9V8_MXpsbSv9V8_PQsBm6m,UgzH8vliQSJKHQMGZjx4AaABAg,@BatOnFire,UCgjnrWxTyJ1IqWFnT5uYn8g,It’s about time lol,3,0,False,False,1658275200
0e3GPea1Tyg,UgyAtvhFVjSTDa9Me9p4AaABAg,root,@BrikiKnows,UCH1ohyj9Qf01uBmhtZoW-hw,Hello Mr.beast reply to 6_7,0,0,False,False,1784470560
0e3GPea1Tyg,UgxN464y3UG80BJd4ZV4AaABAg,root,@m0sbıey,UCsO8Unw4vKS8XmoKr7XbbNQ,Love mrbest,0,0,False,False,1784470380
0e3GPea1Tyg,UgyRUqY22Y3-PuXrbSt4AaABAg,root,@ChinkySaini-e8m,UC9VUYYQbHep81VclpjS0I8A,67 67 67,0,0,False,False,1784470020
0e3GPea1Tyg,UgywWMtYPIymfikssil4AaABAg,root,@NiceGamingTV,UCiZ8SmkYaaviSzX1E8hWfkg,Squid game in real life 😮So crazy MrBeast u are the best u do such crazy things and btw W channel 😂🎉,1,0,False,False,1784466000
0e3GPea1Tyg,UgzKYLnuwwU1UGEsQs14AaABAg,root,@СашаНовикова-п3с,UC6bXgSv2W-EwcONEyCI0I7Q,Let's collaborate with Dima Maslennikov,0,0,False,False,1784466000
0e3GPea1Tyg,UgyI8k6Ev0zd788uvth4AaABAg,root,@GURDAAN_X,UC_hEbbiU2qKe-dTkNi8z5EQ,I am newest mr beast comment 😮,1,0,False,False,1784466000
0e3GPea1Tyg,UgwblyA8_k78JnYGG1F4AaABAg,root,@KickWit-45g,UCZxvLOrspo8eiNntJgSCLxA,I upload roblox,2,0,False,False,1784466000
0e3GPea1Tyg,UgxY4jJKs12oDwvTw3R4AaABAg,root,@KickWit-45g,UCZxvLOrspo8eiNntJgSCLxA,I am a new content creator,2,0,False,False,1784466000
0e3GPea1Tyg,UgzZ_dYO3P0QLZkkrHh4AaABAg,root,@KickWit-45g,UCZxvLOrspo8eiNntJgSCLxA,I am a new content creator,1,0,False,False,1784466000
0e3GPea1Tyg,UgzGcSvfrkBUmdJ2Qx14AaABAg,root,@nandinivarshney-n5j,UCI3gDglrz6bc_KvfmizmSqw,Who is after portugal 🇵🇹 vs Spain 🇪🇸 😢😢.......,2,0,False,False,1784462400
0e3GPea1Tyg,Ugyq3BZags07EIaqovx4AaABAg,root,@Daan67noob,UCA5OmJXC7Dl89ywycZI0VBg,@Daan68noob,2,0,False,False,1784462400
0e3GPea1Tyg,Ugw11sTwVE3rpFFAqnR4AaABAg,root,@Covenant-w9w,UCEcgoUHH67hsimEiQTwBFVQ,067😭✌️🥀,1,0,False,False,1784462400
0e3GPea1Tyg,Ugx2fJNuKRt-c2SqdPZ4AaABAg,root,@novagamer06,UCV_qJqoD_tQuE1KrVg1Z0kg,The cameraman never dies💀☠️☠️😂,1,0,False,False,1784458800
0e3GPea1Tyg,UgwIBKB3BEJzx3r5dvZ4AaABAg,root,@dulalmolla7359,UCjYBirnKK5Eramyj8iPo25Q,🎉🎉,1,0,False,False,1784451600
0e3GPea1Tyg,UgxGZZ9YhSiEsk6mmql4AaABAg,root,@徐玉林-t3m,UCEDw6f7ZxgDPbLfvtDkp4zw,為什麽4年前會有067這個梗,1,0,False,False,1784451600
0e3GPea1Tyg,Ugy8uGlTNfsepLGCpV54AaABAg,root,@MrMasterPiecesWill,UC6fmh2FnyurlzNVUN_9iufQ,Im gonna be the last mr beast comment on this video,1,0,False,False,1784448000
0e3GPea1Tyg,UgzxpRciG2Aw38eEVox4AaABAg,root,@Najrin056,UCD9tJnCDk3i4_MeIIyApZ9w,😢,0,0,False,False,1784448000
0e3GPea1Tyg,UgzWfo4aIVtiknigzc14AaABAg,root,@nuwayersoud9776,UCyIHfQ8Y_WKjSfFXJ-zho4A,I subscribed,0,0,False,False,1784448000
0e3GPea1Tyg,UgwQbzhET4M0x_X3sAd4AaABAg,root,@ranagulfam12,UCWXkqH0AwWJPXMBuqPDzpnA,I will see this comment in 2030 that how many likes i got ❤,0,0,False,False,1784444400
0e3GPea1Tyg,UgycD5X6o6JNuIwqlnR4AaABAg,root,@Goonrocketedits,UCpSTtWsCks9RjXSdx9fScug,Almost 1 billion views,0,0,False,False,1784444400
0e3GPea1Tyg,Ugy-hwQSh81VTmE-5rJ4AaABAg,root,@giangpham2652,UCPGYBE07XGCPmk6eXcmHf9A,Hello Mrbeast 😊,0,0,False,False,1784437200
0e3GPea1Tyg,UgxALRkbP5mhnKz4st14AaABAg,root,@MrVatiza021,UClNpSMLxygDNFyOLcboND6A,Thank you GoPro for supplying us with cameras to get some of these shots. You can get them here:,0,0,False,False,1784430000
0e3GPea1Tyg,Ugyola_QpFSgvhVKZzN4AaABAg,root,@RameshYadav-u9v3p,UCzNDr4sSSeFMIpGXAMgmUrg,❤❤❤❤❤❤❤❤❤❤,0,0,False,False,1784430000
0e3GPea1Tyg,UgxeXop2w0JiVovTZAJ4AaABAg,root,@TeamAngie-q5f,UCPBNY6edb3CF0y8-ZS_ogEw,Casi un billón de visitas 😳,0,0,False,False,1784426400
0e3GPea1Tyg,Ugy_QEKSL1fFlPMelFl4AaABAg,root,@ThushariDisanayaka-v6s,UCM8Rv_Ip2-kHXonj49wXG2w,Supiry❤❤❤❤🎉🎉,0,0,False,False,1784426400
0e3GPea1Tyg,Ugxyc7FV9FszVQd_r6l4AaABAg,root,@ZaiahBands,UC-I9sKgrNMUnpFuFTb2ACKA,6:20 He accidentally predicted a meme (He said six seven not sixty-seven like you should),0,0,False,False,1784426400
0e3GPea1Tyg,Ugx0ZGitoXsr5epVgXd4AaABAg,root,@Cyphertobi,UCWK2Fk60fD1VwauIYMNwuKQ,24:11,0,0,False,False,1784426400
0e3GPea1Tyg,UgzxUONyAAw-eRzq18R4AaABAg,root,@emilywiggins1605,UCdRLpNBjccq9cgkiC0V3kMQ,Really Jimmy you had to pick nine and 11,0,0,False,False,1784422800
0e3GPea1Tyg,Ugz25b_Mhzv9xJ56Eqt4AaABAg,root,@Mariamumer2058,UCY1_LvMNkdp-LRizag3F-0w,Mr beast  I am your big fan❤❤❤,1,0,False,False,1784419200
0e3GPea1Tyg,Ugx-xwGvxh_Jq2xeukZ4AaABAg,root,@GaliazenaidaMamanicondori,UCtkF_ge9VQHok_M_W5qJ4WA,Y también me vas a decir cómo se llama el juego,0,0,False,False,1784419200
0e3GPea1Tyg,UgzHQ-lonpllGy73wKd4AaABAg,root,@GaliazenaidaMamanicondori,UCtkF_ge9VQHok_M_W5qJ4WA,Mr Bean me has suscrito me vas a regalar los $10000,0,0,False,False,1784419200
0e3GPea1Tyg,Ugwju_Bc1GYBci1bISJ4AaABAg,root,@GaliazenaidaMamanicondori,UCtkF_ge9VQHok_M_W5qJ4WA,Me vas a dar $10000 millonario,0,0,False,False,1784419200
0e3GPea1Tyg,UgziKJyXXZGvZg9pX0h4AaABAg,root,@GaliazenaidaMamanicondori,UCtkF_ge9VQHok_M_W5qJ4WA,Mr Bean en vivo en el barrio maguey,0,0,False,False,1784419200
0e3GPea1Tyg,UgwLsE427qxZzSprolF4AaABAg,root,@MiguelRios-w4c,UC_hHxQR6OYSqu6T5pbU9e2A,Con la muñeca,0,0,False,False,1784419200
0e3GPea1Tyg,Ugx5YqobEg859SQAJbR4AaABAg,root,@MiguelRios-w4c,UC_hHxQR6OYSqu6T5pbU9e2A,Solo digo no mates alos jugadores xon la muñeca y la galleta,0,0,False,False,1784419200
0e3GPea1Tyg,UgwxwJSdpls3TuEl3lB4AaABAg,root,@MarkAndry-g1y,UCQ04ZR10O66qNz9iP-rQs8Q,"☘Islam is the final religion revealed by God to guide humanity. It is the faith that God has chosen for all people until the end of time. God sent Prophet Muhammad (peace be upon him) as the last of all prophets and messengers, and no prophet will come after him.

The Holy Qur'an is the word of God, revealed to Prophet Muhammad (peace be upon him). It is the final divine scripture, preserved from alteration, guiding people to truth, righteousness, the worship of God alone, justice, mercy, and good moral character.

God says:

«“Muhammad is not the father of any of your men, but he is the Messenger of Allah and the Seal of the Prophets.” (Qur'an 33:40)»

And He also says:

«“Indeed, the religion in the sight of Allah is Islam.” (Qur'an 3:19)»",0,0,False,False,1784415600
0e3GPea1Tyg,UgxE1n0SbNCF-n8eNLV4AaABAg,root,@KingFabianMaldonado,UCFNaQy5cisDvnaEEnyzW68Q,"I’M THE NEXT JUSTIN BIEBER NEXT DRAKE NEXT MRBEAST NEXT ELON MUSK NEXT MICHAEL JACKSON | SOY EL SIGUIENTE JUSTIN BIEBER, EL SIGUIENTE DRAKE, EL SIGUIENTE MRBEAST, EL SIGUIENTE ELON MUSK, EL SIGUIENTE MICHAEL JACKSON",0,0,False,False,1784412000
0e3GPea1Tyg,UgxOZNjR8dwe0aDRf3p4AaABAg,root,@MMAKİLLMORTİS,UCQkdRpmrhnkJKol_NwBkqbg,Ama burada nede🇹🇷türkyok?😢,0,0,False,False,1784401200
0e3GPea1Tyg,UgxB8YMvUUfRnZoVvNh4AaABAg,root,@Savinnn-p1r,UCbuqwBiD9yk1rAuMGdESjtA,Anyone in July 2026?🎉♥️,1,0,False,False,1784397600
0e3GPea1Tyg,UgyDmxF74Ki4Dnlop9Z4AaABAg,root,@Savinnn-p1r,UCbuqwBiD9yk1rAuMGdESjtA,It's incredible that there's actually a 1B review coming soon.,1,0,False,False,1784397600
0e3GPea1Tyg,Ugzmt23l_Pxul3qjWfR4AaABAg,root,@fect-9A4,UChebTpKijkb8PYGoKvoR2sA,Rad dress bts v 😂😂😂😂😂😂😂,0,0,False,False,1784397600
0e3GPea1Tyg,Ugwl1cAEI0g4HrsiyJ94AaABAg,root,@Hellothere-v3t,UCdJqmogYG63xbrptVtTzGIw,"Who is here on July 18, 2026?❤😊",0,0,False,False,1784397600
0e3GPea1Tyg,UgyduVn7dUpH0z0OWVt4AaABAg,root,@Weluvlilyy,UCO8vCmr04N92l3DraTgV2DA,i love mr beast hes the best,0,0,False,False,1784394000
0e3GPea1Tyg,UgxbWezZlt-M4eJePV14AaABAg,root,@SritySrity-ee2wx,UCN03bkuNJveGG-5lgA2IDag,I need dollar,0,0,False,False,1784394000
0e3GPea1Tyg,UgzBjcsT9duVUy6jFVN4AaABAg,root,@Mahame-v9c,UC8GILeI6FML8qu9WQUM-LSw,Sri Lanka  10000$,0,0,False,False,1784419200
0e3GPea1Tyg,UgwlZUPLVlV3thU11t54AaABAg,root,@Mahame-v9c,UC8GILeI6FML8qu9WQUM-LSw,$10.000,0,0,False,False,1784419200
0e3GPea1Tyg,UgxeJMIyieoi5cQQA5F4AaABAg,root,@Mahame-v9c,UC8GILeI6FML8qu9WQUM-LSw,Hi,0,0,False,False,1784419200
0e3GPea1Tyg,UgwjuM1aFyp6-1dC-sh4AaABAg,root,@TomaselliJacques,UCwsDaZi6mVewfczRLVB6xNA,L the number two on glass bridge,1,0,False,False,1784419200
0e3GPea1Tyg,UgwXspMXkZMZ22uCBZV4AaABAg,root,@sorena-l2d,UCqjZWDnC4SgIlhsYiWELg6Q,در ایران دختر ها با پسر سیاها دوست میشن اینجا هم سیاهه برنده شد,0,0,False,False,1784419200
0e3GPea1Tyg,UgzYPaeR35guASHljH54AaABAg,root,@tinbach-p2v,UCr1cD1yQnhI5IR4NLvjXYLg,Chọn số 456,0,0,False,False,1784419200
0e3GPea1Tyg,UgxFSikkOUnH3DGam-V4AaABAg,root,@tinbach-p2v,UCr1cD1yQnhI5IR4NLvjXYLg,Chọn số 56,0,0,False,False,1784419200
0e3GPea1Tyg,UgyYbicPb_AepUSKayZ4AaABAg,root,@Tauhid_3jack,UCUt6wfWDu7QIluYRDPsX_Iw,❤❤❤❤❤❤❤❤❤❤❤❤❤❤❤❤❤❤❤❤❤❤❤❤❤❤❤❤❤❤❤❤❤❤❤❤❤❤❤❤❤❤❤❤❤❤❤❤❤❤❤❤❤❤❤❤❤❤❤❤❤❤❤❤❤❤❤❤❤❤❤❤❤❤❤❤❤❤❤❤❤❤❤❤❤❤❤❤❤❤❤❤❤❤❤❤❤❤❤❤❤❤❤❤❤❤❤❤❤❤❤❤❤❤❤❤❤❤❤❤❤❤❤❤❤❤❤❤❤❤❤❤❤❤❤❤❤❤❤❤❤❤❤❤❤❤❤❤❤❤❤❤❤❤❤❤❤❤❤❤❤❤❤❤❤❤❤❤❤❤❤❤❤❤❤❤❤❤❤❤❤❤❤❤❤❤❤❤❤❤❤❤❤❤❤❤❤❤❤❤❤❤❤❤❤❤❤❤❤❤❤❤❤❤❤❤❤❤❤❤❤❤❤❤❤❤❤❤❤❤❤❤❤❤❤❤❤❤❤❤❤❤❤❤❤❤❤❤❤❤❤❤❤❤❤❤❤❤❤❤❤❤❤❤❤❤❤❤❤❤❤❤❤❤❤❤❤❤❤❤❤❤❤❤❤❤❤❤❤❤❤❤❤❤❤❤❤❤❤❤❤❤❤❤❤❤❤❤❤❤❤❤❤❤❤❤❤❤❤❤❤❤❤❤❤❤❤❤❤❤❤❤❤❤❤❤❤❤❤❤❤❤❤❤❤❤❤❤❤❤❤❤❤❤❤❤❤❤❤❤❤❤❤❤❤❤❤❤❤❤❤❤❤❤❤❤❤❤❤❤❤❤❤❤❤❤❤❤❤❤❤❤❤❤❤❤❤❤❤❤❤❤❤❤❤❤❤❤❤❤❤❤❤❤❤❤❤❤❤❤❤❤❤❤❤❤❤❤❤❤❤❤❤❤❤❤❤❤❤❤❤❤❤❤❤❤❤❤❤❤❤❤❤❤❤❤❤❤❤❤❤❤❤❤❤❤❤❤❤❤❤❤❤❤आप बहोत अच्छा वीडियो बना ते हो❤❤❤❤❤❤❤,0,0,False,False,1784419200
0e3GPea1Tyg,UgxotrYhBAsAkmSKnOh4AaABAg,root,@GaneshMallangoudar,UCaodP8zOq3g8HIsVBACd_UA,A.0 B.O guess the number zero A OR B,0,0,False,False,1784419200
0e3GPea1Tyg,Ugw-nASljRkGzW6DJld4AaABAg,root,@Ahad-follo,UCHxc_29p42GcVicVHq3bQ5w,Mr. Beest. 500k. 😢😢😢😢,1,0,False,False,1784419200
0e3GPea1Tyg,UgybjTrE66eFuys1mCR4AaABAg,root,@BabA-l6i4f,UCSOidFvVwWPjxL-YwkgGTUw,My hero,0,0,False,False,1784419200
0e3GPea1Tyg,UgwqPMMuFY-LAQrgfYt4AaABAg,root,@AryaNgari-g5b,UCasxxMBeCnu7d5hbWP2MTJg,"You're welcome, give me $5,000. I follow you a lot. You're really great.❤",0,0,False,False,1784419200
0e3GPea1Tyg,UgwFpNAXgsQj_4oVwFd4AaABAg,root,@idolpulse-Ari,UCzc5C2v2Wi1bvN-4z6tmJbg,🥺🥺🥺🥺🥺🥺🥺 mr.beast please see my comments our famaly so much neded your help my little son he just 6 years old he just your biggest fan he every day full time see YouTube channels and only see your v.d.o and he every time preying meets mr.beast and your challenge and he very apset all this time.please jemmi my request one mother request for you only one time meets my son and you do hes wish please please please 🙏🙏🙏🙏🙏🙏🙏😭😭😭😭😭😭,0,0,False,False,1784419200
0e3GPea1Tyg,Ugw-EkFy6UFF0mKu0Kl4AaABAg,root,@tolenalahmd,UCcLTfW7eOUvoovKRNVOS21w,ارجوك يا مستر بيست ارجوك يا مستر بيست ارجوك يا مستر بيست ارجوك يا مستر بيست ارجوك يا مستر بيست ارجوك يا مستر بيست ارجوك يا مستر بيست جلمي يكون عنة بيت بيت انا من سوريا حماة,0,0,False,False,1784419200
0e3GPea1Tyg,UgyoGrBq_HDtT_GDuVd4AaABAg,root,@Zaxra_edits,UCdg-MMr1KM7Jo5iGAURp5QA,I will look at this comment in 2027 to see how many likes it got,12,0,False,False,1784419200
0e3GPea1Tyg,UgxhnJkawpZZudPHmZd4AaABAg,root,@ZlAMlNAkTER,UCwl9Jj7MGCjNGh_A4_nsrAw,"10,00k",0,0,False,False,1784419200
0e3GPea1Tyg,UgzyRWtfEPQChPqeU5N4AaABAg,root,@ZlAMlNAkTER,UCwl9Jj7MGCjNGh_A4_nsrAw,Hi,0,0,False,False,1784419200
0e3GPea1Tyg,UgyHUzH2UGraQeRwO2p4AaABAg,root,@Android_playz-m3d,UCzru25XmwlAHLb0ffcMTD7A,Right now its 941 million views,0,0,False,False,1784419200
0e3GPea1Tyg,UgxEk5RJ4fsHFiRgUn54AaABAg,root,@SportsChat123,UCx1J0qLD-Dx60WCvpJI9rKQ,The fact that 456 made it to the top 4 is actually insane!,0,0,False,False,1784419200
0e3GPea1Tyg,UgwHlAELzRGSA6zXcst4AaABAg,root,@SportsChat123,UCx1J0qLD-Dx60WCvpJI9rKQ,Great job mrbeast at perfecting all of the set pieces 🎉🎉🎉,0,0,False,False,1784419200
0e3GPea1Tyg,UgwmErK0mgm77nVbwcF4AaABAg,root,@SportsChat123,UCx1J0qLD-Dx60WCvpJI9rKQ,Coming back in 2030 to see how many likes this gets,0,0,False,False,1784419200
0e3GPea1Tyg,Ugzkh4Lcjar_FP04YwV4AaABAg,root,@XKURİX,UCr31wMuoMkLczWjxeJyeSAA,941m omg,0,0,False,False,1784419200
0e3GPea1Tyg,UgzCzJu0UEEIwxoEUTF4AaABAg,root,@김미영-r9t6c,UCUyMWRTiwkqtP_6jEHD0z9w,와,0,0,False,False,1784419200
0e3GPea1Tyg,Ugwb_bdOJN4T9Rh6f3h4AaABAg,root,@mridols,UCdimzqEDdWlnk9H51mdcjDg,TODAY GUYS ❤,0,0,False,False,1784419200
0e3GPea1Tyg,UgwwRvpzOj8_K7HgOMJ4AaABAg,root,@dhanuwa321,UC7iEcVHvqnswfY-HbiAXpew,Who will watch this video in 2026,1,0,False,False,1784419200
0e3GPea1Tyg,UgzTiNlzMzCE8GIzV3R4AaABAg,root,@ElijahOrozco2016RBLX,UCwv-KmlEZaekjV5Wzyh2ASQ,The Korean Language Lol🇰🇷,0,0,False,False,1784419200
0e3GPea1Tyg,UgxQZM5YBlGDa1Vj1bJ4AaABAg,root,@VikashYadav_501,UCotTw0yAFAKqmHmnpihUMpQ,❤❤❤❤,1,0,False,False,1784419200
0e3GPea1Tyg,UgxYTcoJbglpzlDAfRZ4AaABAg,root,@Aloysius222,UCZ8iScxiYMMq0VyvyCtB7sQ,0:00 EARLIEST TIME FOR THE TIMED COMMENT SECTION!!!!,8,0,False,False,1784419200
0e3GPea1Tyg,UgxKXVJ_1RrAakSDlwB4AaABAg,root,@Luke_x3,UCSpAYnbGYkBQJD6RaifbxHA,10:04 ✈️🏢🏢,1,0,False,False,1784419200
0e3GPea1Tyg,UgyByqzA_PGHGAhwQp54AaABAg,root,@princeKEIAN,UC3uJkNglYCVWIF6jnhmSDFA,900M views damn mr beast,1,0,False,False,1784419200
zxYjTTXc-J8,UgxW3T6O8EHhLh_KOCR4AaABAg,root,@MrBeast,UCX6OQ3DkcsbYNE6H8uQQuVA,Subscribe and you could be flown down for one of these challenges!,142000,25,False,True,1658275200
zxYjTTXc-J8,UgxW3T6O8EHhLh_KOCR4AaABAg.9RjRLRx-jVC9RjSC7lQjNj,UgxW3T6O8EHhLh_KOCR4AaABAg,@mehz3581,UCjdhSMiIgH3r0olh_j69oug,I've subscribe to ur channel and I'm a huge fan,23,0,False,False,1658275200
zxYjTTXc-J8,UgxW3T6O8EHhLh_KOCR4AaABAg.9RjRLRx-jVC9RjTVcG7SGf,UgxW3T6O8EHhLh_KOCR4AaABAg,@JChris143,UCmC0TtGAKYGJSry6aUxT6ag,I am a handicapped kid from Charlotte with soo many medical bills...Mr beast please change my life :*),9,0,False,False,1658275200
zxYjTTXc-J8,UgxW3T6O8EHhLh_KOCR4AaABAg.9RjRLRx-jVC9RjSwmt8D60,UgxW3T6O8EHhLh_KOCR4AaABAg,@oic3237,UCGzYchuHrvfIAAIp35N9-UA,Ok😁,7,0,False,False,1658275200
zxYjTTXc-J8,UgxW3T6O8EHhLh_KOCR4AaABAg.9RjRLRx-jVC9RjTEg9WnH6,UgxW3T6O8EHhLh_KOCR4AaABAg,@Iamthebestboi,UCeCSs0L6X1_Qhzzgwq9IUmw,hello,5,0,False,False,1658275200
zxYjTTXc-J8,UgxW3T6O8EHhLh_KOCR4AaABAg.9RjRLRx-jVC9RjTO9v5Ljt,UgxW3T6O8EHhLh_KOCR4AaABAg,@digistrike638,UC264H_gtdH86TNbvTCv_EPw,hello,5,0,False,False,1658275200
zxYjTTXc-J8,UgxW3T6O8EHhLh_KOCR4AaABAg.9RjRLRx-jVC9RjTSxv7a9m,UgxW3T6O8EHhLh_KOCR4AaABAg,@blazersthegamer4055,UCWBp2srdyou9Ud876CwnIQg,Woah I already subscribed ;),5,0,False,False,1658275200
zxYjTTXc-J8,UgxW3T6O8EHhLh_KOCR4AaABAg.9RjRLRx-jVCA0ZVHdLegD7,UgxW3T6O8EHhLh_KOCR4AaABAg,@shivamsingh99398,UClYKzhOvM0RLTDEaLfJpPEw,❤❤❤❤❤,5,0,False,False,1721433600
zxYjTTXc-J8,UgxW3T6O8EHhLh_KOCR4AaABAg.9RjRLRx-jVC9RjS6jgJOwl,UgxW3T6O8EHhLh_KOCR4AaABAg,@epic-fz2ii,UC5fDfwq7ugVMEVJwz8MemaA,Helllllloooo,29,0,False,False,1658275200
zxYjTTXc-J8,UgxW3T6O8EHhLh_KOCR4AaABAg.9RjRLRx-jVC9RjSUy2PdUy,UgxW3T6O8EHhLh_KOCR4AaABAg,@NightLoveStar,UC_USfudEwTcm7ISULxoWKOw,I already am subscribed tho,4,0,False,False,1658275200
zxYjTTXc-J8,UgxW3T6O8EHhLh_KOCR4AaABAg.9RjRLRx-jVC9RjSxG2CYeH,UgxW3T6O8EHhLh_KOCR4AaABAg,@hydrochloriccacid,UCkMA6G_QoqSW3qBukUS6nlw,i alr subbed,4,0,False,False,1658275200
zxYjTTXc-J8,UgxW3T6O8EHhLh_KOCR4AaABAg.9RjRLRx-jVC9RjRzEdgJUV,UgxW3T6O8EHhLh_KOCR4AaABAg,@CrookFedora,UCD6XS2geWZaLxd-7x_MLtfA,lol ia m early SUBSCRIBE!,3,0,False,False,1658275200
zxYjTTXc-J8,UgxW3T6O8EHhLh_KOCR4AaABAg.9RjRLRx-jVC9RjSxKgDpmB,UgxW3T6O8EHhLh_KOCR4AaABAg,@munif_al3nezi645,UCVnr93PSGr5TJgAcrNfm37A,I hope so,3,0,False,False,1658275200
zxYjTTXc-J8,UgxW3T6O8EHhLh_KOCR4AaABAg.9RjRLRx-jVC9RjRZKT2mjf,UgxW3T6O8EHhLh_KOCR4AaABAg,@benmcritchie8606,UCfOmpclC3kV4N-haHQNY3gg,Bet,47,0,False,False,1658275200
zxYjTTXc-J8,UgxW3T6O8EHhLh_KOCR4AaABAg.9RjRLRx-jVC9RjS-CHc4va,UgxW3T6O8EHhLh_KOCR4AaABAg,@CrookFedora,UCD6XS2geWZaLxd-7x_MLtfA,SPORTS,24,0,False,False,1658275200
zxYjTTXc-J8,UgxW3T6O8EHhLh_KOCR4AaABAg.9RjRLRx-jVC9S_pwywrozz,UgxW3T6O8EHhLh_KOCR4AaABAg,@imonstercure3037,UClvVj7bLDYEpf2kAKKT3uCQ,Ok(hopefully)🤞🏻😁🤞🏻😁,2,0,False,False,1658275200
zxYjTTXc-J8,UgxW3T6O8EHhLh_KOCR4AaABAg.9RjRLRx-jVC9RjRzPtnaVb,UgxW3T6O8EHhLh_KOCR4AaABAg,@matiascastrosundt1908,UCW6ziN8B5uv7aGzulZPxvag,si fuera de estados unidos iria a cazarte para que me pongas en uno de tus desafios pero soy chileno,41,0,False,False,1658275200
zxYjTTXc-J8,UgxW3T6O8EHhLh_KOCR4AaABAg.9RjRLRx-jVC9RjRs9GKMCF,UgxW3T6O8EHhLh_KOCR4AaABAg,@allmovies3603,UC-L4mcQR5oVIfrFpxnXDiiA,I love you MrBeast!,38,0,False,False,1658275200
zxYjTTXc-J8,UgxW3T6O8EHhLh_KOCR4AaABAg.9RjRLRx-jVC9RjS2T6Kopd,UgxW3T6O8EHhLh_KOCR4AaABAg,@keatonhollandsseezzzs1581,UClTDBWpHy_WRBWmTviLlTMg,You can be first if I’m second,37,0,False,False,1658275200
zxYjTTXc-J8,UgxW3T6O8EHhLh_KOCR4AaABAg.9RjRLRx-jVC9RjRmGx2Zil,UgxW3T6O8EHhLh_KOCR4AaABAg,@coldjovian9289,UC-X9zVG-kVGIDUmuj63kDGw,me please,19,0,False,False,1658275200
zxYjTTXc-J8,UgxW3T6O8EHhLh_KOCR4AaABAg.9RjRLRx-jVC9RjS9NloTGC,UgxW3T6O8EHhLh_KOCR4AaABAg,@stinkymemez9501,UCB3c8Od98AvbA7-hOMGuizA,Gg ez,1,0,False,False,1658275200
zxYjTTXc-J8,UgxW3T6O8EHhLh_KOCR4AaABAg.9RjRLRx-jVC9RjSPSvUWgU,UgxW3T6O8EHhLh_KOCR4AaABAg,@sudhanshu5838,UCMhEAYPwyMF03mPYPn1PUpw,Yes sir,1,0,False,False,1658275200
zxYjTTXc-J8,UgxW3T6O8EHhLh_KOCR4AaABAg.9RjRLRx-jVC9RjSQBUBcPu,UgxW3T6O8EHhLh_KOCR4AaABAg,@CrookFedora,UCD6XS2geWZaLxd-7x_MLtfA,wasdwa,1,0,False,False,1658275200
zxYjTTXc-J8,UgxW3T6O8EHhLh_KOCR4AaABAg.9RjRLRx-jVC9RjSQcfL1D8,UgxW3T6O8EHhLh_KOCR4AaABAg,@CrookFedora,UCD6XS2geWZaLxd-7x_MLtfA,XDDDD,1,0,False,False,1658275200
zxYjTTXc-J8,UgxW3T6O8EHhLh_KOCR4AaABAg.9RjRLRx-jVC9RjSQsgZo30,UgxW3T6O8EHhLh_KOCR4AaABAg,@jayonroblox8967,UCB9TaxlZl9hqnZ9k2AZfrkQ,Sup,1,0,False,False,1658275200
zxYjTTXc-J8,UgxW3T6O8EHhLh_KOCR4AaABAg.9RjRLRx-jVC9RjSUWL7vXN,UgxW3T6O8EHhLh_KOCR4AaABAg,@NotNitroX0,UC-kl8olAwcCXfHB6bk5DoUw,Doubt it,1,0,False,False,1658275200
zxYjTTXc-J8,UgzlatjqkQHIqdQTPUh4AaABAg,root,@sqendy6443,UCkUmNtiBHMifDdAOa5Pf8Bg,0:48 itu mackkkkkkkk,0,0,False,False,1784462400
zxYjTTXc-J8,UgynigR8yF-3o6QHkBN4AaABAg,root,@mr_bisto21,UCmw6dRD_VK4HxAJ5s5_tYYw,😂😂❤❤❤❤❤❤❤,0,0,False,False,1784458800
zxYjTTXc-J8,UgxMq0hPsO49vZnGnyh4AaABAg,root,@MdRokman-y6t,UC1mUqTGOhymFB-_AIPSkdpw,Hi Jimmy videotape Asheville 🇧🇩🇧🇩🥺,0,0,False,False,1784455200
zxYjTTXc-J8,Ugz_ZDf22hg9vAw8IaZ4AaABAg,root,@김남원-e2q,UCET44zC-gbtilNZQz1rjpvw,10.0001,0,0,False,False,1784440800
zxYjTTXc-J8,UgxAAFlBLTfgcLFtX-14AaABAg,root,@김남원-e2q,UCET44zC-gbtilNZQz1rjpvw,10.000,0,0,False,False,1784440800
zxYjTTXc-J8,Ugyvx41kjZOQuwh0Aqd4AaABAg,root,@김남원-e2q,UCET44zC-gbtilNZQz1rjpvw,😅,0,0,False,False,1784440800
zxYjTTXc-J8,UgwxRyi2CQSqvG6lm1t4AaABAg,root,@김남원-e2q,UCET44zC-gbtilNZQz1rjpvw,"10,1",0,0,False,False,1784440800
zxYjTTXc-J8,UgyR2PKzd8O7nlIvBNl4AaABAg,root,@SukhdeepSingh-mi2be,UCziG3jXRoN4eq651KbsymwQ,Jimmy bro plz help me,0,0,False,False,1784440800
zxYjTTXc-J8,UgwT3WJGUy8BsFciMtR4AaABAg,root,@damitours,UCqjOQ-EuHhKJX7OYgeljUbA,Quien del 2026,1,0,False,False,1784430000
zxYjTTXc-J8,Ugw714JYh0wenfzxhjZ4AaABAg,root,@MarkAndry-g1y,UCQ04ZR10O66qNz9iP-rQs8Q,"💚Islam is the final religion revealed by God to guide humanity. It is the faith that God has chosen for all people until the end of time. God sent Prophet Muhammad (peace be upon him) as the last of all prophets and messengers, and no prophet will come after him.

The Holy Qur'an is the word of God, revealed to Prophet Muhammad (peace be upon him). It is the final divine scripture, preserved from alteration, guiding people to truth, righteousness, the worship of God alone, justice, mercy, and good moral character.

God says:

«“Muhammad is not the father of any of your men, but he is the Messenger of Allah and the Seal of the Prophets.” (Qur'an 33:40)»

And He also says:

«“Indeed, the religion in the sight of Allah is Islam.” (Qur'an 3:19)»",0,0,False,False,1784415600
zxYjTTXc-J8,Ugye4_UoktZ5-JCHqwp4AaABAg,root,@Habib_GamingRoblox,UC_mtzhbtAfhXzHxB0W58nDw,hi mr beast,0,0,False,False,1784419200
zxYjTTXc-J8,UgwOcO_BLgTGXiXYbzh4AaABAg,root,@NadiaDola-s9k,UCn3mLxcS21-IY0BawWNTLzQ,Hay mister beast apna apna shop video Dekhi apna video khoob Bhalo Lage aapane Amar Ekta kothara Bank Kotha ta Holo Apne Apne ek din munshiganj urban rainbow learning school please please please please please please❤❤,0,0,False,False,1784419200
zxYjTTXc-J8,Ugzf-wQPG_XW3QrnznB4AaABAg,root,@the_purple.dinosaur,UCWhno5uWdYer-C_M4J9FGJg,Why did they removed the scene where a person get out of the circle for a beast burger?,0,0,False,False,1784419200
zxYjTTXc-J8,Ugy5WTgKnXXvOYhoMeR4AaABAg,root,@Tevasports,UCjogFPokbD4zV9WTV8HPyLQ,i love mrbeast,1,0,False,False,1784419200
zxYjTTXc-J8,UgwBU5IsAh1W_-aXho94AaABAg,root,@Axilles_Bs,UCQAXj2FQzgwxiyXsENaP57w,13:58 🤮🤮🤮,0,0,False,False,1784419200
zxYjTTXc-J8,Ugx0Syk-Pq_iPnUThLd4AaABAg,root,@suyashshukla6243,UCoJYuAwmJF-3_laDlY6tPBw,Where is part 2?,1,0,False,False,1784419200
zxYjTTXc-J8,UgxZsk-va6aZKadw8Wd4AaABAg,root,@revuno.roblox,UCAWzjBhW3M2sVEsHTN8RnJw,THIS GUY IS SO LUCKY,1,0,False,False,1784419200
zxYjTTXc-J8,UgzTd3ECUEM92t4cMl54AaABAg,root,@gatebuster8924,UC6nm6gTcPZ5XL07ze6ium2w,"It's fun watching and wish I was younger to do 1. Being 71, I only watch now ❤",0,0,False,False,1784419200
zxYjTTXc-J8,Ugwg2J9ytJ8wgns5ZnR4AaABAg,root,@Catsare_Myfavorite,UCogPLH7xr37sfyhJ-3m5_pw,"""Mmmrrrrrrrrrr BeAST 6000 OOoOoOOooOh"" amazing❤",0,0,False,False,1784419200
zxYjTTXc-J8,UgxVf-0KT38W_xYlBVd4AaABAg,root,@ShahJhan-l4c8x,UC4hy9Uy91DZrCda56IHBb4A,Best game,0,0,False,False,1784419200
zxYjTTXc-J8,UgzupFMelVkoxt-6F3Z4AaABAg,root,@FlubberBoi,UCfVkr3ESQodUPyTOD-s-ArA,I wanna be in a video,0,0,False,False,1784419200
zxYjTTXc-J8,Ugw3AS03W3if6O9CySh4AaABAg,root,@Avaart-x4j,UC6Lq-qFgrSZCZRko68E-ULQ,13:19 classy (full squad),0,0,False,False,1784419200
zxYjTTXc-J8,Ugyac_7xIPegORiJK-h4AaABAg,root,@luciomatroquelalucio3068,UCjKyHcolRJffXwlVWwB8Irg,"Meu nome é Carolina sou Angolana e gostaria muito de participar em um dos seus desafios 
Eu gostaria de ser a primeira angolana a participar do seu desafio e isso irá mudar a minha vida por completo eu já estou inscrita no canal e estarei a espera atentamente 
Sou grande fã a sério",0,0,False,False,1784419200
zxYjTTXc-J8,UgxHXxwMM_tZlrAG94R4AaABAg,root,@DehdoGbadyu,UCnWZAswjw73J-Fva-oEcb6Q,Moselyn.  $MrBeast. 101010 76$,1,0,False,False,1784419200
zxYjTTXc-J8,UgwRThRg2CIJ9n2bO0V4AaABAg,root,@Quackauniverse,UCleAE5h4sc1H2tU-VzAVgig,The warehouse with the grass reminds me of the house of our first day in Minecraft,0,0,False,False,1784419200
zxYjTTXc-J8,Ugyq_FioclgWc5Yy3oh4AaABAg,root,@Souhaibffffff,UCHQNeUvGLyrKDZC1UWywE1Q,‏‪15:56‬‏ ayse,1,0,False,False,1784419200
zxYjTTXc-J8,UgzpaFti3KVj6mZaKYt4AaABAg,root,@irwannursalam-w4j,UCUHAOqesKcSrYVRkXzSIMlg,"Jimy, I want to join or I want money @mrbeast",0,0,False,False,1784419200
zxYjTTXc-J8,UgzTTG-HagF0XK-FvBx4AaABAg,root,@samanthaphillis8506,UCKQBbSpfeFbpRD8ZpzhGD_w,Yes 👍👍👍👍😊😊😊😊😊😊😊😂😂,0,0,False,False,1784332800
zxYjTTXc-J8,UgzCl_EQH-yuu4eyAwJ4AaABAg,root,@lauratorresnevarez8575,UCJlw_JY9m-9Rk3KEk1QMF2Q,🐱🐱🐱,0,0,False,False,1784332800
zxYjTTXc-J8,Ugy39tbn__MZyIcWmD94AaABAg,root,@Snorlaxsquad_vr,UCjxWerv3SoXVoJlcDg0_q1g,8:40 yo is that akira from beast beast games!,0,0,False,False,1784332800
zxYjTTXc-J8,UgxdTmmrcLbtU4Sel1p4AaABAg,root,@AyyanAliAyyanAli-i9i,UCwsl4vnYLjIP0oUuQRvDyCQ,Video mein Kitna Paisa Laga,0,0,False,False,1784332800
zxYjTTXc-J8,UgxpwoSkCch75IcCHm94AaABAg,root,@kideditvid,UCdfqowepH9rzC-ztNEWbTMg,I just realized that classy in this video is the same classy in full squad,0,0,False,False,1784332800
zxYjTTXc-J8,UgzpFBqYPVdZ3NBzmG14AaABAg,root,@AliLangah-c6l,UCRAKqk-so3QbXaMa0-drfHw,Ap jhooth bolate ho humko Gulab I am Pakistani,0,0,False,False,1784332800
zxYjTTXc-J8,UgxZCbk6JmtMjeDYMpJ4AaABAg,root,@FerdoshiAkter-r3i,UCDDNrV1_44TQnku8grkN6HA,😊😊😊😊😊🤗🤗🤗🤗🤗🤗🤗🧑‍🦽🧑‍🦽🤲🤲🧑‍🦽🇧🇩🧡,0,0,False,False,1784332800
zxYjTTXc-J8,UgzALdqU_R9ddhECuIJ4AaABAg,root,@LalitaSahu-t3i,UCFlrYiyWdUyELPwzfynRNXg,Mai to India me hai,0,0,False,False,1784246400
zxYjTTXc-J8,UgzQ_NVAsgvEiIojCh54AaABAg,root,@naraashi-81,UC9SIIw4FRfnPkr-HWv7njBw,8:20 airrack was chopped,0,0,False,False,1784246400
zxYjTTXc-J8,UgyrJYrfxs0arzbRHNx4AaABAg,root,@기은지-x6d,UCJ21-Qjb1BcXm5ySzbPP5-A,❤❤❤❤❤❤❤❤❤❤,0,0,False,False,1784246400
zxYjTTXc-J8,UgwJkJF_e509GIBccAx4AaABAg,root,@IffatChanna,UCJY5zFm49vv5MmRkmwZws5Q,amazing circle game very enjoyed,0,0,False,False,1784246400
zxYjTTXc-J8,UgwabtEYda3Ik5axKyp4AaABAg,root,@LouinLendon,UCdExGE_9kp_v0QRmou6wgdA,Dh,0,0,False,False,1784246400
zxYjTTXc-J8,Ugyy9uRzJbVIMqe34lB4AaABAg,root,@LouinLendon,UCdExGE_9kp_v0QRmou6wgdA,6:03 majd?,0,0,False,False,1784246400
zxYjTTXc-J8,UgzLeAhESEpUSjWZwz54AaABAg,root,@ZRMPVLOGS,UCcLwKoHOZSZzwyvuSlYmuEg,Help,0,0,False,False,1784246400
zxYjTTXc-J8,Ugye60N90KEl4UohiGh4AaABAg,root,@ossylawrence1045,UCHEq6InXR7geu26-fJsbRsg,I Wish I could be in one of your challenges mrbeast😢😢❤❤(i subscribed),0,0,False,False,1784246400
zxYjTTXc-J8,UgyFOuqcOX3Mv0JWCuJ4AaABAg,root,@Ibi-edts,UCA90g7lgGAJlmzqikHRJqvg,i feel real bad for these people lol,0,0,False,False,1784246400
zxYjTTXc-J8,UgyrfSFOfo4UsabBCdR4AaABAg,root,@alteiracannick6946,UCnVSiu6SbIY6aZZGvxXmAQA,"So USA , so stupid and disturbing show style. 🤮🤑🤮🤑🤮🤑",0,0,False,False,1784246400
zxYjTTXc-J8,Ugwr2D18LC7DE-kenj54AaABAg,root,@ShodulIslam-w7n,UCsyH-1Ut-EBMZeBmQs9BBxA,আমি সব সময় এই ভিডিও দেখি অনেক ভালো লাগছে ❤❤❤❤❤❤🎉🎉🎉,0,0,False,False,1784246400
zxYjTTXc-J8,UgzqnB7JUJmGxf3fBS54AaABAg,root,@DailyPetFun-z5u,UCPfLVR8Z7srGlWTbNgI0Dww,I have registered and hope to receive the challenge soon.,0,0,False,False,1784160000
zxYjTTXc-J8,UgyUVT0IWbfkeiIjMRp4AaABAg,root,@canalallimite,UC2j072OJA3IA_AjG4K861Eg,"Hola soy de argentina y quiero participar en algún juego, como hago gracias !!🎉🎉❤😂😮😊",0,0,False,False,1784160000
zxYjTTXc-J8,UgzR7MIoZ32UCLo20Ix4AaABAg,root,@Juliette-u7e,UCCij_xU0c8i1eHAlFVYD-WQ,nolan is awesome yall pls be nicer 2 him,0,0,False,False,1784160000
zxYjTTXc-J8,Ugw-gWoVDVZxwPWxoKB4AaABAg,root,@mehraadmahyaad,UC2h2nVmikZ-kdAwDOOl5OLQ,😢I wish I could participate from Iran.,0,0,False,False,1784160000
zxYjTTXc-J8,UgxVc8iwa8t3CsghUZl4AaABAg,root,@ritiksingla2758,UCRKSLSWUoPGAeOmiiGgo7eQ,Where is second part . Plz help me,0,0,False,False,1784160000
zxYjTTXc-J8,UgyNjuSXPbs3kCmFrK54AaABAg,root,@WafflesFRandmore,UCmfBaapEjS9M7q6EOUI_EIg,The fact that some of them are YouTubers with over 1m subs now is crazy,0,0,False,False,1784160000
zxYjTTXc-J8,UgzoicasKzjsQxJ6z8R4AaABAg,root,@Jux_edit-x73,UCHZ6JeODdRGbqB8uxhNfisg,ไปนอนๆ,0,0,False,False,1784160000
zxYjTTXc-J8,Ugx1t0lKjC-lXmeUmaZ4AaABAg,root,@MadanSingh-jp6ob,UC4NOpqOIqbyDTnKg7Cx0YEw,Alone 2026❤🎉🎉,0,0,False,False,1784160000
zxYjTTXc-J8,UgyvSlusmOhNCB_ofjV4AaABAg,root,@Варя-ф1б2щ,UCodAP4RnalFJ5p42fpVPuYw,Как в роблоксе,0,0,False,False,1784073600
zxYjTTXc-J8,UgzqJ9yZtoJMjQQyNXV4AaABAg,root,@Özge-g4b,UCUQV1nCMB0FeN5oGF_gG_jA,🇹🇷,0,0,False,False,1784073600
zxYjTTXc-J8,UgxKt8Q398DJbJgI_I14AaABAg,root,@KarterJones-d4g,UCiDkmJQ_mGFgfPNbLzVf7vg,6:46 majd first appearance foreshadowing,0,0,False,False,1784073600
zxYjTTXc-J8,UgzzKC2J4omUQIWWjrp4AaABAg,root,@DavidAdesiyan,UC-naFOBPU149gxV6GQDI1ag,"Akira""assassin"" is also here",0,0,False,False,1784073600
zxYjTTXc-J8,UgziHlgXTWMdGtjZ6VR4AaABAg,root,@SalmaAkter-i1z2w,UCEs-yk8L3_isqzUQ0xavfDg,😂❤,0,0,False,False,1784073600
zxYjTTXc-J8,Ugx3FrH9eeDGniyRuj54AaABAg,root,@NexWorldx2.0,UCyys8bL-kRMDNwVYRUmI5Jg,Waaaaao,0,0,False,False,1784073600
zxYjTTXc-J8,UgzZ2gItWBXYSF-2ytJ4AaABAg,root,@Jonathan-z4g8h,UCeM8EPtYcLReMjk22Ysu3Iw,Jonathan 👋👍👍✌️,0,0,False,False,1784073600
zxYjTTXc-J8,UgxETQwOUdRMYIAZXOl4AaABAg,root,@Cool-v4q,UCng2Eb5CEXZEoCeND_34ULA,The one who stepped out first had a car😊,0,0,False,False,1784073600
zxYjTTXc-J8,UgxupcWbKwxVS5PRvRd4AaABAg,root,@Sam-z9c6e,UC7JxZIxAXr9HOH7kI5qKIOw,If you’re here in 2026 mage was in this vid,0,0,False,False,1784073600
zxYjTTXc-J8,UgxkFhk9JFBGSoYHBG54AaABAg,root,@lorenapizzani2637,UCRKPqA0ryQ_4UFcEVYipoqw,the man won,0,0,False,False,1784073600
zxYjTTXc-J8,UgzW3ar7oI5tQSFZDdR4AaABAg,root,@NahidaSultana-br5xq,UCf1j7f3D5h33YeGw_RkGL7Q,Ek million money dollar please 🙏,1,0,False,False,1784073600
zxYjTTXc-J8,UgwHqe1EGHRXoaiMMdN4AaABAg,root,@MoussaKourouma-l1b,UC_rlnaL_vMFxizTcQ20rs0w,S'il vous plaît je peux avoir une PS5 😢😢😅😊,0,0,False,False,1784073600
zxYjTTXc-J8,UgztY62FiVf-x9bKwz94AaABAg,root,@DanielKessler-b4m,UCNtevVIhVhcfBtthkV_eqUw,Can I compete please my family needs the money,0,0,False,False,1784073600
zxYjTTXc-J8,UgxJ9kWIjas8rQtS3LR4AaABAg,root,@JanDudek-o4b3n,UC0ypVeNG7XBY3tnne9otijw,K,0,0,False,False,1784073600
zxYjTTXc-J8,UgyciQTfcM8XygXqbDl4AaABAg,root,@JanDudek-o4b3n,UC0ypVeNG7XBY3tnne9otijw,Bro 500,0,0,False,False,1784073600
zxYjTTXc-J8,Ugx5Ud-LmnqAoJg-uMd4AaABAg,root,@OTC0000-x6d,UCWJak-S6VPBD2Bl_PwYGiVw,ANYONE IN 2026,0,0,False,False,1784073600
zxYjTTXc-J8,Ugw_1KeKVfVnapM0nWJ4AaABAg,root,@IbrahimKhan-o5n1g,UCyreCD6b3osLYqtYYcCL1GQ,Mrbeast aapko humne like Kiya hua hai aur subscribe Kiya hua hai❤❤❤❤❤❤🎉,0,0,False,False,1783987200
zxYjTTXc-J8,UgwlhwfMBb9BEYvLzgt4AaABAg,root,@IbrahimKhan-o5n1g,UCyreCD6b3osLYqtYYcCL1GQ,❤❤❤❤❤❤❤❤,0,0,False,False,1783987200
zxYjTTXc-J8,UgxfYJJL4ORgFO6gReR4AaABAg,root,@IbrahimKhan-o5n1g,UCyreCD6b3osLYqtYYcCL1GQ,❤❤❤,0,0,False,False,1783987200
zxYjTTXc-J8,UgyPf8qoKv24tY2f_T54AaABAg,root,@MihaelFable,UCTuXZaWcypf5JwX0pZGOL_w,4:03😂,0,0,False,False,1783987200
zxYjTTXc-J8,UgxYmCOYsjbWuTcwjwl4AaABAg,root,@captureman489,UCQ2jHp8Sr8jNly2CjZ_EoLg,He said last one to touch the red circle why not just jump on the white and run free,0,0,False,False,1783987200
fMfipiV_17o,UgzK2WWdCR4qJQ9nVSF4AaABAg,root,@MrBeast,UCX6OQ3DkcsbYNE6H8uQQuVA,"Great news! We now have a Spanish dubbed option for the video for our Spanish viewers. Just select audio track and you can switch between English and Spanish! Also, don’t forget to subscribe! You could win $10,000!",139000,14,False,True,1626739200
fMfipiV_17o,UgzK2WWdCR4qJQ9nVSF4AaABAg.9LyW6Nt_oGE9LyW9fGTZDV,UgzK2WWdCR4qJQ9nVSF4AaABAg,@Zachary.M,UCGWKmOvtRCOqVjRE3B_1kZw,My family are Colombian,51,0,False,False,1626739200
fMfipiV_17o,UgzK2WWdCR4qJQ9nVSF4AaABAg.9LyW6Nt_oGE9LyW7OiyVSk,UgzK2WWdCR4qJQ9nVSF4AaABAg,@rideforfreedom6308,UC3WFWdiH5ItdPeeuPzsc2zw,Hola to all the Spanish people out there!,7300,7,False,False,1626739200
fMfipiV_17o,UgzK2WWdCR4qJQ9nVSF4AaABAg.9LyW6Nt_oGE9LyWQ_YJ-Kn,UgzK2WWdCR4qJQ9nVSF4AaABAg.9LyW6Nt_oGE9LyW7OiyVSk,@Daniel-ih4hl,UCeq_JL7SdXZMYu_rGN7E5wQ, @rideforfreedom6308  hola bro,9,0,False,False,1626739200
fMfipiV_17o,UgzK2WWdCR4qJQ9nVSF4AaABAg.9LyW6Nt_oGE9TdhBvrdp89,UgzK2WWdCR4qJQ9nVSF4AaABAg.9LyW6Nt_oGE9LyW7OiyVSk,@yearith0,UCD3MjOOCbE1r-VkliDQrm2A, @rideforfreedom6308  hola qué tal xD,7,1,False,False,1658275200
fMfipiV_17o,UgzK2WWdCR4qJQ9nVSF4AaABAg.9LyW6Nt_oGEAY5fuFSbhJn,UgzK2WWdCR4qJQ9nVSF4AaABAg.9LyW6Nt_oGE9TdhBvrdp89,@AlvaroCorria,UCQLQeTkJWY2kmdsxtP7u9ng, @yearith0 hola xddxdx,0,0,False,False,1781913600
fMfipiV_17o,UgzK2WWdCR4qJQ9nVSF4AaABAg.9LyW6Nt_oGEA0LJHZUetVd,UgzK2WWdCR4qJQ9nVSF4AaABAg.9LyW6Nt_oGE9LyW7OiyVSk,@ahzusaworld4909,UC9LjnlLzWUpN9YP5AYW6WVg,What about the Arabic language?,5,0,False,False,1721433600
fMfipiV_17o,UgzK2WWdCR4qJQ9nVSF4AaABAg.9LyW6Nt_oGE9LyWI5iYSBD,UgzK2WWdCR4qJQ9nVSF4AaABAg.9LyW6Nt_oGE9LyW7OiyVSk,@ngvjgjihappinese5272,UCnkkK9IbdIWhcQY8vg_UHFw, @rideforfreedom6308  😏😂,0,0,False,False,1626739200
fMfipiV_17o,UgzK2WWdCR4qJQ9nVSF4AaABAg.9LyW6Nt_oGE9NKyHb1RRnN,UgzK2WWdCR4qJQ9nVSF4AaABAg.9LyW6Nt_oGE9LyW7OiyVSk,@frogue7181,UCs9kPQMkjh_bdtjvBEbDDmA, @rideforfreedom6308  holaaaa,0,0,False,False,1626739200
fMfipiV_17o,UgzK2WWdCR4qJQ9nVSF4AaABAg.9LyW6Nt_oGE9OcV6wQEG69,UgzK2WWdCR4qJQ9nVSF4AaABAg.9LyW6Nt_oGE9LyW7OiyVSk,@joseantoh,UCIMlwtjSB8mHE0MQttXV62w, @rideforfreedom6308  wena,0,0,False,False,1626739200
fMfipiV_17o,UgzK2WWdCR4qJQ9nVSF4AaABAg.9LyW6Nt_oGE9_NbcXrA_0H,UgzK2WWdCR4qJQ9nVSF4AaABAg.9LyW6Nt_oGE9LyW7OiyVSk,@manafygameplays5566,UCksGa8_IcjJUwTbb5vYb7rw," @rideforfreedom6308  hola bro,gracias por el saludo igual se lo mando a los que hablan inglés,Hi",0,0,False,False,1658275200
fMfipiV_17o,UgzK2WWdCR4qJQ9nVSF4AaABAg.9LyW6Nt_oGE9LyW7xCEdWP,UgzK2WWdCR4qJQ9nVSF4AaABAg,@vapordreams983,UCaSpgnX3zyyxYT8mao_97MQ,Spanish people are the coolest people on Earth. Seriously.,1800,3,False,False,1626739200
fMfipiV_17o,UgzK2WWdCR4qJQ9nVSF4AaABAg.9LyW6Nt_oGE9vjRdAs33nN,UgzK2WWdCR4qJQ9nVSF4AaABAg.9LyW6Nt_oGE9LyW7xCEdWP,@andrebertelli8914,UCLrCrzIWCY-d8isdvS9mSHQ,comcordo @vapordreams983 ,0,0,False,False,1721433600
fMfipiV_17o,UgzK2WWdCR4qJQ9nVSF4AaABAg.9LyW6Nt_oGEA-D1PWtvrHN,UgzK2WWdCR4qJQ9nVSF4AaABAg.9LyW6Nt_oGE9LyW7xCEdWP,@ElSantax6980,UCURAaJsjJLgVVsGre6VWetg,"⁠ @vapordreams983 No amigo, creeme",0,0,False,False,1721433600
fMfipiV_17o,UgzK2WWdCR4qJQ9nVSF4AaABAg.9LyW6Nt_oGEA6YAb__AvQ0,UgzK2WWdCR4qJQ9nVSF4AaABAg.9LyW6Nt_oGE9LyW7xCEdWP,@한모기술,UCJBKywtWWU6YCnIlijHe92Q,😊​ @vapordreams983 ,0,0,False,False,1752969600
fMfipiV_17o,UgzK2WWdCR4qJQ9nVSF4AaABAg.9LyW6Nt_oGE9LyW8BvoH9f,UgzK2WWdCR4qJQ9nVSF4AaABAg,@ForeverF1,UC4rb1tv1SDYSkb2aV-b028g,Hello there person who scrolled this far,534,0,False,False,1626739200
fMfipiV_17o,UgzK2WWdCR4qJQ9nVSF4AaABAg.9LyW6Nt_oGE9LyWBnJt9K8,UgzK2WWdCR4qJQ9nVSF4AaABAg,@duckmustard,UCw-Sv5LXjmDwFdWwSMbNhyA,What’s poppin,6,0,False,False,1626739200
fMfipiV_17o,UgzK2WWdCR4qJQ9nVSF4AaABAg.9LyW6Nt_oGE9LyWDfFcUj3,UgzK2WWdCR4qJQ9nVSF4AaABAg,@valentino7672,UCvKIjrXSwy-aTlnSAG3Ud1A,Thanks mrbeast,5,0,False,False,1626739200
fMfipiV_17o,UgzK2WWdCR4qJQ9nVSF4AaABAg.9LyW6Nt_oGE9LyWDF4Wklo,UgzK2WWdCR4qJQ9nVSF4AaABAg,@yaelc.mp4,UCbnUMkkWn_dZeiSH3bvxa_A,Eso es tan chido señor bestia,32,0,False,False,1626739200
fMfipiV_17o,UgzK2WWdCR4qJQ9nVSF4AaABAg.9LyW6Nt_oGE9LyWC9GgoQp,UgzK2WWdCR4qJQ9nVSF4AaABAg,@Galaxy-ke9mf,UCwW_W5_wy9yiqRo5qgt5jVg,Let's hope the snakes aren't venomous,4,0,False,False,1626739200
fMfipiV_17o,UgzK2WWdCR4qJQ9nVSF4AaABAg.9LyW6Nt_oGE9LyWCq6vXrr,UgzK2WWdCR4qJQ9nVSF4AaABAg,@thankyougodforgivingusmj9515,UCLPZtCeTT4D4sCTkTlN6d9A,Hola,4,0,False,False,1626739200
fMfipiV_17o,UgzK2WWdCR4qJQ9nVSF4AaABAg.9LyW6Nt_oGE9LyWCuqcLZj,UgzK2WWdCR4qJQ9nVSF4AaABAg,@Alex-bj7ot,UC-6cPoSeE0KnwCTZ4iHwsmQ,Woo,4,0,False,False,1626739200
fMfipiV_17o,UgzK2WWdCR4qJQ9nVSF4AaABAg.9LyW6Nt_oGE9LyWGlCXkvI,UgzK2WWdCR4qJQ9nVSF4AaABAg,@gamergirlzoey482,UCekj_rd1ea7C3R4pNG4Bk8A,OMG hi jimmy!!,4,0,False,False,1626739200
fMfipiV_17o,UgzK2WWdCR4qJQ9nVSF4AaABAg.9LyW6Nt_oGE9LyWRDB1v7-,UgzK2WWdCR4qJQ9nVSF4AaABAg,@zOchoCinco,UC4uSzDbQmLDSrKMlDdW-dNA,Mr beast I’ve been going Through a lot but ur videos makes me feel better lol,4,0,False,False,1626739200
fMfipiV_17o,UgzK2WWdCR4qJQ9nVSF4AaABAg.9LyW6Nt_oGE9M7uyPpKZRW,UgzK2WWdCR4qJQ9nVSF4AaABAg,@idk7737,UCeI_4J5srCHLhRCGpC6gWdQ,But what if ive been subscribed for long😕,4,0,False,False,1626739200
fMfipiV_17o,UgzK2WWdCR4qJQ9nVSF4AaABAg.9LyW6Nt_oGE9LyW8N9ddAL,UgzK2WWdCR4qJQ9nVSF4AaABAg,@Nieladriaensen,UCzHi2vyJeRNp9f9HhQULisQ,Love you mr beast🥰,142,0,False,False,1626739200
fMfipiV_17o,Ugxgj6rye6W06MJI12d4AaABAg,root,@mr_bisto21,UCmw6dRD_VK4HxAJ5s5_tYYw,من❤❤❤❤❤❤,0,0,False,False,1784462400
fMfipiV_17o,UgxIMXAo_Qi3UJp30GF4AaABAg,root,@AnasPLayzGammrs,UCvWcrhwXSGWFhkiEE0xS5CQ,😮😮❤❤,0,0,False,False,1784440800
fMfipiV_17o,Ugw-ThoQde0mpmjUCo54AaABAg,root,@kimberlycantu2034,UC6K10S0E0kLcIryOdKslTpg,MrBeast video ask MrBeast a pool pickles that my favorite,0,0,False,False,1784426400
fMfipiV_17o,UgwB6ldWkHDBef_fMWx4AaABAg,root,@Liaza-l3x9v,UCxILseQJi3gV9GLrwtdsxVg,I have following you but not getting anything . I am from Zimbabwe 🇿🇼,0,0,False,False,1784397600
fMfipiV_17o,UgzsFUghfo3yrVvL5Ml4AaABAg,root,@Liaza-l3x9v,UCxILseQJi3gV9GLrwtdsxVg,Can l get some money plz,0,0,False,False,1784397600
fMfipiV_17o,Ugz2BmUoUsAK6Qop09d4AaABAg,root,@SukhdeepSingh-mi2be,UCziG3jXRoN4eq651KbsymwQ,Jimmy bro plz contact me,0,0,False,False,1784397600
fMfipiV_17o,UgzZy1zXPGYuwDG0FCF4AaABAg,root,@ShobujIslam-d3o,UC2yZiKuQQAItaQJcK_SG9mg,I Bangladeshi i Rajmistri i help you,0,0,False,False,1784419200
fMfipiV_17o,Ugx4AZi1rjUpNjEUE8J4AaABAg,root,@BảoGia-x4h5w,UCC7QLvkwDfgHY62vWJXT6PA,a beats ơi làm gì mà giàu dị trời ơi,0,0,False,False,1784419200
fMfipiV_17o,Ugz6g4rPMwSSweywZ-x4AaABAg,root,@Aliasmaili1,UCiVVrJbwyEwjdp84ydaTYvA,مستربیست دمت گرم,0,0,False,False,1784419200
fMfipiV_17o,UgxnVvYmPRr8vBhR62h4AaABAg,root,@DivyaDivya-c4e5d,UC6Q-jmeosXXGRIIJyOKDWWg,Nana Nana,0,0,False,False,1784419200
fMfipiV_17o,UgwKcXrB5cFMU32DQRB4AaABAg,root,@AbdulKadar-r5h,UC4unaVE6RQFq6CJkiF6N4kQ,2,0,0,False,False,1784332800
fMfipiV_17o,Ugw0VTU9YAOUXbHfdsZ4AaABAg,root,@Nova_187-x4c,UCd7aPM94U7pMfC9v8DYi7hw,İ have fear of spiders💀💀,1,0,False,False,1784332800
fMfipiV_17o,UgwquCE_hY9OH6FkuGF4AaABAg,root,@MiniCar_Toys,UCPT639qI8DHPXYgWPa6NZUw,Bayyyy 😱😱😱😱,0,0,False,False,1784246400
fMfipiV_17o,UgxNH01VsGnyF8GK9NR4AaABAg,root,@ارشیا1389,UCK0pzTDePx9r2e1j-IzrZcA,ممنون که مردم رو خوشحال میکنی ❤🎉,0,0,False,False,1784246400
fMfipiV_17o,UgzUatRu7MfBYFnlUul4AaABAg,root,@thegoldenshit8565,UCmbxI4OkM5q4nHo7hleekyA,Sir can you please give me 10000 dollars I will repay you I am out of my money the debtor is threatening us and asking us to leave the house,0,0,False,False,1784246400
fMfipiV_17o,UgydAwH_O0Kq2NU_moB4AaABAg,root,@DixalBasnet,UCv50QH04Z7eFb-XKRSBLuEQ,i subscribed,0,0,False,False,1784160000
fMfipiV_17o,UgxutNwL1EgUOw1TNTN4AaABAg,root,@mr_puzzle-o5o,UCXNW8nT3u9V0bUThKuv8WYw,6:47 poor karl,0,0,False,False,1784073600
fMfipiV_17o,UgziKQkGJ9TgXrYlC8p4AaABAg,root,@wafazainab-n2h,UCG29huVKv28LOgyDD2ulDFA,"Manifesting never worked for me and I felt genuinely crap about it. Watched everyone else talk about it like it was second nature while I just sat there feeling broken. Took Vera Hart's archetype quiz purely out of desperation, honestly didn't expect anything. Matched me exactly. Like, uncomfortably exact. Didn't see that coming at all. If you've been beating yourself up over this too, just try it. Costs you two minutes. ❤️",0,0,False,False,1784073600
fMfipiV_17o,UgxZYmzg0nQg5yj0VnF4AaABAg,root,@Laika-k4n,UCBw8ijzqDxUDMDPj5S0AhfQ,"Manifesting honestly never made much sense to me, and after a while I started feeling like I was just bad at it. I took Vera Hart’s archetype quiz without expecting much, but the result was weirdly accurate. It actually helped me see what I’d been doing wrong. Just give it a try ❤️",0,0,False,False,1784073600
fMfipiV_17o,UgxwYWd2wwuo1R9czCZ4AaABAg,root,@Minecraft_sovets1804,UCN2ixMMPMGqXGbkCHGlhxxQ,Did Chenler win something?!,0,0,False,False,1784073600
fMfipiV_17o,UgweZOVSsvup6dJO5pB4AaABAg,root,@MarufHussein-h2c,UCM64MbG3y5sNy-yPUkIr3ow,🇧🇩🇧🇩🇧🇩😊😊,0,0,False,False,1784073600
fMfipiV_17o,Ugz7IlyFKj8o5VaKLgV4AaABAg,root,@MarufHussein-h2c,UCM64MbG3y5sNy-yPUkIr3ow,😮😮😮😮,0,0,False,False,1784073600
fMfipiV_17o,Ugxl8vkiULMaanwTmEN4AaABAg,root,@플레이대니,UCjYlk-S5H3JeBca-UQ8TXtQ,Ball python,0,0,False,False,1783987200
fMfipiV_17o,Ugww4J-IZF1YheFMJ0V4AaABAg,root,@davidngo2980,UC0LGSl1o9HuI-M3GcYSqpNw,Por animals,0,0,False,False,1783900800
fMfipiV_17o,UgxtVDF-V64sz83DFdx4AaABAg,root,@KadirCan-j3p,UCAGcsauYJI-ahKjTYPhKzZQ,Ben zaten abone olmuşum😊,0,0,False,False,1783900800
fMfipiV_17o,UgxouDet5ojoFEhkE0F4AaABAg,root,@MateoNuñez-r7u,UCdFXQ_f5h8hRqOZPelqoMcQ,Mr beast quiero un fistabots tu chocolate  yo nunca probé ni siquiera el original,0,0,False,False,1783900800
fMfipiV_17o,UgxRHsnHLCwTtCxgQsd4AaABAg,root,@OkeyMan-k3k,UCPB2N1XENwGn8KcoLz9Z95w,"Hi Mr. Beast, I really want a bike. Please come to Kyrgyzstan. I'm your subscriber.",0,0,False,False,1783814400
fMfipiV_17o,UgwCeeTFKobtkZXd2mJ4AaABAg,root,@Fmly-gyd04,UCdjXXTRdcHQvm14XM19uG_Q,"Je je suis une grande femme de toi, Beast❤❤❤❤❤",0,0,False,False,1783814400
fMfipiV_17o,UgxhQ90r39cU-MohAN54AaABAg,root,@D1turner2,UCGkcIZyEIA-wwQRUC3WMgFg,What is with jimmy and kias,0,0,False,False,1783814400
fMfipiV_17o,UgwA9ZIdnFA39JpIuot4AaABAg,root,@SUPERYOSHILOVER,UCNx-MuYvGtSv3MPFixnCYFQ,4:37 Chandler is like a cat because he’s afraid of PICKLES 🥒,1,0,False,False,1783814400
fMfipiV_17o,UgzJK5NnibfjRk6Gg0B4AaABAg,root,@KhloeYT2014NGarp,UCCxSsm_-VArLdUlRvuVm2dQ,Yes I would.,0,0,False,False,1783814400
fMfipiV_17o,UgzIujEvYfRlnt3YCgJ4AaABAg,root,@FinarCalista,UCQAlnxOPqaJUV1cf3mDbzyg,Saya udah tahu dari tadi yang tadi kotor itu Siapa yang warna-warni sana itu,0,0,False,False,1783728000
fMfipiV_17o,UgyhERXgpQPxaX26Sxt4AaABAg,root,@My-Ratel,UCPB4ZS8qsNcQ2_dcrKLqDJg,"저요 🎉🎉🎉
불러주세요",0,0,False,False,1783728000
fMfipiV_17o,UgyJNqXybenQJ2jJX2p4AaABAg,root,@Hearttouch-y7m,UCGZyRU-gfrLv6O6LMPN6fDA,I am new journey all dear friends🙏,1,0,False,False,1783728000
fMfipiV_17o,UgxqnQEMvT5FhzUM-mx4AaABAg,root,@dougan316,UCoDT8Cfl5e9d9XTS6GGLjhA,Noel is pretty buff nil,0,0,False,False,1783728000
fMfipiV_17o,Ugz4CP1SK9QWh1SI_Rh4AaABAg,root,@kaushalkhandelwal6578,UC5EnxBUoSAgAjA7gc7lB79w,"Now Mr beast officially gave money to:
Karls mam
Chandlers mom
Nolan mom
Chandeler sister
He love Karl mom
This is going in a wrong direction.",2,0,False,False,1783728000
fMfipiV_17o,UgwMCkcCA57UtKFxlhF4AaABAg,root,@QueencyNongsiej-ok1um,UCBboIrKYlIeBjwuNt65GVHg,I wish to get a chance to earn money from Mr Beast game,0,0,False,False,1783728000
fMfipiV_17o,UgxLfmGBZqXY3SozaI54AaABAg,root,@T.satheesSathees,UCYReJe_Jjk4C_IVjr2rAnZQ,❤❤❤,0,0,False,False,1783641600
fMfipiV_17o,Ugxbozj7l9WHdM4eZgx4AaABAg,root,@T.satheesSathees,UCYReJe_Jjk4C_IVjr2rAnZQ,❤❤❤,0,0,False,False,1783641600
fMfipiV_17o,UgyX5-JRNYk9d3Glopp4AaABAg,root,@T.satheesSathees,UCYReJe_Jjk4C_IVjr2rAnZQ,❤❤❤,0,0,False,False,1783641600
fMfipiV_17o,UgygK9EfGeAJrIlXrZF4AaABAg,root,@T.satheesSathees,UCYReJe_Jjk4C_IVjr2rAnZQ,❤❤❤,0,0,False,False,1783641600
fMfipiV_17o,UgyXYl6eDXb6diagf0R4AaABAg,root,@T.satheesSathees,UCYReJe_Jjk4C_IVjr2rAnZQ,❤❤❤,0,0,False,False,1783641600
fMfipiV_17o,Ugz_OfzlZJ8Zq9AxF454AaABAg,root,@T.satheesSathees,UCYReJe_Jjk4C_IVjr2rAnZQ,❤❤❤,0,0,False,False,1783641600
fMfipiV_17o,Ugyo86HV0iV1AZ8E0H14AaABAg,root,@T.satheesSathees,UCYReJe_Jjk4C_IVjr2rAnZQ,❤❤❤,0,0,False,False,1783641600
fMfipiV_17o,UgxX_lPNu0ZxrjwuVwN4AaABAg,root,@T.satheesSathees,UCYReJe_Jjk4C_IVjr2rAnZQ,❤❤❤,0,0,False,False,1783641600
fMfipiV_17o,Ugy8yy9h_8txSkXJEkV4AaABAg,root,@шутник_тв_1,UCgnVuuJyDXCPI5X7atFPmwQ,😮😮,0,0,False,False,1783641600
fMfipiV_17o,UgwY4C2HaRSBRBPsoPx4AaABAg,root,@T-Serias-7,UCPCJX_DPykDegNlQ5IJC-sA,Mew ghop ghop,0,0,False,False,1783641600
fMfipiV_17o,UgxmTQ4uTCrJ3jNy4tV4AaABAg,root,@anandofficial1519,UCwoKAfFObELmjrn_sxZy3wQ,I’m your old subscriber I want help from India Arunachal Pradesh,1,0,False,False,1783641600
fMfipiV_17o,UgyALvG2AEK5_D7YBlV4AaABAg,root,@MstMukta-c7k6g,UCo3_HGJBx4HofS5XACuKVKw,আমি বাংলাদেশ থেকে দেখছি আপনাকে অনেক ভালো লাগে আমার,0,0,False,False,1783641600
fMfipiV_17o,Ugy3e1LLRcUHCKHCovl4AaABAg,root,@logicalmallu,UCLywliccUaagzq3sGwXPtZQ,Enjoyed it man 💥💥😆,0,0,False,False,1783641600
fMfipiV_17o,UgxW0KctVrdd7UX2JAJ4AaABAg,root,@MariaMagallon-o7j,UCQjLl4Ym18KgyxWN1aUoGSg,0.45 that's the first time I heard carl cuss,0,0,False,False,1783555200
fMfipiV_17o,UgwAOPYZCnC83oBxpHx4AaABAg,root,@РивочидинАбдуллаев,UChK9p8OWju262mZzVjn8H6Q,0:09,0,0,False,False,1783555200
fMfipiV_17o,UgzkrowUI3Fzl1-ytml4AaABAg,root,@SesilSesillia-p9b,UCxsDm04zRrDb-akHfmwDMzw,Pickles,0,0,False,False,1783468800
fMfipiV_17o,UgwNOYFl3WrodgCiPAB4AaABAg,root,@CHANCe_ONyoutubee,UCDl-meA6-xv4gXdNfoip_1A,I SUBSCRIBE RN,0,0,False,False,1783468800
fMfipiV_17o,Ugz0aFRa4UbhzcGAo8N4AaABAg,root,@AlexLodemann,UCDEkiu_M-2Zva3da-gRLxmg,Good video,0,0,False,False,1783468800
fMfipiV_17o,UgxysQq-yxarGsvO2H54AaABAg,root,@azmipratama4555,UCpLRAHdZnseIT3nBPuDbqYw,"Poor Jeff, He Doesn't Expect What Are He Gonna Do",0,0,False,False,1783382400
fMfipiV_17o,Ugx1n45YT5sY7EjfwPV4AaABAg,root,@kassra-u6q,UCpLWSBcI22C4oRFqwqXKdnw,mr Bist❤من فالوت کردن و خیلی ویدیو هات بایک میکنم ولی هسچی بهم نرسیده😢,0,0,False,False,1783382400
fMfipiV_17o,UgyOUvmDflgyMmyfOxB4AaABAg,root,@vincenzad.,UCh7vk1cVHUfVPXgZRK0k5Hw,Il 3,0,0,False,False,1783382400
fMfipiV_17o,Ugy-zrxNdTOLKJzFI_N4AaABAg,root,@jpntgamer,UCBqa0BHQ7WRhPe7ZqvariNA,"I’m a huge fan of yours; my biggest dream is to visit the USA and take part in one of your games. I always watch your videos, though I never comment because I download them to watch offline due to a lack of internet access—but I really enjoy them. I’d also love to finish *Beast Games*.
Also, I don’t speak English very well, so I used a translator to write all this.",0,0,False,False,1783382400
fMfipiV_17o,UgwqOR6c_jrFhiMalst4AaABAg,root,@jpntgamer,UCBqa0BHQ7WRhPe7ZqvariNA,How can you stand being near those snakes? I'm terrified of snakes.,0,0,False,False,1783382400
fMfipiV_17o,UgzqkDzWlZrhVtUJyWh4AaABAg,root,@EduardoRamirez-f9m,UCRl-zLJj7kNgWYGtZfTWzBg,5:48,0,0,False,False,1783296000
fMfipiV_17o,Ugyc6g2niNGKbCfgNNJ4AaABAg,root,@EduardoRamirez-f9m,UCRl-zLJj7kNgWYGtZfTWzBg,4:39,0,0,False,False,1783296000
fMfipiV_17o,UgzVEfSGuW5BBImDO954AaABAg,root,@EduardoRamirez-f9m,UCRl-zLJj7kNgWYGtZfTWzBg,4:01,0,0,False,False,1783296000
fMfipiV_17o,UgwKD9p5TKYlgo8a16N4AaABAg,root,@xorif4205,UCXj53K0VF6whNEZ5GvwE3xg,Day 39 of requesting to be part of a Mr. Beast's video.,0,0,False,False,1783296000
fMfipiV_17o,Ugw0ygHYcfmMAQcBrDt4AaABAg,root,@Spideman-p8u,UC4HVDfnaXTNCs7D1GIGzmhQ,To be completely honest if I was Carl I really wouldn’t be that afraid cause there’s no way Mr beast put a rat with a sickness in there plus I actually think rats look like mouse just a little bigger and with a weird tail welp that’s just my opinion,0,0,False,False,1783296000
fMfipiV_17o,Ugzv0MM6AzQ7mo8AFbN4AaABAg,root,@BANGJHVLOG2,UCoi1ipRXDGXMpBsdaqm7DgA,Tantangan ngeri juga tidur di atas ular,0,0,False,False,1783296000
fMfipiV_17o,UgwsfwTZY13rDXPatfR4AaABAg,root,@Gatocoxita,UCiI-ncx8ZYcoOHPD5HnnYkA,"0:03 Honestly, I would sit down since I have a crazy passion for snakes.❤",2,0,False,False,1783296000
fMfipiV_17o,UgyulBp3hx4MkmDh1Ct4AaABAg,root,@ArdaYıldırım-v8r,UClVQvkxmCes-AKxADSbUz0g,Okey like,0,0,False,False,1783296000
fMfipiV_17o,UgxCirBurggp-DNi2lV4AaABAg,root,@AliDika-r7f,UCAIT2hUmvihwjxztqyNlxvg,please invite me to your video,0,0,False,False,1783296000
fMfipiV_17o,Ugx3ICu6567k_ib_9Bh4AaABAg,root,@CésarJoséRodríguez-l6o,UCCWOBTNVKitSKmv4yzK5YfQ,Te envíes puede ser uno de tus vídeos😢❤🎉,0,0,False,False,1783296000
fMfipiV_17o,Ugxqpv7I0LDysD_iI4R4AaABAg,root,@florangelpeguero9191,UCy3nKPpbT3NY_3ep2Hd-m9w,So funny😂,0,0,False,False,1783296000
fMfipiV_17o,UgxAqbBV20RK2vmbkRx4AaABAg,root,@jrteope6513,UCytL5Qip5DmZpFB1xKYxAqQ,"Instead of MrBeast, it’s Mr. Smart",0,0,False,False,1783296000
fMfipiV_17o,UgwSQ-6vKItGZF0eC754AaABAg,root,@rezahusseini7720,UCjbeuo4HK22lLDd2jmJ5uhg,منم بیام 😅😅😅,0,0,False,False,1783296000
fMfipiV_17o,UgxJ6_S-vAiB3cNE4154AaABAg,root,@purplemonke69,UCtRk5ijJqjuhvoKmTJIa_dw,13:07 I love how the ballon is weighted down with MONEY 💰,2,0,False,False,1783296000
9bqk6ZUsKyA,Ugyyuz4hNbmw0EE-jRV4AaABAg,root,@MrBeast,UCX6OQ3DkcsbYNE6H8uQQuVA,"Like I said in the video, subscribe if you haven’t already and you could win $10,000!",302000,25,False,True,1626739200
9bqk6ZUsKyA,Ugyyuz4hNbmw0EE-jRV4AaABAg.9LPi0au45cr9LPiWacK3HR,Ugyyuz4hNbmw0EE-jRV4AaABAg,@ahronsadventure780,UCGrAkTBfGbLfR3qUFb4C5Zg,Sup MrBeast!,28,0,False,False,1626739200
9bqk6ZUsKyA,Ugyyuz4hNbmw0EE-jRV4AaABAg.9LPi0au45cr9LPjHxYKkr9,Ugyyuz4hNbmw0EE-jRV4AaABAg,@markycooking4264,UC1jSlCPxrhC5ZI7gPiN6gWg,Hello mr beast..im from Philippines..can you help us.🥺😔,13,0,False,False,1626739200
9bqk6ZUsKyA,Ugyyuz4hNbmw0EE-jRV4AaABAg.9LPi0au45cr9LPiTS0m356,Ugyyuz4hNbmw0EE-jRV4AaABAg,@heldamorales,UC5iAkXpoS2GD-HI5sboZ4yw,😁,10,0,False,False,1626739200
9bqk6ZUsKyA,Ugyyuz4hNbmw0EE-jRV4AaABAg.9LPi0au45cr9LPiXLL8LNj,Ugyyuz4hNbmw0EE-jRV4AaABAg,@quackripe7496,UCJaRqJpSsK-1LWoLB_uKCjQ,Hey MrBeast!,10,0,False,False,1626739200
9bqk6ZUsKyA,Ugyyuz4hNbmw0EE-jRV4AaABAg.9LPi0au45cr9LPiZVIQRT4,Ugyyuz4hNbmw0EE-jRV4AaABAg,@4144_jud,UC6uzuXaPQrquDWo_NpuPPaQ,Yes sir,8,0,False,False,1626739200
9bqk6ZUsKyA,Ugyyuz4hNbmw0EE-jRV4AaABAg.9LPi0au45cr9LPjNT3uaRp,Ugyyuz4hNbmw0EE-jRV4AaABAg,@BeccaDiamondRose,UCAGfiuvSgcuZ49ulS8ktmxQ,🤞🏻is this international as well 🥺🥺🥺🥺,8,0,False,False,1626739200
9bqk6ZUsKyA,Ugyyuz4hNbmw0EE-jRV4AaABAg.9LPi0au45cr9LPiY0AUiot,Ugyyuz4hNbmw0EE-jRV4AaABAg,@brisketandsomeribs9706,UCBWOp9SD5MSI-l-Nf4nZakA,I was here for this historical moment,7,0,False,False,1626739200
9bqk6ZUsKyA,Ugyyuz4hNbmw0EE-jRV4AaABAg.9LPi0au45cr9OaYW2beCDB,Ugyyuz4hNbmw0EE-jRV4AaABAg,@masumawahab6201,UCrhQODr0bzNW0J1VuEW-Ehw,Yo,6,0,False,False,1626739200
9bqk6ZUsKyA,Ugyyuz4hNbmw0EE-jRV4AaABAg.9LPi0au45cr9LPj-JnNStd,Ugyyuz4hNbmw0EE-jRV4AaABAg,@AndreiAndrei-rt4po,UCa1jfcn9YSyl9wbuSYpBo1Q,Ok,5,0,False,False,1626739200
9bqk6ZUsKyA,Ugyyuz4hNbmw0EE-jRV4AaABAg.9LPi0au45cr9LPj4T7NfmF,Ugyyuz4hNbmw0EE-jRV4AaABAg,@gooddoggo305,UCYMmd6fSqCwrJT5oyBOI7Ag,Yes sir,3,0,False,False,1626739200
9bqk6ZUsKyA,Ugyyuz4hNbmw0EE-jRV4AaABAg.9LPi0au45cr9LPj8oQoOfO,Ugyyuz4hNbmw0EE-jRV4AaABAg,@anthonyperez2472,UCb-3IkD6YHGGwWngOphHP2Q,Hi,3,0,False,False,1626739200
9bqk6ZUsKyA,Ugyyuz4hNbmw0EE-jRV4AaABAg.9LPi0au45cr9LPj8pheWkj,Ugyyuz4hNbmw0EE-jRV4AaABAg,@maisiedyer4631,UCBsvUzF0eTkEJmD09_dZNGA,Hey,3,0,False,False,1626739200
9bqk6ZUsKyA,Ugyyuz4hNbmw0EE-jRV4AaABAg.9LPi0au45cr9LPj91jcAFM,Ugyyuz4hNbmw0EE-jRV4AaABAg,@Matthew-cf4uj,UCb_wTDtjlqaMdcF6gwLwL7Q,Me please,3,0,False,False,1626739200
9bqk6ZUsKyA,Ugyyuz4hNbmw0EE-jRV4AaABAg.9LPi0au45cr9LPjAi00r49,Ugyyuz4hNbmw0EE-jRV4AaABAg,@johnramosjr8382,UCFUt3a8HgSE2sp0h8Xs7DGQ,I did,3,0,False,False,1626739200
9bqk6ZUsKyA,Ugyyuz4hNbmw0EE-jRV4AaABAg.9LPi0au45cr9LPjCoc_FZU,Ugyyuz4hNbmw0EE-jRV4AaABAg,@kaji7963,UCRedLZVw2Wh6J754BWmIIDA,early,3,0,False,False,1626739200
9bqk6ZUsKyA,Ugyyuz4hNbmw0EE-jRV4AaABAg.9LPi0au45cr9LPjLXNdCoy,Ugyyuz4hNbmw0EE-jRV4AaABAg,@papercutttt-,UCX3uoKTjzYUyRahsXoRtsWA,e,3,0,False,False,1626739200
9bqk6ZUsKyA,Ugyyuz4hNbmw0EE-jRV4AaABAg.9LPi0au45cr9LPj69EkAp8,Ugyyuz4hNbmw0EE-jRV4AaABAg,@kynsliemiller6322,UCsxESL8pYACaC76u0d3ls0Q,Can we all agree on one thing me beast is the best YouTuber ever,2,0,False,False,1626739200
9bqk6ZUsKyA,Ugyyuz4hNbmw0EE-jRV4AaABAg.9LPi0au45cr9LPj9Su6Alc,Ugyyuz4hNbmw0EE-jRV4AaABAg,@Matthew-cf4uj,UCb_wTDtjlqaMdcF6gwLwL7Q,Me,2,0,False,False,1626739200
9bqk6ZUsKyA,Ugyyuz4hNbmw0EE-jRV4AaABAg.9LPi0au45cr9LPj9qIKebE,Ugyyuz4hNbmw0EE-jRV4AaABAg,@Matthew-cf4uj,UCb_wTDtjlqaMdcF6gwLwL7Q,Me,2,0,False,False,1626739200
9bqk6ZUsKyA,Ugyyuz4hNbmw0EE-jRV4AaABAg.9LPi0au45cr9LPjAPK4HLB,Ugyyuz4hNbmw0EE-jRV4AaABAg,@brytonwoodhall3751,UCFqysxl85ApMQ7lLwKDnYuw,could i win i wanna buy a dirt bike and a pc set up,2,0,False,False,1626739200
9bqk6ZUsKyA,Ugyyuz4hNbmw0EE-jRV4AaABAg.9LPi0au45cr9LPjB-aFWkU,Ugyyuz4hNbmw0EE-jRV4AaABAg,@mikeag5662,UChWSIi6voazRFxCdVOUIFxg,9 mins ago and 300 comments,2,0,False,False,1626739200
9bqk6ZUsKyA,Ugyyuz4hNbmw0EE-jRV4AaABAg.9LPi0au45cr9LPjBMeWXcz,Ugyyuz4hNbmw0EE-jRV4AaABAg,@Matthew-cf4uj,UCb_wTDtjlqaMdcF6gwLwL7Q,Ok,2,0,False,False,1626739200
9bqk6ZUsKyA,Ugyyuz4hNbmw0EE-jRV4AaABAg.9LPi0au45cr9LPjLuUVvmy,Ugyyuz4hNbmw0EE-jRV4AaABAg,@redsrebel19,UCJbQodk1zHVj2RwhM1653JA,Yay,2,0,False,False,1626739200
9bqk6ZUsKyA,Ugyyuz4hNbmw0EE-jRV4AaABAg.9LPi0au45cr9LPjLyY0sQF,Ugyyuz4hNbmw0EE-jRV4AaABAg,@papercutttt-,UCX3uoKTjzYUyRahsXoRtsWA,e,2,0,False,False,1626739200
9bqk6ZUsKyA,Ugyyuz4hNbmw0EE-jRV4AaABAg.9LPi0au45cr9LPjMFbwsrW,Ugyyuz4hNbmw0EE-jRV4AaABAg,@sameersameer-xo2jb,UClxwXSEd1yO6FcYa--v_QVg,Welcome to the mrbeast channel where we do dumb stuff and give away lots of cash because we want to,2,0,False,False,1626739200
9bqk6ZUsKyA,Ugz0ZnldgVibJPfOCfd4AaABAg,root,@JamieHackett-w7l,UCN8hO1Lq2EqgWr7o-tHig9g,😂😂,0,0,False,False,1784458800
9bqk6ZUsKyA,Ugy28vW34D3ERWI1NIB4AaABAg,root,@RiccardoPetriglia,UCkJu3tKJlgvEcC5Zv7BzFDw,Stilo le Stilo le batterie stilo quello che stanno in Italia ma voi se ne va l'America vuole solo batterie stilo ma voi siete in america what?,0,0,False,False,1784448000
9bqk6ZUsKyA,Ugw5s-uX2TqVqOe0_Qd4AaABAg,root,@RiccardoPetriglia,UCkJu3tKJlgvEcC5Zv7BzFDw,Proprio le palle le palle cioè il pisello,0,0,False,False,1784448000
9bqk6ZUsKyA,Ugy9OCAt7uI1WSdb1ZF4AaABAg,root,@RaifaRaiyan-f2z,UCC5nq9t7yD4x2bV68mh492Q,😮😮😮,0,0,False,False,1784444400
9bqk6ZUsKyA,Ugy88dCqobiXxI5kWcJ4AaABAg,root,@SamuelEldridge-j7c,UCfbuVJlPkqmYRgeEDgsdJaw,Good  old days man I feel old😢,0,0,False,False,1784444400
9bqk6ZUsKyA,UgwcI72XIxpeQAZk8z94AaABAg,root,@_mr.king_420,UCgFBCV5wB5KrzF9RdV_83tA,☠️☠️☠️☠️,0,0,False,False,1784440800
9bqk6ZUsKyA,Ugwo7ZOQY8iga1EM6ZJ4AaABAg,root,@SaimonMahmud-y7x,UCCq8N4KXvmvEi23uEFOP6dw,👍👍👍👍👍👍👍👍👍❤,0,0,False,False,1784426400
9bqk6ZUsKyA,UgytYsfFpaBRWG3blYx4AaABAg,root,@IanMartinez-mp7mb,UCazU_R64NB4m1-11uA6Rz_Q,Ese fue el reto más loco del mundo,0,0,False,False,1784412000
9bqk6ZUsKyA,UgwCYXD6STURB9cD1ld4AaABAg,root,@baykenje,UCyQLPAAQ1sTdzcWJcLLmOBg,😮😮😮 I'm shocked,0,0,False,False,1784419200
9bqk6ZUsKyA,UgxP_Mc-xCkH8qYbx414AaABAg,root,@ЕкатеринаМартынюк-ю3р,UCSWZ0BbB8xeQEyWOtJ07-lQ,9:57,0,0,False,False,1784246400
9bqk6ZUsKyA,UgzpV4hhrt7i20M8Qb54AaABAg,root,@МаріяШваб-у8ш,UCIt2qRDVsyWsFxQG-nz1Qhw,Я тебя очень сильно я твоя очень сильная фанатка я тебя сейчас смотрю❤❤ 10:48,0,0,False,False,1784246400
9bqk6ZUsKyA,UgyD9GCHr9BWb1yD7cx4AaABAg,root,@forlife-n6v,UCKpqv2-_vu70Pt5A6uEzeRg,Who is here in 2026,0,0,False,False,1784246400
9bqk6ZUsKyA,UgxEphjYSh4coyKa2bF4AaABAg,root,@boyindonesia_official,UCLMKJ_4jf0hGh_uarjwc99A,ATtend 😋⭐🍼🥂,1,0,False,False,1784160000
9bqk6ZUsKyA,UgxKpWVYiBl8SBswhXV4AaABAg,root,@Geming3-x1r,UCubqOaoYWW7Lyx0qaY7qEVQ,Aap bahut badhiya video banate Ho bhaiya,1,0,False,False,1784160000
9bqk6ZUsKyA,Ugx4l5hxHMP1PC8jCDR4AaABAg,root,@kairosaccount9822,UCZGEffkkVFSzV9JiJZ3n8hw,😅😊🎉,1,0,False,False,1784160000
9bqk6ZUsKyA,Ugzgl76GH7YNtwRjR3p4AaABAg,root,@ReaIRos,UCC1CKKl291hpZODbUQ7YMCg,ตัวปลอม😂😂😂😂,1,0,False,False,1784073600
9bqk6ZUsKyA,UgxxuK8tHckNeOKsE3B4AaABAg,root,@MrsKasia80s,UCioRNS827e5toe8ZnAt_dJQ,Wow😂😂❤🎉 yumy🍫  😂😂😂😂😂😂😂😂😂😂😂😂😂😂 mincraft,0,0,False,False,1784073600
9bqk6ZUsKyA,UgwM1KcRtXFi5NFIZu94AaABAg,root,@MuhammadZaki-ib2dc,UCaKg-vDmFsOVLKC6U6LGwug,I asked for money but I was in Indonesia,0,0,False,False,1784073600
9bqk6ZUsKyA,Ugw23Jc0mPKYEhTc3Bp4AaABAg,root,@زيداحمد-س2ق,UC5d1ptuWGOI47D4AE5NNypQ,The video is nice 😮😮😮😮❤❤❤❤❤❤❤❤,1,0,False,False,1784073600
9bqk6ZUsKyA,UgwEPFelajRNwUhrnId4AaABAg,root,@مشاريالجهني-ل3غ,UCQGnS4gWrEGXBbhoVuBZxYg,😂 هذا التحدي مو مزيف🎉🎉 مات مستر بيست,0,0,False,False,1783987200
9bqk6ZUsKyA,UgxYZKa-pmsY7BOfywt4AaABAg,root,@PhongAnh-u1l,UCYEo5RBBMscGAND2yUswmYg,🎖🎖🎖🎖,0,0,False,False,1783987200
9bqk6ZUsKyA,Ugx_R9wdIFFvLuE3wDl4AaABAg,root,@that1mouseYT,UC5bqokM8Fm3wsO3L0EUezlA,2:48 hahahahahahaha,0,0,False,False,1783987200
9bqk6ZUsKyA,UgwbbXfJT8zRQUU1znJ4AaABAg,root,@مریمقرهگلی-ط5ه,UCUeIDChIdM9PctCIGi-YTZg,❤❤,0,0,False,False,1783987200
9bqk6ZUsKyA,UgwnZTQ29yIdriPthhV4AaABAg,root,@earlaninipoc3328,UCbFKAIhR9nNFFY8BB4Bu_0A,Bro Jimmy why do they actually put a soniq to your coffin that says penis😂😂😂😂😂😂😂😂😂😂😂😂😂😂😂😂😂😂😂😂😂😂😂😂😂😂😂😂😂😂😂😂😅😅😅😅😅😅😅😅,0,0,False,False,1783987200
9bqk6ZUsKyA,Ugyw6KJ5JvboYJ2b8Rt4AaABAg,root,@herapusancho5503,UCEyNfKvkZymTWTfwV5oNEOg,I am a Big fan of you i wish i could meet you one day😢,0,0,False,False,1783900800
9bqk6ZUsKyA,UgzziVDNOuP4II7VyCF4AaABAg,root,@ТимофійКалініченко-е3б,UCDmOAQ4Cfy5mUm1X2c0FXFQ,Yes Mr beast,0,0,False,False,1783900800
9bqk6ZUsKyA,UgwLOxl5t2jZWBFWhtN4AaABAg,root,@KBPandey-t3k,UCDKssrPMdIkHcMeVoILuwkg,Ayan pandey 🇳🇵🇳🇵🇳🇵🇦🇷🇦🇷🇦🇷💚💚💚💚💚💚💚,0,0,False,False,1783900800
9bqk6ZUsKyA,Ugxt1gM3XMoeCJ0GSOt4AaABAg,root,@tendoo1232,UC4CLX2MG3RDa-NzQYjz4LRg,😮😮😮😮😅😅😅,0,0,False,False,1783900800
9bqk6ZUsKyA,Ugzwoxrw-PBJvOxp5MV4AaABAg,root,@antaviaalexander629,UCEgYQHnyqzPkGg_DBF4snLA,You are caming to. Barbados,0,0,False,False,1783900800
9bqk6ZUsKyA,UgzgzjmIkX3CWxrAhbJ4AaABAg,root,@cynthiagrgffpgrgffpahamwea5060,UCrFeeHySGYV3htRFfGL5QFQ,A classic,0,0,False,False,1783900800
9bqk6ZUsKyA,UgzLnQ7QdTPCDycWHIN4AaABAg,root,@AJStyles-k3v,UCwyxdjikwd1TaxaAaRXBJ8w,Imagine Being him 🥶,0,0,False,False,1783900800
9bqk6ZUsKyA,UgzErfK983p_zLqYZjp4AaABAg,root,@taraprowell9852,UC2TUE7QbWo5RwIQgrL_HV5g,How to spell the fire from the screen,1,0,False,False,1783900800
9bqk6ZUsKyA,UgzM1QCMz0hb5OB9mGZ4AaABAg,root,@OKKHATTAKK,UCGSW6Lgspm33s0lBV3nqWnA,BRO THIS IS ALL PLANTED SO GIVE THIS TASK TO US THE PEOPLE WILL SEE THE REALITY HOW YOU STAY FOR AN HOUR BURIED 😂,0,0,False,False,1783900800
9bqk6ZUsKyA,UgyVScyoiiSBzGdmNgV4AaABAg,root,@RashedIslam-d1w,UCT_9jwmq4eUV9ksJvsvp07A,আমি করছি,0,0,False,False,1783814400
9bqk6ZUsKyA,UgyTDjpXMQvR7PX2QvF4AaABAg,root,@widedToumi-y9r,UCit_3OxsKReVYLxx3RdEZPA,Ok moi je me suis abonné sur le compte de ma mère et on aurait bien besoin 10000 dollars parce que ma famille en ce moment au secours les dégâts mes parents ils ont déjà tout prévu au moins on a même pas encore acheté la maison à louer et eux tout ce qu'il pense c'est ramener la maison donc on aurait bien besoin de ton argent si tu le veux bien,0,0,False,False,1783814400
9bqk6ZUsKyA,Ugx0z7RSQJXwsOowVv14AaABAg,root,@AzizSherov-m5b,UCwJXdmbRReRDv3w5vQXiNDQ,📱📱📱📱📱🎽🎽🎽🎽🩳🩳🩳🩳😂🔥,0,0,False,False,1783814400
9bqk6ZUsKyA,Ugzldm48nxrVxuaFJtx4AaABAg,root,@حسنعبلس-ت2ع3د,UCKrw6gevuoKzcPL7nh-6Z7A,❤❤❤,0,0,False,False,1783814400
9bqk6ZUsKyA,UgzyY5tpd2qzx6wlIox4AaABAg,root,@ShadowMelodyOfficial,UC-TzdcifoPVuRzpNR0YlFCQ,Jimmy ❤❤,0,0,False,False,1783814400
9bqk6ZUsKyA,Ugx3v_erdAXsNzCjxMB4AaABAg,root,@stephenvizvary2547,UCnbvJhj1DAlHRNPK6clbUaA,"at 0:04 to 0:06 whe Jimmy said ""Probaly the dumbest thing ive ever done"" i said ""No,the dumbest thing youve ever done was when you buried yourself alive for a week",0,0,False,False,1783814400
9bqk6ZUsKyA,Ugyldlk7znBzmTuOo9t4AaABAg,root,@trendy_tales_jia,UCmf8kPjaYhnBp3NMGgTL4OQ,Wow,0,0,False,False,1783814400
9bqk6ZUsKyA,UgxbS3beR1IGQllPydN4AaABAg,root,@ChanduMia-x6l,UCVQeW74fuqX6ysRAw_gKf-A,Cheabee,0,0,False,False,1783728000
9bqk6ZUsKyA,Ugxz480Ay5i-qYOIJ3d4AaABAg,root,@syedakramnoori100,UCTgN8oHiNwKLJNe2KEuGcDg,❤❤❤😂,0,0,False,False,1783728000
9bqk6ZUsKyA,Ugw6C-5xLctHI72IK4t4AaABAg,root,@syedakramnoori100,UCTgN8oHiNwKLJNe2KEuGcDg,Mr bean ab kab nikalenge,0,0,False,False,1783728000
9bqk6ZUsKyA,Ugz44CiVj4NLfwkKYgt4AaABAg,root,@bidaplus,UCE7ADSt7vc_u8u2dq3KP1iw,Gyu Shige YMCA $1000?,0,0,False,False,1783728000
9bqk6ZUsKyA,Ugy05N03WxQC8urOASx4AaABAg,root,@JostinomarRicrarusell-u6k6w,UCJUAJ2y73_FjJTpU91skBsg,Alguien del 2026,0,0,False,False,1783728000
9bqk6ZUsKyA,Ugza0qdgP4pkgv2l7MB4AaABAg,root,@ВиолетаСтоянова-д8т1щ,UCZqqq89Wn4uIMnxlA-1ydrA,0:41 hu r7 u,0,0,False,False,1783728000
9bqk6ZUsKyA,UgybUW0d7u-Fc6nW3uF4AaABAg,root,@OLIvE-r4j,UCS6cEIoFqmk1sG2azp-9Cew,Why?,0,0,False,False,1783728000
9bqk6ZUsKyA,Ugzh4WFTmCkTymrsuRp4AaABAg,root,@TTEXOTIC,UClC-H_QktENM9JOXvKYOCKA,Never think mister beast would say penis,0,0,False,False,1783728000
9bqk6ZUsKyA,UgwLs0_SHVZaVeuicZ54AaABAg,root,@vigneshwarans9637,UCfbMZZU03r9q8Rrx_c00aQw,I see this video 19 times brother 😊🎉😊😂,0,0,False,False,1783641600
9bqk6ZUsKyA,UgzbRJudFTLjUjIb4-J4AaABAg,root,@ClaudiaMelendez-e6b,UCiT027s9pP5iyh5bdGatnqQ,❤,0,0,False,False,1783641600
9bqk6ZUsKyA,UgxT6jtRCNi1Nf8tp0x4AaABAg,root,@antde9855,UCt6EcGxEubyGsWHtHbbiTQg,Your vids are crazy🎉,0,0,False,False,1783641600
9bqk6ZUsKyA,UgzK3L6vhFuDKZKOL3l4AaABAg,root,@sezamek_123,UCHLonKKOMP1iu7zuZPTpNRA,Ale to czajnik nagrywał ?😊😂 0:29,0,0,False,False,1783555200
9bqk6ZUsKyA,UgzA8-tzciYrLpSxZLF4AaABAg,root,@airistheway,UCPaWmq27uR3g36Q07EZVHdg,Gamers??????,0,0,False,False,1783555200
9bqk6ZUsKyA,Ugx5kaYrs4sa2GjUAN14AaABAg,root,@ThefishyFSH,UCS93qfrD06IbOibc_taaRfw,"How to touch grass 
             0.   finish your current match, raid, or content scroll.
    1. Accept your current ranking position without rage quitting. 
    2. Move your hand to your physical mouse or screen.
    3. Navigate your cursor to the upper-right corner of the application window.
    4. Click the ""X"" button to close the platform.
    5. Open your operating system's power menu.
    6. Select ""Shut Down"" or ""Sleep.""
    7. Watch the monitor display turn completely black.
    8. Process the sudden, dark reflection of your own face on the screen.
    9. Release your tight grip on the controller or mouse.
    10. Remove your high-fidelity, noise-canceling headset.
    11. Slam the headset onto your desk space.
    12. Unplug any charging cables attached to your body's proximity.
    13. Take your first deep breath of stale room air. 
    14. Realize the room is completely silent.
    15. Blink your eyes rapidly five times to clear screen fatigue.
    16. Locate your phone on the desk or bed surface.
    17. Press the power button to lock
    18.  the screen.
    19. Place the phone face-down to prevent notification alerts.
    20. Roll your shoulders backward in a circular motion.
    21. Roll your shoulders forward to ease muscle tension.
    22. Untangle your legs from your gaming chair or bed sheets.
    23. Plant both feet firmly flat onto your bedroom floor.
    24. Push downward through your heels to activate your leg muscles.
    25. Stand up fully straight into a vertical position. 
    26. Extend both arms toward the ceiling to stretch your torso.
    27. Ignore the audible cracking sound coming from your spine.
    28. Regain your equilibrium after the sudden head rush. 
    29. Establish a stable standing balance. 
    30. Look directly at your closed bedroom door.
    31. Take your first physical step forward. 
    32. Take a second step to build forward momentum.
    33. Walk forward across the floor layout of your room. 
    34. Avoid stepping on discarded snack wrappers or laundry piles.
    35. Reach your arm out toward the bedroom door handle.
    36. Grip the door handle firmly with your dominant hand.
    37. Rotate the handle downward to unlatched the mechanism.
    38. Pull or push the door to open a corridor pathway.
    39. Step across the threshold out of your bedroom.
    40. Close the bedroom door behind you to prevent retreating.
    41. Walk down the main hallway of your living space. 
    42. Keep your eyes adjusted to the ambient household lighting.
    43. Navigate past the kitchen area without stopping for snacks.
    44. Walk past the living room couch to avoid distraction.
    45. Spot the main front exit door of your dwelling. 
    46. Approach the front door until you are within arm's reach. 
    47. Look down at your feet to evaluate your footwear status.
    48. Decide to put on shoes for maximum outdoor safety.
    49. Locate your pair of outdoor shoes or sandals.
    50. Insert your left foot completely into the left shoe.
    51. Insert your right foot completely into the right shoe.
    52. Tie the laces securely if your shoes require it.
    53. Check your pockets for essential keys.
    54. Look back at the door handle of the main exit. 
    55. Extend your hand to touch the metal locking mechanism.
    56. Twist the deadbolt counterclockwise to unlock the door. 
    57. Place your fingers securely around the main door handle. 
    58. Depress or turn the handle to release the final latch. 
    59. Pull the heavy door slowly toward your body. 
    60. Gaze into the open threshold leading to the outside world. 
    61. Take a deep breath to brace for the atmospheric shift. 
    62. Extend your lead foot forward across the door threshold. 
    63. Plant that foot onto the external ground surface. 
    64. Shift your body weight forward onto your lead foot.
    65. Bring your trailing foot completely out of the house. 
    66. Pull the front door shut until it clicks shut.
    67. Lock the front door to secure your indoor inventory.
    68. Turn your body 180 degrees to face the open world.
    69. Squinches your eyes immediately to adjust to natural daylight. 
    70. Do not look directly at the sun to avoid sensory overload. 
    71. Wait 5 seconds for your vision levels to stabilize. 
    72. Inhale a lungful of genuine, unfiltered outdoor air. 
    73. Note the complete absence of air conditioning noise.
    74. Feel the ambient outdoor temperature against your skin. 
    75. Look down at the terrain immediately ahead of you. 
    76. Identify the concrete or asphalt pavement pathway. 
    77. Scan the immediate horizon for signs of plant life. 
    78. Search for a distinct green texture on the ground. 
    79. Spot a patch of authentic organic grass nearby. 
    80. If no grass is visible, locate the nearest public park. 
    81. Begin walking down your exterior walkway toward the green zone. 
    82. Coordinate your arms and legs to maintain a steady walking pace. 
    83. Maintain an alert awareness of your physical surroundings.
    84. Walk past the boundary line of your property.
    85. Step off the hard concrete walkway surface. 
    86. Approach the edge of the designated grassy area. 
    87. Halt your forward walking momentum completely.
    88. Look directly down at the patch of lawn beneath you. 
    89. Confirm the target material is real, living grass. 
    90. Position your body exactly one step away from.
    91. Take one precise step closer to the grass boundary.
    92. Look for any immediate environmental hazards like rocks or debris. 
    93. Ensure no local wildlife or insects are nesting on the spot. 
    94. Select a specific, healthy cluster of green blades. 
    95. Separate your feet to shoulder-width apart for optimal stability. 
    96. Bend your knees slightly to lower your overall center of gravity. 
    97. Shift your hips backward to prepare for a crouching stance.
    98. Lower your torso slowly toward the level of the ground. 
    99. Place one knee down onto the ground if necessary for balance. 
    100. Rest your second knee down to enter a stable kneeling position. 
    101. Rest your weight comfortably on your heels.
    102. Let your arms hang loosely down by your sides.
    103. Look at the tips of the grass blades resting inches away. 
    104. Observe the individual shades of green running through the stalks. 
    105. Notice how the light interacts with the organic matter. 
    106. Raise your dominant hand slowly up from your side. 
    107. Extend your forearm forward directly over the grass patch.
    108. Open your hand fully, expanding your fingers wide. 
    109. Turn your palm downward so it faces the tips of the lawn. 
    110. Hover your open hand exactly two inches above the grass.
    111. Hold your hand completely still in this position.
    112. Take a steady, calming breath to prepare for contact. 
    113. Suppress any lingering urges to check your phone notifications.
    114. Focus your entire visual field on the space below your palm.
    115. Lower your hand downward by one single inch. 
    116. Feel the ambient moisture rising off the lawn surface. 
    117. Lower your hand by another half-inch. 
    118. Watch the tallest blade of grass touch your skin. 
    119. Press down the remaining distance to establish full contact. 
    120. Keep your palm resting flush against the top of the grass. 
    121. Allow your skin to register the initial physical sensation. 
    122. Note the natural coolness of the living plant tissue. 
    123. Keep your hand completely stationary to ground yourself. 
    124. Apply a slight downward pressure into the soft turf. 
    125. Feel the springy resistance of the grass bending under your weight. 
    126. Drag your fingertips slowly across the surface from left to right. 
    127. Sense the texture of the individual blades passing your skin.
    128. Slide your fingers deeper down into the structure of the lawn. 
    129. Let the grass weave upward between your open fingers. 
    130. Feel the slightly rough or ribbed texture of the edges. 
    131. Touch the damp soil layer beneath the root system if accessible.
    132. Move your hand in a gentle circular scrubbing motion.
    133. Bring your non-dominant hand forward to mirror the action. 
    134. Place your second hand firmly onto an adjacent grass patch. 
    135. Move both hands simultaneously through the green landscape. 
    136. Close your eyes to isolate and maximize your tactile senses. 
    137. Listen to the soft rustling sound of the grass moving under your hands. 
    138. Inhale deeply to catch the earthy aroma of crushed chlorophyll. 
    139. Realize that this reality features zero latency or rendering lag.
    140. Enjoy the profound feeling of being connected to the earth. 
    141. Keep your hands immersed in the vegetation for 30 seconds. 
    142. Open your eyes slowly to look at your hands again.
    143. Lift your palms up slightly to let the blades spring back up. 
    144. Pat the top of the lawn gently like a well-behaved pet.
    145. Scoop your fingers through a fresh section to compare textures. 
    146. Confirm that your real-world connectivity meter is at 100%. 
    147. Take one final, intentional feel of the cool green blades. 
    148. Slowly extract your fingers vertically from the vegetation. 
    149. Lift both hands up completely into the open air. 
    150. Rest your clean hands back onto your knees.",0,0,False,False,1783555200
9bqk6ZUsKyA,UgyRdxvWOw16r1_SKdR4AaABAg,root,@Rasel1000-y9h,UC7-0-X33P7rk8QkFb0PND3w,😂😂😂egs😂,0,0,False,False,1783555200
9bqk6ZUsKyA,UgwbP5KiyGhqFQF7QzV4AaABAg,root,@FinleyRussell-f5p,UCpalawjGNWM0ZQqBfZ7cb0w,7:52 lovely,0,0,False,False,1783555200
9bqk6ZUsKyA,UgwTnhjHI6AxEK_DTEF4AaABAg,root,@DanielisAcevedo-u2m,UCeBGD1GTlN117E8CgUfQ3Vg,"12:32 “GET THAT CAMERA OUT OF MY FA-“ Mrbeast starts singing Mrbeast 6,000000",0,0,False,False,1783555200
9bqk6ZUsKyA,UgxvEQkqpDebayHfo-14AaABAg,root,@shriyanshhankare7609,UC7muhiUOhx7Hs83qp17OeMg,&🎉🎉🎉🎉5,0,0,False,False,1783555200
9bqk6ZUsKyA,UgysMbj4HhBjph4lUhd4AaABAg,root,@SarayaBeavers-k7c,UCL902V6bP1NSIfz-USXdzGA,Your Crazy,0,0,False,False,1783468800
9bqk6ZUsKyA,Ugx0UiaZOEBUT1CbOSZ4AaABAg,root,@SarayaBeavers-k7c,UCL902V6bP1NSIfz-USXdzGA,Hi,0,0,False,False,1783468800
9bqk6ZUsKyA,Ugz_DPHATafhPBCftM94AaABAg,root,@bouristhegreat,UCcElbby7eYc1lJmlTCmt4mQ,"Dude, he’s just ignoring them. I’m gonna laugh.",0,0,False,False,1783468800
9bqk6ZUsKyA,UgxZ6U0v6DGGZf5gEtV4AaABAg,root,@DevaroBarrett-t4r,UCSWP5BskQ883W0CURiZWTdQ,Camn you breathe,0,0,False,False,1783468800
9bqk6ZUsKyA,Ugz3MJiVOSqHhyTYuJZ4AaABAg,root,@minachannie,UCDIIIof1CulvjqZiemNGbJA,What is an earthquake happened? 😶,1,0,False,False,1783468800
9bqk6ZUsKyA,UgxoKnzbrqSK1uky_vN4AaABAg,root,@KashemAbul-r9l,UCuD_so8j7OIV3kuhrx5Breg,❤❤❤,0,0,False,False,1783382400
9bqk6ZUsKyA,UgyS0a1hdTIt_iEY4ZN4AaABAg,root,@KashemAbul-r9l,UCuD_so8j7OIV3kuhrx5Breg,Mr Bean by Ami Apna Dil video ❤❤❤,1,0,False,False,1783382400
9bqk6ZUsKyA,Ugw1ZaLbt3jI9rHQFWl4AaABAg,root,@Honor-q4h1v,UCwKMjJEsEBa5X1-yZDQ5jgQ,Fayozov  bilolbek🎉🎉🎉🎉,1,0,False,False,1783382400
9bqk6ZUsKyA,UgyDUTuLNnNobWuHdC94AaABAg,root,@merisa921,UCS8H21qleMbhn1kbcuR92gA,😅😅😅😅😅,1,0,False,False,1783382400
9bqk6ZUsKyA,UgyX0trt2AyEGAEljI94AaABAg,root,@Jihan8C,UC5TbivtObKEwXxbheDdJ9Sw,Who  are You,0,0,False,False,1783382400
9bqk6ZUsKyA,UgxeBNL3JUK2P1OoO1R4AaABAg,root,@amandaorourke1566,UCbXaSBsCVtmIrVNwquobaLg,HAHAHAH MINECRAFT,0,0,False,False,1783382400
9bqk6ZUsKyA,Ugy-lSe-gNaG_PulPF54AaABAg,root,@sherrieaglegar3997,UCUOT0nDOKgbZICVMteBsMjA,again?,0,0,False,False,1783296000
9bqk6ZUsKyA,UgzkrmZbCjhdyIX18qB4AaABAg,root,@xorif4205,UCXj53K0VF6whNEZ5GvwE3xg,Day 39 of requesting to be part of a Mr. Beast's video.,0,0,False,False,1783296000
9bqk6ZUsKyA,Ugy5D23tgK-A8UObyTl4AaABAg,root,@BANGJHVLOG2,UCoi1ipRXDGXMpBsdaqm7DgA,Waw ngeri juga di kubur hidup 2,0,0,False,False,1783296000
9bqk6ZUsKyA,Ugzo_MD94Pdg6CsSyqh4AaABAg,root,@sravyasinha8696,UCvp7jWeEMWne_WDzs0T82Zg,Mad.        Man,0,0,False,False,1783296000
9bqk6ZUsKyA,UgysMyHgR95F9Q47Tzd4AaABAg,root,@azraimam1272,UCNm4f3G5EGMRDJfvdfWs1GA,You are. Going. Too. Be.  Killed 😭,0,0,False,False,1783296000
r7zJ8srwwjk,UgwP0O2UBZupFHpDDmt4AaABAg,root,@MrBeast,UCX6OQ3DkcsbYNE6H8uQQuVA,Subscribe for a free car!,58000,25,False,True,1658275200
r7zJ8srwwjk,UgwP0O2UBZupFHpDDmt4AaABAg.9RttZH0TXuh9RuNz-Daqlb,UgwP0O2UBZupFHpDDmt4AaABAg,@PlayerIO,UCZ84nL56u5m_5DYtc8mtPsA,ok mrbeast,16,0,False,False,1658275200
r7zJ8srwwjk,UgwP0O2UBZupFHpDDmt4AaABAg.9RttZH0TXuh9RuMn-i289U,UgwP0O2UBZupFHpDDmt4AaABAg,@CrimsonBlood0357,UCIhMcr9EWEHxxJxoA6ZMU-Q,I love u,13,0,False,False,1658275200
r7zJ8srwwjk,UgwP0O2UBZupFHpDDmt4AaABAg.9RttZH0TXuh9RuR_68BBFu,UgwP0O2UBZupFHpDDmt4AaABAg,@Isaac-yd7ln,UCB8QQfKRz6Wa7g_zWABiHwA,Already subscribed👍,11,0,False,False,1658275200
r7zJ8srwwjk,UgwP0O2UBZupFHpDDmt4AaABAg.9RttZH0TXuh9RuSQbetBzS,UgwP0O2UBZupFHpDDmt4AaABAg,@mariannej481,UCHkVuOnaBm48omK09pQpKiQ,Yaaaaa,10,0,False,False,1658275200
r7zJ8srwwjk,UgwP0O2UBZupFHpDDmt4AaABAg.9RttZH0TXuh9oMFP9mg5Lj,UgwP0O2UBZupFHpDDmt4AaABAg,@emiratalay3979,UCTTtdXwZZn1KtbHMbo0KuLw,:face-blue-smiling::face-blue-smiling::face-blue-smiling::face-blue-smiling::face-blue-smiling::face-blue-smiling::face-blue-smiling::face-blue-smiling::face-blue-smiling::face-blue-smiling::face-blue-smiling::face-blue-smiling::face-blue-smiling::face-blue-smiling::face-blue-smiling::face-blue-smiling::face-blue-smiling:,9,0,False,False,1689811200
r7zJ8srwwjk,UgwP0O2UBZupFHpDDmt4AaABAg.9RttZH0TXuh9RuTP2pbEfg,UgwP0O2UBZupFHpDDmt4AaABAg,@nolifefnt,UCVFctnCUWIbohqQYCTHqcaA,OMG can I have a free car jimmy 🤗😺,8,0,False,False,1658275200
r7zJ8srwwjk,UgwP0O2UBZupFHpDDmt4AaABAg.9RttZH0TXuh9RuU9AUGOFE,UgwP0O2UBZupFHpDDmt4AaABAg,@Tester503,UCYrGZjp5XaG-FBxPkieuNAA,I can't drive a car cuz I am 13 :(,8,0,False,False,1658275200
r7zJ8srwwjk,UgwP0O2UBZupFHpDDmt4AaABAg.9RttZH0TXuh9RudnXEI-7I,UgwP0O2UBZupFHpDDmt4AaABAg,@markpj1795,UCXcMkDwiKLWgQtcK9nmBllg,ok,7,0,False,False,1658275200
r7zJ8srwwjk,UgwP0O2UBZupFHpDDmt4AaABAg.9RttZH0TXuh9RuhJhblIHf,UgwP0O2UBZupFHpDDmt4AaABAg,@mattiafazio8168,UCw8HgdPnStgjTQRcWOubMZw,can I choose the car? A Bugatti wouldn’t be bad,7,0,False,False,1658275200
r7zJ8srwwjk,UgwP0O2UBZupFHpDDmt4AaABAg.9RttZH0TXuh9Ru9YGs61PL,UgwP0O2UBZupFHpDDmt4AaABAg,@xui4,UCj9V9y_NTv5HcnnXGjD9c8A,ok,38,0,False,False,1658275200
r7zJ8srwwjk,UgwP0O2UBZupFHpDDmt4AaABAg.9RttZH0TXuh9RuRVRZ5tw2,UgwP0O2UBZupFHpDDmt4AaABAg,@brazed420,UCLBNqZu8twAN3wIFDKlLGsw,ive been subbed for years ;-;,6,0,False,False,1658275200
r7zJ8srwwjk,UgwP0O2UBZupFHpDDmt4AaABAg.9RttZH0TXuh9RuTMTV7DKx,UgwP0O2UBZupFHpDDmt4AaABAg,@gh6stsins,UCFAbaBERDVW5fPOK6xU5HKQ,WAIT WHAT NEW COMMENT WOWOWOWO,6,0,False,False,1658275200
r7zJ8srwwjk,UgwP0O2UBZupFHpDDmt4AaABAg.9RttZH0TXuh9RuV_ggXcPq,UgwP0O2UBZupFHpDDmt4AaABAg,@kjdhello,UCaEFaZ7JEDAJVnprt5xWmew,wow,6,0,False,False,1658275200
r7zJ8srwwjk,UgwP0O2UBZupFHpDDmt4AaABAg.9RttZH0TXuh9RuY_iFDkDv,UgwP0O2UBZupFHpDDmt4AaABAg,@SharkLB,UCjkuGg27_JiQmSrLrKXTOAg,wassup bro dude,6,0,False,False,1658275200
r7zJ8srwwjk,UgwP0O2UBZupFHpDDmt4AaABAg.9RttZH0TXuh9Rua7HeqYKv,UgwP0O2UBZupFHpDDmt4AaABAg,@houseslyther,UCcfeIStdE4vJySrJRF5x1Tg,where’s my free Lamborghini?,5,0,False,False,1658275200
r7zJ8srwwjk,UgwP0O2UBZupFHpDDmt4AaABAg.9RttZH0TXuh9RualGbauXp,UgwP0O2UBZupFHpDDmt4AaABAg,@brizz9832,UCBBn7Mco0pwLm5GQZE-d6tQ,sneaky,5,0,False,False,1658275200
r7zJ8srwwjk,UgwP0O2UBZupFHpDDmt4AaABAg.9RttZH0TXuh9RudXl4mFX0,UgwP0O2UBZupFHpDDmt4AaABAg,@ExbraYT,UCrlS1mBy2rn2lCQQrA6RyFA,99th comment,5,0,False,False,1658275200
r7zJ8srwwjk,UgwP0O2UBZupFHpDDmt4AaABAg.9RttZH0TXuh9Ruam0fKYY-,UgwP0O2UBZupFHpDDmt4AaABAg,@dilan2soildd,UCzudG6t1AQf_YM5YxUdpuIg,Lol loL,4,0,False,False,1658275200
r7zJ8srwwjk,UgwP0O2UBZupFHpDDmt4AaABAg.9RttZH0TXuh9Ruj5p4nG4b,UgwP0O2UBZupFHpDDmt4AaABAg,@kromiu.m,UCV4ZUYd7JpprxsJ30mJ5Gog,let’s go,4,0,False,False,1658275200
r7zJ8srwwjk,UgwP0O2UBZupFHpDDmt4AaABAg.9RttZH0TXuh9RueKJkVm3f,UgwP0O2UBZupFHpDDmt4AaABAg,@lanjski,UCZis395RqMtyda-UDt3y5wA,sup lol,3,0,False,False,1658275200
r7zJ8srwwjk,UgwP0O2UBZupFHpDDmt4AaABAg.9RttZH0TXuh9RueNbXtGpi,UgwP0O2UBZupFHpDDmt4AaABAg,@rebeccanathan2012,UCkVR0F8VyGwnNmYR5w2jF3w,I'm actually early-,3,0,False,False,1658275200
r7zJ8srwwjk,UgwP0O2UBZupFHpDDmt4AaABAg.9RttZH0TXuh9Ruh69LclhK,UgwP0O2UBZupFHpDDmt4AaABAg,@MarcosMotions,UCUkPt5LZlZigizWtB2alaFQ,❤️,3,0,False,False,1658275200
r7zJ8srwwjk,UgwP0O2UBZupFHpDDmt4AaABAg.9RttZH0TXuh9RuiRGv8AQa,UgwP0O2UBZupFHpDDmt4AaABAg,@kingstonleon2939,UCB4eVpiX6RvPq_UffSc0QmQ,Do ittt,3,0,False,False,1658275200
r7zJ8srwwjk,UgwP0O2UBZupFHpDDmt4AaABAg.9RttZH0TXuh9RujAcpZ-9W,UgwP0O2UBZupFHpDDmt4AaABAg,@rexocitycodm6562,UCkvB1z9Z96LnBdkBjXHOZJg,I subscribe,3,0,False,False,1658275200
r7zJ8srwwjk,UgwP0O2UBZupFHpDDmt4AaABAg.9RttZH0TXuh9RvaakzhbG9,UgwP0O2UBZupFHpDDmt4AaABAg,@MexicanAlex5,UCDWSeCbnXBPYp5HFT_td5dA,I’m subscribed. Now where’s my car,3,0,False,False,1658275200
r7zJ8srwwjk,UgzZ6vBWfeTKYLdRnCN4AaABAg,root,@namdhenpasang6790,UCcdEPi1mks1NO7orgQtXGhw,9:59,0,0,False,False,1784470680
r7zJ8srwwjk,Ugz__YY6RfkDDHsK0Vt4AaABAg,root,@RxJunaeid71,UCDzmmRjuC17j1bq0h2B4VEA,2026😂,0,0,False,False,1784437200
r7zJ8srwwjk,UgzQpgNFs6dMad_ii_t4AaABAg,root,@Виталина-ч5т,UCWY-5uM2nrDkRvypahuIRcg,Tariq for what?? 😭,0,0,False,False,1784433600
r7zJ8srwwjk,UgyVNtcNko7vZbpcdy14AaABAg,root,@piterlaanguila3000,UCKB_98PkoP1znqfwRj5HE_A,Hola nose si soy el único de chile,0,0,False,False,1784433600
r7zJ8srwwjk,UgxUQlqZ7wINoFrh1_R4AaABAg,root,@ThíchWhy,UCX0v4E7PJfCfu3hj6cTDqXA,"I’m from Vietnam. I really wish MrBeast would give me $100,000 someday.",0,0,False,False,1784397600
r7zJ8srwwjk,Ugzad9J1RNPGMVUMnaF4AaABAg,root,@ramziyahhayder8897,UCBtm_2PdU8Y___RppAD49Kg,Carl name is Carl Jacob,0,0,False,False,1784394000
r7zJ8srwwjk,UgzaFKy1CRZ1SDxk7M54AaABAg,root,@vohung2802,UC1cV8xy3NEAPzrtUHNdjByQ,Mr beast kinda smart fr😂,0,0,False,False,1784419200
r7zJ8srwwjk,UgxFoje4ktbbFaP5MBh4AaABAg,root,@Eleenhilal,UCCqWH06VYI7w-_kVkBBhqRA,2026,0,0,False,False,1784419200
r7zJ8srwwjk,UgxLNr4YX019wZ1z5Wh4AaABAg,root,@M7md2414,UCAglYai8a-FEFJzzJ43BPfg,مين جاء عشان امك هي من بقيت😂😂,0,0,False,False,1784419200
r7zJ8srwwjk,Ugz9fPyL3vfGluzs10V4AaABAg,root,@HlaHla-m3k,UCQyr-rNMpLu372vdhbWREmA,98,0,0,False,False,1784332800
r7zJ8srwwjk,UgylC7nluxiXmp8L2LR4AaABAg,root,@omarahmad302,UCtEEYjEPre2H1fLacrfadww,😂مين اجا عشان رد مستر بيست 15:10,0,0,False,False,1784332800
r7zJ8srwwjk,Ugyt5231_AhxhAzkkud4AaABAg,root,@Z_A_567,UCbOToYTbufSw_R2PJncjEYw,15:13 هييييي مستر بيست ما توصل,0,0,False,False,1784332800
r7zJ8srwwjk,Ugxvxtc5tTr-qSInUot4AaABAg,root,@Ронька_90,UCcacwkgU0ZeH97aEQJmtzHw,гойда,0,0,False,False,1784160000
r7zJ8srwwjk,UgwJmpwUo0Ye5p6AGUt4AaABAg,root,@jaibheemgamer7204,UCS2dAk86St5Bwm0OpvftlkA,"Please save me, I have taken a loan of 20 lakhs and am being tortured. Please save me somehow.🙏🙏😭😭😭😭🙏🙏🙏",0,0,False,False,1784160000
r7zJ8srwwjk,UgwBiYKt_jD2krcz5d94AaABAg,root,@jaibheemgamer7204,UCS2dAk86St5Bwm0OpvftlkA,"Please help Anna, change my life, give me 20 locks, we are relying on you to survive, please help Anna.",0,0,False,False,1784160000
r7zJ8srwwjk,Ugwm5iHIfY29WRbuIeR4AaABAg,root,@Robloxia1011w,UCp-MtalKenbfgV2qH6AzZtg,R,0,0,False,False,1784160000
r7zJ8srwwjk,UgwRrr1fzEtJiUzni6p4AaABAg,root,@劉映鑫,UCuXEioJAUh7ivnkXFGOlFOA,roblox ！,0,0,False,False,1784073600
r7zJ8srwwjk,Ugyw1hXap0r35-oQsXl4AaABAg,root,@AsadbekUktamboyev-l6w,UCKAHwcjZqHvGU6KHBb_jaRg,❤❤❤❤,0,0,False,False,1784073600
r7zJ8srwwjk,UgzDbH_9F-FERGutEXN4AaABAg,root,@RiccardoRusso-j8g,UCYawdNbOS5JeM9hqeNm05lg,10:09😂😂😂😂,0,0,False,False,1783987200
r7zJ8srwwjk,Ugw0bCoGWmRvRN4H-Sl4AaABAg,root,@GustiTisgu,UCPbHRSdzv0oI87W5dYkkk-w,😮😮😮😮😮😮,0,0,False,False,1783987200
r7zJ8srwwjk,UgzgEHScfCvPvKKN2zF4AaABAg,root,@TheoNyapas,UC3oDfsY0UrGWkyDkcb9JUyA,15:41 HUGGIES,0,0,False,False,1783987200
r7zJ8srwwjk,Ugx7g1bAuuLYadRpkpd4AaABAg,root,@serein.editss,UCHixb1ImhX-4yI_9wBjGA_A,tung,0,0,False,False,1783900800
r7zJ8srwwjk,Ugy1E0jnjm0MfsLQyNF4AaABAg,root,@AhmadBintang-p1t,UC6iDsJhPrfSAnHxjk454Ssw,👍🏻👍🏻👍🏻👍🏻👍🏻👍🏻👍🏻👍🏻👍🏻,0,0,False,False,1783900800
r7zJ8srwwjk,UgzCq434TRQB2iPtAON4AaABAg,root,@TylerDitmar,UCTgnKSJ5Kk9T53ep8NvPstA,Damn,0,0,False,False,1783900800
r7zJ8srwwjk,UgzeCDjuoVQfpszJyjt4AaABAg,root,@DylanHurst-e4n8p,UCevxG_6Gldc3uXq6XGxLrqg,Bro sweared more then having fun,0,0,False,False,1783900800
r7zJ8srwwjk,UgxycCp2hfw4IYA9fO94AaABAg,root,@marcelpethke2826,UCXYGhWzZk_ICwlJR58SpDmg,6:31,0,0,False,False,1783900800
r7zJ8srwwjk,UgyZa4h_I5dJkBGykiZ4AaABAg,root,@boyindonesia_official,UCLMKJ_4jf0hGh_uarjwc99A,ATtend 🥂⭐🍼😋,1,0,False,False,1783814400
r7zJ8srwwjk,Ugyj3RiqVWjB1CNUIKh4AaABAg,root,@almira2b487,UCUyIn36FnhCQaUNyE94Okog,go jimmy,0,0,False,False,1783814400
r7zJ8srwwjk,UgxamdDlI-CZXKB0SN54AaABAg,root,@謝仔-c1h,UCYcPCKPl0txb3wEFWT75jtg,❤😂🎉😮,0,0,False,False,1783814400
r7zJ8srwwjk,Ugx0FwpiKgDxTi6C0Yh4AaABAg,root,@吳宜蓁-h4n,UCS8a6FTFqxjjDiGSDN2fWIg,2:25,0,0,False,False,1783814400
r7zJ8srwwjk,UgwlkQDvrw8HqwiYfPx4AaABAg,root,@JassarAlsadi-s9h,UCbw3tgmYZiYxuUCDdI7DJYA,At least wear socks or crocs or shoes,1,0,False,False,1783814400
r7zJ8srwwjk,Ugxkj282ivr3frLHt5Z4AaABAg,root,@ylmazyldrm9202,UCg9KjXmIoIMHz6-kjZKBJ-w,Squid game videosunda brawl stars ile birlikte yanıt vermiştin brawl stars ilgili bir şey gönderin,2,0,False,False,1783728000
r7zJ8srwwjk,UgyVuKip-G2erIq55Np4AaABAg,root,@garurmiru,UCcmYgF7uFsBS6NrhcG6Q8sQ,What did tareq do?,0,0,False,False,1783641600
r7zJ8srwwjk,UgxIiNwYbHl1bk-JQop4AaABAg,root,@ramsinghrama461,UClolBXPhTMdaAuRBQNgywug,Tvi code dete,0,0,False,False,1783641600
r7zJ8srwwjk,UgxPcTz1zvDOVtZJdOl4AaABAg,root,@LaurianeEPEE-r8m,UCa0_u3_3RNOAje9UVaD2juA,MRBeast le meilleur  youtubeur du monde,1,0,False,False,1783641600
r7zJ8srwwjk,UgyS_MZ-s04eiypkg4l4AaABAg,root,@Jimmybobstick,UCKFs39zgaFpJosqHxZXNmGQ,1:19 what i tell my wife when she wants kids,1,0,False,False,1783555200
r7zJ8srwwjk,UgwVnC41irgq4J587MV4AaABAg,root,@Jimmybobstick,UCKFs39zgaFpJosqHxZXNmGQ,LOL WATCHIN THIS IS 2026 IS SO FUNNY,0,0,False,False,1783555200
r7zJ8srwwjk,UgyYjHn7zQ8jp_AEC0R4AaABAg,root,@iamthewindgng,UCqLwIOOZCGHA6PIWg4Saamg,karl why bro,0,0,False,False,1783555200
r7zJ8srwwjk,UgzV_Ju2_IKWNRu6yvZ4AaABAg,root,@MdZiya43,UCnAWliYu_I3elj5hkXvgqwA,❤❤❤😊,0,0,False,False,1783468800
r7zJ8srwwjk,UgxD9kAIkoWf_KHowCp4AaABAg,root,@BaconGirl_ASMR,UCbp7t2vkl7xLmAoCtzw752A,Who's watching today?,4,0,False,False,1783296000
r7zJ8srwwjk,UgyCgI-lg0G094NFbnR4AaABAg,root,@CujoDookis,UCNKLSOq0m1bybfSuriRKwdw,Clouds?,0,0,False,False,1783296000
r7zJ8srwwjk,Ugw69LGbtvE5JqHEMYp4AaABAg,root,@Damian-l3d2h,UCii8K9Ir4CMhhFBulF3YnNg,Jesus is king,0,0,False,False,1783296000
r7zJ8srwwjk,UgwbVejLW1N1aemWqtd4AaABAg,root,@Ramnivashshakya111,UCfuoE3sIXZ8Wr7wqquX4llw,1000000 dollar help,0,0,False,False,1783296000
r7zJ8srwwjk,Ugw-BMjQWKXr6qEeRLh4AaABAg,root,@khafid6328,UC4sDDrJS1wxll_qJ8n6Utlw,7:24,0,0,False,False,1783296000
r7zJ8srwwjk,UgzQJ_5w6B2LbKYkdWJ4AaABAg,root,@Antree-z8b,UCrde0zzpipXAmLU0XX0fbzA,THIS WAS 6 YEARS AGO?!?!?!?!?,1,0,False,False,1783296000
r7zJ8srwwjk,UgxSFKqvwEOsOeLSMGF4AaABAg,root,@chrr16s,UCthmujJqxEwA-KR_M3qPjkw,ts was so peak,0,0,False,False,1783296000
r7zJ8srwwjk,UgzhEJmDecZuKrH3LhR4AaABAg,root,@SmileGodLovesYou1982,UCeHM308CTnGbwIKvAzx6nmw,❤❤❤❤❤❤❤❤❤❤❤❤,0,0,False,False,1783296000
r7zJ8srwwjk,Ugy0CNZ_IqNOujNlRyR4AaABAg,root,@AceEhaunts,UCC8NhiwBZ4B9luZM3CWY1fg,2026 anyone?,3,0,False,False,1783296000
r7zJ8srwwjk,Ugws9uYzrK_wvh5P2KJ4AaABAg,root,@大野照英,UC9BYGJScGkQUHY_6Vnfx5kg,なんでイヤホンしてんのに聞こえてんの,0,0,False,False,1783296000
r7zJ8srwwjk,Ugz8ZpErTuOhMwPiP_94AaABAg,root,@DamlaYabas,UCSjHd0GKJUdDBc4HhGKBLSQ,ben aboneyi,0,0,False,False,1783296000
r7zJ8srwwjk,UgxOWK86sAOeiuTtKNB4AaABAg,root,@Swyangshree,UC4UmmcYaVZNFKDd-e-JTG0Q,No she is not Jimmy gf because in 2026 a girl her fiance 😢😢 what,1,0,False,False,1783296000
r7zJ8srwwjk,UgxC4iFaluU8-fNvbyB4AaABAg,root,@Panda_pubg_yt,UCvkpZIKO7KPItaamLMI_mbw,Uzbek tili uchun tashakkur🎉🎉🎉,0,0,False,False,1783296000
r7zJ8srwwjk,UgxY1evmEQh99O54vvB4AaABAg,root,@ChocolateCake9913,UCs-fdd-YAC_zsaygQyQ3Wjg,First 2 days and 2 hours Then a week! What next a month,0,0,False,False,1783296000
r7zJ8srwwjk,UgwVpY4uVE0_dNzPSnV4AaABAg,root,@WaliDlawar-i2d,UCOTMFn0J0ioKJ8VqaXWLCDQ,تشکار برای دوبله فارسی ❤❤,0,0,False,False,1782691200
r7zJ8srwwjk,UgxaubiPzRxEdONZm2t4AaABAg,root,@harunberken9836,UC7XiNqE_Obj7g-YsgpVzH0w,where my cookie?,0,0,False,False,1782691200
r7zJ8srwwjk,UgylaYR_GcHxVlNi08B4AaABAg,root,@PixelRushPlayer,UCTi0P9pFsZi6xA_aZK5mhhQ,"1:06 ""Hey Jimmy you wanna know what the inside of my throat sounds like? uUAAAÆE-""",1,0,False,False,1782691200
r7zJ8srwwjk,Ugwzl3z6fcBl-Y1hAUN4AaABAg,root,@ShantaShanta-b2k,UC_6y8wyzvV-2U3ZekiSV2Tg,15:28,0,0,False,False,1782691200
r7zJ8srwwjk,Ugz3ds_9MNHoaxuGFwB4AaABAg,root,@akmohanan,UCTAPt8OZBcyQ9yNhiqX66ag,😂😂😂😂😂,0,0,False,False,1782691200
r7zJ8srwwjk,Ugw4k7KDcOFDcr6FB094AaABAg,root,@stealixlive,UCpxxYh61T_34Y2M_0Dq14PA,who miss sinchan and pinchan?,0,0,False,False,1782691200
r7zJ8srwwjk,UgxDoUrbuMacJeCL9bh4AaABAg,root,@乗り物系-r5x,UC9uyXFwKNFSwQHeSAvLiIsA,4:52マジックミラー？！,1,0,False,False,1782691200
r7zJ8srwwjk,Ugz_XHtbwqm2KWSW7jx4AaABAg,root,@Kantanahero98gaming,UCuss480P62ywMAdZ1pJ7Yug,I wish you make YouTube shorts as 600M subscribers,0,0,False,False,1782691200
r7zJ8srwwjk,Ugy-c8-fmJOqEUKdWN14AaABAg,root,@Irsyadul-w7f,UCi3R5HFdegnXh1P7U-pt_kg,A,0,0,False,False,1782691200
r7zJ8srwwjk,UgyPCEXJiJX2IFbyCul4AaABAg,root,@MukasnHosan,UCobHF9I72dlRlZ-d_MEFWJg,1:26,0,0,False,False,1782691200
r7zJ8srwwjk,UgxtOSLfJc80JrN_GsB4AaABAg,root,@นางสาวดารณีมนทักษิณ,UCg4urLe92KNgXXcJ3ZGGIig,ถ้าเด็ดมะม่วงชัดๆ,0,0,False,False,1782691200
r7zJ8srwwjk,UgxXrdPctVUZpCWEbsF4AaABAg,root,@TheHcuber,UCkzLsZWvHrMPjOC6fQVXR6g,2:26 .,0,0,False,False,1782691200
r7zJ8srwwjk,UgxmFz85CLGr_S0O6z94AaABAg,root,@TheHcuber,UCkzLsZWvHrMPjOC6fQVXR6g,1:40,0,0,False,False,1782691200
r7zJ8srwwjk,Ugxydn_czzr6-aw3jlJ4AaABAg,root,@Poopiemonster3,UCXbC4mf9dv0KHv06G6S1wBw,I love tareq,0,0,False,False,1782691200
r7zJ8srwwjk,UgxY4FRdWZZmEONrI0t4AaABAg,root,@lionblox4784,UCVANA3zKz5w14DJWOzsD9jA,Wow.... It has been a while,0,0,False,False,1782691200
r7zJ8srwwjk,UgyzZzKSlWIl08avXil4AaABAg,root,@Westleigh1111,UCq8t0h5RBYwpEpsTDPD3l0Q,"1:34 That ""Uuuuugggghhhhh"" killed me",0,0,False,False,1782691200
r7zJ8srwwjk,UgwN0IMgiGaUUp3FQ494AaABAg,root,@Akhil-s1j6c,UClNpMaj3sPQsxnUlYMCXlOQ,😂 Jimmy ❤,0,0,False,False,1782691200
r7zJ8srwwjk,UgzsaKxO4doZLVVnr9x4AaABAg,root,@Cosmo68-dm11,UCkJseLW6rczBxAip-0OK2qw,I miss this. 😢,0,0,False,False,1782691200
r7zJ8srwwjk,UgwyefbI8dHJFsz9XmB4AaABAg,root,@tienvohuu8513,UCeW5-pSDQE8kKSKz9ajCjTA,😂😂😂😂😂,0,0,False,False,1782691200
r7zJ8srwwjk,UgwO0Tj156bf63JmNL54AaABAg,root,@hello_i_am_boggy,UCTxVCxti9kgWLqJh3qk9gnA,bro cant you just close the tv?,0,0,False,False,1782086400
r7zJ8srwwjk,UgwSiAfk2x1SgGlYLSx4AaABAg,root,@IlysSaidullaev,UC9IlTXN29MQhay49IwcFO-Q,10:09😂😂,0,0,False,False,1782086400
GLoeAJUcz38,UgxIRvWUgNQXqR34dJB4AaABAg,root,@MrBeast,UCX6OQ3DkcsbYNE6H8uQQuVA,"Push the red subscribe button and you could also win $100,000! (Seriously, we always fly subscribers down lol)",134000,22,False,True,1626739200
GLoeAJUcz38,UgxIRvWUgNQXqR34dJB4AaABAg.9G2z-ebS4ak9G2z9GclWwt,UgxIRvWUgNQXqR34dJB4AaABAg,@jamesm7566,UCPRVc92fs5trCnkROXW5Ufw,you ne,16,0,False,False,1626739200
GLoeAJUcz38,UgxIRvWUgNQXqR34dJB4AaABAg.9G2z-ebS4ak9G2zBSH5CtJ,UgxIRvWUgNQXqR34dJB4AaABAg,@SeharPazir,UCpfw5xRwIp2Ag4mWfKDHlJA,Hi,9,1,False,False,1626739200
GLoeAJUcz38,UgxIRvWUgNQXqR34dJB4AaABAg.9G2z-ebS4akAYWBmDzq6_i,UgxIRvWUgNQXqR34dJB4AaABAg.9G2z-ebS4ak9G2zBSH5CtJ,@ประสานตันมอญ,UCk-JOaBxwjEUW_JBekuSNgg,​@SeharPazirให้เป็นทหารไทยจังหวัดนครรนราดชาสีมาทหารพยาบาล,2,0,False,False,1782691200
GLoeAJUcz38,UgxIRvWUgNQXqR34dJB4AaABAg.9G2z-ebS4ak9G2zU-LMual,UgxIRvWUgNQXqR34dJB4AaABAg,@Chefpeepee1,UCk5SV40DqZm8cW0rwZDwk8Q,hi,7,0,False,False,1626739200
GLoeAJUcz38,UgxIRvWUgNQXqR34dJB4AaABAg.9G2z-ebS4ak9G2zAIVNPnZ,UgxIRvWUgNQXqR34dJB4AaABAg,@jackmcmorris4246,UCtOT57ntYUIUTfnMXfh1auA,Lol,6,0,False,False,1626739200
GLoeAJUcz38,UgxIRvWUgNQXqR34dJB4AaABAg.9G2z-ebS4ak9G2zBsn4JLO,UgxIRvWUgNQXqR34dJB4AaABAg,@abrayden25,UC1DFLUmPas33CvdhhqXSZ8w,Hedndd,5,0,False,False,1626739200
GLoeAJUcz38,UgxIRvWUgNQXqR34dJB4AaABAg.9G2z-ebS4ak9G2zADsf_W1,UgxIRvWUgNQXqR34dJB4AaABAg,@ShellysMillions,UCWYZO6p7livLdzOJYQ0D5PA,I’m down,4,0,False,False,1626739200
GLoeAJUcz38,UgxIRvWUgNQXqR34dJB4AaABAg.9G2z-ebS4ak9G2zBlToKNk,UgxIRvWUgNQXqR34dJB4AaABAg,@fret1,UCAzAH_nc5kF9cdN88Jn8_uQ,Here before the 500 reply limit,4,0,False,False,1626739200
GLoeAJUcz38,UgxIRvWUgNQXqR34dJB4AaABAg.9G2z-ebS4ak9G2zBpl9FvB,UgxIRvWUgNQXqR34dJB4AaABAg,@edwinv1231,UCEjDV5QGjOL9L8yQb-Q8Szw,Ive been susbsribed since 4 years ago and I have proof,4,0,False,False,1626739200
GLoeAJUcz38,UgxIRvWUgNQXqR34dJB4AaABAg.9G2z-ebS4ak9G2zBrmxBPb,UgxIRvWUgNQXqR34dJB4AaABAg,@AngelLopezFitness,UCfeag_DpXIhwx1R0_akCrCQ,Let's get it,4,0,False,False,1626739200
GLoeAJUcz38,UgxIRvWUgNQXqR34dJB4AaABAg.9G2z-ebS4ak9G2zByP9k7r,UgxIRvWUgNQXqR34dJB4AaABAg,@drtwice2753,UCTh5oMzhkJ761QkDysC1x0A,I will press this easily,4,0,False,False,1626739200
GLoeAJUcz38,UgxIRvWUgNQXqR34dJB4AaABAg.9G2z-ebS4ak9G2zDAOGKLy,UgxIRvWUgNQXqR34dJB4AaABAg,@Mia4,UCBfZoXoaFE0aPAK09z7AX6A,Hi,4,0,False,False,1626739200
GLoeAJUcz38,UgxIRvWUgNQXqR34dJB4AaABAg.9G2z-ebS4ak9G2zDfo59CB,UgxIRvWUgNQXqR34dJB4AaABAg,@MannySoulUSA,UCEf72OSpR1_tLm5hpzLc1NA,Hey,4,0,False,False,1626739200
GLoeAJUcz38,UgxIRvWUgNQXqR34dJB4AaABAg.9G2z-ebS4ak9G2zUdD7q-1,UgxIRvWUgNQXqR34dJB4AaABAg,@darwizzylfc,UC1hvJdN05qM8-y_z1cJLEUQ,Hi,4,0,False,False,1626739200
GLoeAJUcz38,UgxIRvWUgNQXqR34dJB4AaABAg.9G2z-ebS4ak9G2zV2G2dWC,UgxIRvWUgNQXqR34dJB4AaABAg,@matttheclasher04,UCv-2NgUO74NXvnFf47dwGfA,How do I get to the button,4,0,False,False,1626739200
GLoeAJUcz38,UgxIRvWUgNQXqR34dJB4AaABAg.9G2z-ebS4ak9G2z7MJBqr0,UgxIRvWUgNQXqR34dJB4AaABAg,@lindaahip,UCGUWPkhAEv1Kxo6e1TBd7Ow,Yes,27,1,False,False,1626739200
GLoeAJUcz38,UgxIRvWUgNQXqR34dJB4AaABAg.9G2z-ebS4akAPLnIVyZWQz,UgxIRvWUgNQXqR34dJB4AaABAg.9G2z-ebS4ak9G2z7MJBqr0,@anjaderner8287,UC9MzOZzyWl1NFn8XQWihtDw,​😮,5,0,False,False,1763596800
GLoeAJUcz38,UgxIRvWUgNQXqR34dJB4AaABAg.9G2z-ebS4ak9G2z95tARhx,UgxIRvWUgNQXqR34dJB4AaABAg,@sarammamathew2505,UCV8WIwwJifao6Ntf3tuMaiA,I am brig fan,26,1,False,False,1626739200
GLoeAJUcz38,UgxIRvWUgNQXqR34dJB4AaABAg.9G2z-ebS4akAYWBTBnWruu,UgxIRvWUgNQXqR34dJB4AaABAg.9G2z-ebS4ak9G2z95tARhx,@ประสานตันมอญ,UCk-JOaBxwjEUW_JBekuSNgg,​ @sarammamathew2505 จงเป็นคุณคูรให้โรงเรียนมารีรักย์ษฺ์ไทยได้นะครับ,0,0,False,False,1782691200
GLoeAJUcz38,UgxIRvWUgNQXqR34dJB4AaABAg.9G2z-ebS4ak9G2zBdOrAfF,UgxIRvWUgNQXqR34dJB4AaABAg,@arplight,UCqBEp_-5vs9vIaJFslKnVIg,im alredy subbed dont worry lol,3,0,False,False,1626739200
GLoeAJUcz38,UgxIRvWUgNQXqR34dJB4AaABAg.9G2z-ebS4ak9G2zBw-1_Y0,UgxIRvWUgNQXqR34dJB4AaABAg,@luisnotmean9632,UCJoDfiNTurRjpe3EhYW_KjQ,no,3,0,False,False,1626739200
GLoeAJUcz38,UgxIRvWUgNQXqR34dJB4AaABAg.9G2z-ebS4ak9G2zBxfHtIx,UgxIRvWUgNQXqR34dJB4AaABAg,@FahadZa-20,UC8FjLjpxml3tMMlsqeDcBug,I’m so early for the first time,3,0,False,False,1626739200
GLoeAJUcz38,UgxIRvWUgNQXqR34dJB4AaABAg.9G2z-ebS4ak9G2zCLQj_o7,UgxIRvWUgNQXqR34dJB4AaABAg,@bigghappyy,UCa7LgjiVPa4e_bSM_u2M9_Q,Awesome.,3,0,False,False,1626739200
GLoeAJUcz38,UgxIRvWUgNQXqR34dJB4AaABAg.9G2z-ebS4ak9G2zCd_ArM6,UgxIRvWUgNQXqR34dJB4AaABAg,@adambaf8509,UCgNF4NgOXs4Qi9KJenLa0Gw,I have been subbed as long as I had YouTube,3,0,False,False,1626739200
GLoeAJUcz38,UgxIRvWUgNQXqR34dJB4AaABAg.9G2z-ebS4ak9G2zD9IkB0h,UgxIRvWUgNQXqR34dJB4AaABAg,@walmart7862,UCSBbXIoJ599drUMsK14beuQ,yes,3,0,False,False,1626739200
GLoeAJUcz38,UgzUI-N77QTkFdcxcJZ4AaABAg,root,@LabibaOrin-r7v,UCOcd5XMSSqD-5aAA2zXShtA,I❤🇦🇷,0,0,False,False,1784448000
GLoeAJUcz38,Ugyo4zNdXZ7sxAKQS954AaABAg,root,@AnithaBachalakuri-w5f,UCGSnlkz4bhL9np2JQvVnxvQ,😂😂😂😂😂,0,0,False,False,1784430000
GLoeAJUcz38,Ugy-W1sfzI6BfnyFKSZ4AaABAg,root,@NadialieEDMOND,UCgIY5iP_HlSqEubaHyW30aA,"mr beast i press the button can i have 100,000",0,0,False,False,1784390400
GLoeAJUcz38,Ugws74-VGZLD8O2k8Xl4AaABAg,root,@aftabaliaftab786,UCRTxOXepcUa4IoJ7Wt5mSig,I thought if I would click on the video them I'll get something,0,0,False,False,1784419200
GLoeAJUcz38,UgxAhl7xqR0ei4zSF414AaABAg,root,@GigiGaming-r8p,UC3yyJFn-1OOt-nv_nTQu6FQ,Not the babies😢😢😢😢😢😢😢😢😢😢😢😢😢😢😢😢😢😢😢,0,0,False,False,1784419200
GLoeAJUcz38,UgzaEUMU-9LQLPt1kfV4AaABAg,root,@Kymy201M,UCnAPsRXtybpqZdtOznY_J8g,Hello,0,0,False,False,1784419200
GLoeAJUcz38,UgwxUU7w1_CXrpOvBBN4AaABAg,root,@любитель-халф-лайф,UCQMAQv93ootTA0hiJpgcYKw,Karl win's,0,0,False,False,1784332800
GLoeAJUcz38,UgxVT4VD_i2mbax5jNh4AaABAg,root,@damianhernandez624,UCz_TRYAyjf7J2JwNy9BMuuQ,CHOOSE WHO EATS 5 CHOCOLATE COVERED CRICKESTS,0,0,False,False,1784332800
GLoeAJUcz38,UgwGwPP10TEi5XrCUJB4AaABAg,root,@Andreas-Q,UCtxqXn88dq4_vgV2I2paMFQ,Hahhaha,0,0,False,False,1784246400
GLoeAJUcz38,UgxU5yVEH1Khr8oTOPl4AaABAg,root,@cathybrown8954,UCeAUWdGnesR0cO0-Suc2BWg,2:28 😂😂😂😂😂😂😂😂😂😂,0,0,False,False,1784246400
GLoeAJUcz38,Ugx5rHx88u8tyEDBuHp4AaABAg,root,@naraashi-81,UC9SIIw4FRfnPkr-HWv7njBw,7:48 whyyyyyyyyyyyy✌✌😭😭,0,0,False,False,1784246400
GLoeAJUcz38,Ugxi1_l7dhjCDaxmKat4AaABAg,root,@firemaster-n3j,UCdwC5E38iAF5i3dfAYmr2EQ,Bro why couldn’t everyone just be normal now,1,0,False,False,1784246400
GLoeAJUcz38,UgzhunrHQIbPQZR8yGp4AaABAg,root,@Traycen-v4d,UCA4Xd1pn-Acx1N2u55a6SSg,At 4:11 Carl looked so sad and innocent😭😭,0,0,False,False,1784246400
GLoeAJUcz38,Ugy6z18-zx8aqrTHX9h4AaABAg,root,@AnitaThapa-pc3hf,UCPUn5Z7qt0TfNHJCACZBS_Q,Hey come to nepal,0,0,False,False,1784160000
GLoeAJUcz38,UgxH93fzbe51dFFFs4N4AaABAg,root,@BladeJarvis,UC-W5-bNiZsdfx2VClWsDZyw,3:12 uugghhhhhh 😫😩,0,0,False,False,1784160000
GLoeAJUcz38,UgxiuL8dmmvT0aAu2XN4AaABAg,root,@jiahaolian7052,UCta_gGV31SeT9iwKLEepR6Q,8:38,0,0,False,False,1784073600
GLoeAJUcz38,UgyN1dfBUrdo5hKA6rJ4AaABAg,root,@EmmaSmith-n8p,UCjgn5bO3ZPwHzkzAPCvCguw,The my mom Shirt,0,0,False,False,1784073600
GLoeAJUcz38,Ugy5Xn_oXywx03Lnkph4AaABAg,root,@casmoecooking19,UCcLPzc_yTyeUBn2CYPkY-bA,4:54 they did not show every punishment,0,0,False,False,1784073600
GLoeAJUcz38,UgwIemuTf2CI3c3w3ZB4AaABAg,root,@natePlays928,UCSfLbeBU4vUwDl7he3embCA,7:48 67,0,0,False,False,1784073600
GLoeAJUcz38,UgxPuklKWwA49kmBvll4AaABAg,root,@Igor-p2m3n,UC6yYnkEUi-e4FJbh_wcLqoA,7:47 67 em 2020?,0,0,False,False,1784073600
GLoeAJUcz38,UgyD1Tn2k7Nt40RzaFZ4AaABAg,root,@ConquerorClutch-m6o,UCgXbvHXUe7GiIUiYtzBN7kg,So cold 🥶,0,0,False,False,1784073600
GLoeAJUcz38,UgygQmk7REEDycnDQQ94AaABAg,root,@MarufHussein-h2c,UCM64MbG3y5sNy-yPUkIr3ow,Hi,0,0,False,False,1784073600
GLoeAJUcz38,UgzdcovcReZhLd_DB214AaABAg,root,@حمد-ي1ي6غ,UCIADmeQL93ULLpWyV7CRElw,منو عربي😂,0,0,False,False,1783987200
GLoeAJUcz38,UgwduDG1f4mypICzA5F4AaABAg,root,@VedKhandualo,UCe6n7fNQN4C-6E8SlnOLcCA,Yooooooooooooooooooooooooo,0,0,False,False,1783900800
GLoeAJUcz38,UgyYSHgB94dodfIgwfV4AaABAg,root,@Myzticalplays,UCgZSR1L4mjhDBrbEOoNY7wg,The “can’t get worse then that” is so og and I watched it in like 2024,0,0,False,False,1783900800
GLoeAJUcz38,Ugy3hstxiAqma2gH3a94AaABAg,root,@constanzagarza897,UCxrxpuj-35bRbdIkY-E5R1A,8:38 Arbys,0,0,False,False,1783814400
GLoeAJUcz38,Ugzcet3ghiUk8d0HjVN4AaABAg,root,@revuno.roblox,UCAWzjBhW3M2sVEsHTN8RnJw,this is looks so funny🤣🤣🤣,0,0,False,False,1783814400
GLoeAJUcz38,UgytUSjj2payU54-pWp4AaABAg,root,@Bahamamenaremyfriends,UCqk0c74za1GvD9c0lDrtODQ,Anyone here from July 2026???,4,0,False,False,1783814400
GLoeAJUcz38,Ugy-MD-mOUilJFvr2fN4AaABAg,root,@Ryguy_0,UCJX8MXrURAlxpIqQI3ZJQYg,15:11  BOOM 💥💥💥,0,0,False,False,1783728000
GLoeAJUcz38,Ugw0eJkT5MIkWB4OOfh4AaABAg,root,@twr63,UCSV92f89z1bHOEc1PSxNmgw,8:35 Chandler prediction Arby's,1,0,False,False,1783728000
GLoeAJUcz38,UgyDCMbtYX_oX5Qf-nx4AaABAg,root,@ChampionGaming-bn2tc,UCGAuZX3WvCRMsTnSiE7pdCg,"93,192nd",0,0,False,False,1783728000
GLoeAJUcz38,UgzCVK8ihjfULQN3XVR4AaABAg,root,@THFC111,UCySauA6RK0HEYpxDzVQ_iUg,7:39 who is this why isn’t he in the videos anymore,0,0,False,False,1783641600
GLoeAJUcz38,Ugyu6j0KkzSQ4n9mWep4AaABAg,root,@郭俊偉-g3q,UCbvgEIvClBJ-UOpIolHfe6Q,可ㄧˇ班我點ㄓㄢˋ嗎,0,0,False,False,1783555200
GLoeAJUcz38,UgzysKDlkOnBUxhMMWp4AaABAg,root,@郭俊偉-g3q,UCbvgEIvClBJ-UOpIolHfe6Q,好好看😊我愛你💓❤️😘😋❤❤你愛我嗎😊,1,0,False,False,1783555200
GLoeAJUcz38,Ugw8y87hQA7onQkI0lZ4AaABAg,root,@bonniefromfnaf1,UCbf_AuccWyhnj3DoGZUmV5g,"2020: trying to hit 50 million

2026: hits 500 million",0,0,False,False,1783555200
GLoeAJUcz38,Ugx1krVL9BIHCKBzRRJ4AaABAg,root,@TAHAYEET123,UC5yv2zUv7JfqhiBmuRjwqkA,Bro just did 67,0,0,False,False,1783555200
GLoeAJUcz38,UgzYEZdXtjf4XnogfNZ4AaABAg,root,@Noah9Nipz,UCglwzgLHDrYIB9Z4xUZRXng,8:40 holy prediction🥀,0,0,False,False,1783555200
GLoeAJUcz38,UgybTLhxK-IjFqZckjh4AaABAg,root,@Zakica444,UCOMpEhpDJ1ThVuG_-3B23yA,I still want the hour long version…,0,0,False,False,1783555200
GLoeAJUcz38,UgwFaAHxevgNcU9LkMl4AaABAg,root,@AidanKnight-x5w,UCcFErjrP4CM4yz9BKS2WPUA,whos watching in 2026,1,0,False,False,1783468800
GLoeAJUcz38,Ugz5XhhjOGpsJ9oVL7h4AaABAg,root,@AlanGonzalez-e2v,UCWaEUkiJUl7W-spiDVxkxgA,Carl es increible que apretara el botón y acerce elegido a el mismo 😮🎉,1,0,False,False,1783468800
GLoeAJUcz38,UgzDvpGDw_eK2I9YbOp4AaABAg,root,@SaMeErSiNgH_Uk_04,UCGibyNzgod-3Si2o3Ei4ULg,Luv u bro❤❤❤❤❤,0,0,False,False,1783468800
GLoeAJUcz38,UgyU0D-pwTDI_7AvEDB4AaABAg,root,@valquiriaferreirabastoskal5003,UCXC13L0BFAPNvjFdB9sPiHg,Bingolas,0,0,False,False,1783468800
GLoeAJUcz38,UgzqcFFjUYWAl8vc_Uh4AaABAg,root,@christinadufour2674,UCs_RjxCMWZdLn9IBH5keYXg,8:33,0,0,False,False,1783468800
GLoeAJUcz38,UgzfPAdae_EOuSwBG_V4AaABAg,root,@FernanTorres-l7g,UCc7hpXEmfEzASO4CxOjvk_g,Quien del 2026 y vio que predijo el 67,0,0,False,False,1783468800
GLoeAJUcz38,UgzO2PHhDkyVc4N0qdl4AaABAg,root,@zonebro.7,UCusJxdO9peGWLHxo8QTKm_g,2026 year video like,1,0,False,False,1783382400
GLoeAJUcz38,UgzCZ1uXEcVcFGzoyMd4AaABAg,root,@Jihan8C,UC5TbivtObKEwXxbheDdJ9Sw,"Amazing $100.000
Please given me 😱😱 1:39",0,0,False,False,1783382400
GLoeAJUcz38,UgwevY9daN_SppIWsz94AaABAg,root,@Baguette844,UCxOE-5ypWriMrXk4sU9CI2g,I miss old mr beast,2,0,False,False,1783382400
GLoeAJUcz38,Ugwx_ZIJASP4daTakfl4AaABAg,root,@AMP_GAMER-1,UC0_tUeohcxpMI0SCBCwo9IA,8:38 bro chandler predicted Arby’s🥀🥀,0,0,False,False,1783382400
GLoeAJUcz38,Ugy_26iaCAsWd9nrbMp4AaABAg,root,@jpntgamer,UCBqa0BHQ7WRhPe7ZqvariNA,"I’m a huge fan of yours; my biggest dream is to visit the USA and take part in one of your games. I always watch your videos, though I never comment because I download them to watch offline due to a lack of internet access—but I really enjoy them. I’d also love to finish *Beast Games*.
Also, I don’t speak English very well, so I used a translator to write all this.",0,0,False,False,1783382400
GLoeAJUcz38,Ugxgg7H_joKNak_76pF4AaABAg,root,@GFh-HuyART,UC8M6-PE5KXbJiiSxuKuiTfg,5:19 me 😂😂😂😂😂😂,0,0,False,False,1783296000
GLoeAJUcz38,Ugx7gaS--g6nIfowyxB4AaABAg,root,@JoyjooheeKim,UCA15q_Jm87bdkBfRhlNy8MQ,Hey do you like mark rober,1,0,False,False,1783296000
GLoeAJUcz38,Ugy0L3s1lMbEDN9lQSd4AaABAg,root,@JoyjooheeKim,UCA15q_Jm87bdkBfRhlNy8MQ,100000 with jireh,1,0,False,False,1783296000
GLoeAJUcz38,Ugxofdwu6LckAUip9IV4AaABAg,root,@Martin-vh5lp,UCPkJcBSvvBT-4vfgeHyh6vA,mrbeast sä oot tosi hyvä koska  monet tubetajat puhuu englantia ja en ymmärrä sitä hyvin kiitti kun teet videoita venäjäksi,0,0,False,False,1783296000
GLoeAJUcz38,UgwF-Lx4siaPbK80vxh4AaABAg,root,@muhammadrahman6944,UChVnZSIPAv6oCOGTN_S1ATQ,96+?,0,0,False,False,1783296000
GLoeAJUcz38,Ugw_zSoZbddbjvHxELV4AaABAg,root,@KJ_the_Sports_guy,UC7rK2lseBFO_GRKT0pet5iA,WHO realized that the front picture is the Japanese logo,0,0,False,False,1783296000
GLoeAJUcz38,UgxAk8JZbCGpDMfIJFl4AaABAg,root,@kajaleyes,UCSeMTP9RqZWsyPxzyERSnbg,7:48 hai predicted the 67 meme,0,0,False,False,1783296000
GLoeAJUcz38,Ugye7GvhGdrZ_JqU0fl4AaABAg,root,@flavyrru.official,UCyq1_CaM-Rk8SBLSr93MTaA,7:47 bro predicted 6-7,1,0,False,False,1783296000
GLoeAJUcz38,Ugwj66Fte_9qAJ2fv3t4AaABAg,root,@Татьянаф-ч1е,UCyP1DErnmtC8VZycO36RsKw,Мистер Бист возьми меня в своё видео,0,0,False,False,1783296000
GLoeAJUcz38,Ugy7qbKF8SkFH0J1K7l4AaABAg,root,@AhmadMalik559,UCPqQxORMrJR7849n2bHHGnQ,Poor Nolan😭,1,0,False,False,1783296000
GLoeAJUcz38,Ugx7SEOAxmHzBaPsOVh4AaABAg,root,@christinadufour2674,UCs_RjxCMWZdLn9IBH5keYXg,MrBeast in 2031 be like: Destroying Charlotte Piedmont Community College And Rebuilding It To Making It Look More Newer And Nicer😂,0,0,False,False,1783296000
GLoeAJUcz38,UgxCjMLd6UXpQRW6AM14AaABAg,root,@Makar-t7j5k,UC9U1V8Fh1ErtS6uWpvy7yyA,7:47 six seven,1,0,False,False,1783296000
GLoeAJUcz38,UgwJ7dOB3uhD3y0NsIl4AaABAg,root,@chstsk,UCI8-VJ1HkYm9tPQGffdzM_g,1:08 типичный день в детдоме 2137года,0,0,False,False,1783296000
GLoeAJUcz38,UgwIZn3yOAJjHi1BxD14AaABAg,root,@Siroliji,UC-a7J5dahQChrglQ375HOqw,6:50 who said he could not use creative?,2,0,False,False,1783296000
GLoeAJUcz38,UgxzTI5bUAFl2LdI0FN4AaABAg,root,@T_tVsdmt,UCedkQPnL3cUci6OCLmAxR_w,367,0,0,False,False,1783296000
GLoeAJUcz38,Ugzy6OvwcpVxpTSEO4h4AaABAg,root,@putriameliana-g4t,UC-gLkaO5vjVvkS1-lI8XaOw,"mrbeast buat video gini lagi dong, aku sangat suka sampai' aku menonton nya sama 3 kalii",0,0,False,False,1783296000
GLoeAJUcz38,UgzbeOA5iVjtyOf5To94AaABAg,root,@linchen6959,UCCNKjlnicg3YxFL_E1cPeoA,Mayniase 0:42,0,0,False,False,1783296000
GLoeAJUcz38,UgzKWhJQrLpdD-DeBwF4AaABAg,root,@fucksunsun,UC1eunNV476NeYzGd8MQ6MXQ,lol,0,0,False,False,1783296000
GLoeAJUcz38,UgwE8VokRWWEa0J1jdB4AaABAg,root,@garfiel0342,UCWxsI3c8GCeAXY6JjOXCSHQ,Na we le dieron una oportunidad y llega con esta wea 🥀,0,0,False,False,1783296000
GLoeAJUcz38,UgzqTmQ__GOYbcBOQsp4AaABAg,root,@linchen6959,UCCNKjlnicg3YxFL_E1cPeoA,Yo 6:02,0,0,False,False,1783296000
GLoeAJUcz38,Ugzzu8Mb9JfdNQJGEst4AaABAg,root,@linchen6959,UCCNKjlnicg3YxFL_E1cPeoA,Red Bull let’s you fart,0,0,False,False,1783296000
GLoeAJUcz38,UgybnhPjRilgdAFzjbN4AaABAg,root,@ducq_946,UC3eLfO-BUbbeuuCikfwF79A,"Fajny film, kto się zgadza klika łapkę w górę",0,0,False,False,1783296000
GLoeAJUcz38,UgxN1SVIZqMoGlb0y_t4AaABAg,root,@Catzilla_BR,UCbnl6g-QYnlK0b-3obh1ueA,9:22 AAAAAAHHHHH,1,0,False,False,1783296000
GLoeAJUcz38,UgywjYUB5Mz14dliHtV4AaABAg,root,@Trying_toGetFamous0689,UCOXJw8COhWO7sTmVqnhBjBg,She was so happy 😮😅😂😂 14:53,0,0,False,False,1783296000
GLoeAJUcz38,UgylXWQLaQCT4VYCQvJ4AaABAg,root,@MarcusRobles-j5s6p,UCSJ5YDzd_gAo6DrAt78PITQ,🎉🎉🎉,0,0,False,False,1783296000
yXWw0_UfSFg,UgxoyKIwb9qEiHKTTxp4AaABAg,root,@MrBeast,UCX6OQ3DkcsbYNE6H8uQQuVA,That required some circular reasoning. This does too: https://500px.com/p/beastforce67,161000,25,False,True,1595203200
yXWw0_UfSFg,UgxoyKIwb9qEiHKTTxp4AaABAg.95xcMkxyUnu95xh823j24g,UgxoyKIwb9qEiHKTTxp4AaABAg,@bunsosmith981,UCSxx9sH-7lOv4_ymZl1zsHA,"MrBeast i already subscribe and watching most of your videos,, i hope you can notice and shoutout my name,,thank you,, I feel so very poor watching your videos but at the same time happy for all your helps to other people,, god bless you more",15,0,False,False,1595203200
yXWw0_UfSFg,UgxoyKIwb9qEiHKTTxp4AaABAg.95xcMkxyUnu95xfCnBTlkm,UgxoyKIwb9qEiHKTTxp4AaABAg,@officialpetethecatlover4000,UC2o9pd5WBsd4nLIj6HABmQg,MrBeast yes,9,0,False,False,1595203200
yXWw0_UfSFg,UgxoyKIwb9qEiHKTTxp4AaABAg.95xcMkxyUnu95xgrm0Npqm,UgxoyKIwb9qEiHKTTxp4AaABAg,@elizak2486,UCF9p1X4NWpUZr_z5shsuHnA,MrBeast I subscribed ages ago 😎,4,0,False,False,1595203200
yXWw0_UfSFg,UgxoyKIwb9qEiHKTTxp4AaABAg.95xcMkxyUnu9B2GDg6CPer,UgxoyKIwb9qEiHKTTxp4AaABAg,@hamse_ahmed7,UCBOHJZCimFI4XEYTRByga6Q,e,4,0,False,False,1595203200
yXWw0_UfSFg,UgxoyKIwb9qEiHKTTxp4AaABAg.95xcMkxyUnu95xqePQb1UY,UgxoyKIwb9qEiHKTTxp4AaABAg,@zavri8543,UCkC-okD3J-hXRqWhpJ6WKpw,k,3,0,False,False,1595203200
yXWw0_UfSFg,UgxoyKIwb9qEiHKTTxp4AaABAg.95xcMkxyUnu95xvx5wl-NU,UgxoyKIwb9qEiHKTTxp4AaABAg,@drthdaddy,UCpjXugtT8otweHFe4wAbNNQ,I just subbed,3,0,False,False,1595203200
yXWw0_UfSFg,UgxoyKIwb9qEiHKTTxp4AaABAg.95xcMkxyUnu95xw41wFIkx,UgxoyKIwb9qEiHKTTxp4AaABAg,@genesisprice8951,UC-exBWkau8z4mNMrC-4nIPA,Your an amazing person😀😁,3,0,False,False,1595203200
yXWw0_UfSFg,UgxoyKIwb9qEiHKTTxp4AaABAg.95xcMkxyUnu95xfIFALSxl,UgxoyKIwb9qEiHKTTxp4AaABAg,@swirlingfizz9990,UCAKrjBQZaFtMtIKc7Tkr3fA,MrBeast I’m already subscribed,2,0,False,False,1595203200
yXWw0_UfSFg,UgxoyKIwb9qEiHKTTxp4AaABAg.95xcMkxyUnu95xfUtIhYjT,UgxoyKIwb9qEiHKTTxp4AaABAg,@MINIONBOBL,UCwFAoEBKt0sP2QMlkU95hAw,hi,2,0,False,False,1595203200
yXWw0_UfSFg,UgxoyKIwb9qEiHKTTxp4AaABAg.95xcMkxyUnu95xg6m-eiCS,UgxoyKIwb9qEiHKTTxp4AaABAg,@Wozkuu,UCw-aiLjyXE92mk3CuDNoXNg,MrBeast cool,2,0,False,False,1595203200
yXWw0_UfSFg,UgxoyKIwb9qEiHKTTxp4AaABAg.95xcMkxyUnu95xgJ1CAiAn,UgxoyKIwb9qEiHKTTxp4AaABAg,@jazminpaolina,UCHcgWgLJt9Ja0tvQi-2gZ8A,I invite you to pay for my college ;),2,0,False,False,1595203200
yXWw0_UfSFg,UgxoyKIwb9qEiHKTTxp4AaABAg.95xcMkxyUnu95xglToyB8d,UgxoyKIwb9qEiHKTTxp4AaABAg,@mrthedudeman,UC47HQcXbhslNdFzpEG7rpkg,MrBeast I just subscribed.  You should give away land to me.  Specifically in the desert Southwest near the Utah Arizona border...,2,0,False,False,1595203200
yXWw0_UfSFg,UgxoyKIwb9qEiHKTTxp4AaABAg.95xcMkxyUnu95xgmVmP8QF,UgxoyKIwb9qEiHKTTxp4AaABAg,@NLnaLovesU86,UCr5I4WciHJe5w98__QCBhBQ,😇👍🎂my birthday in August,2,0,False,False,1595203200
yXWw0_UfSFg,UgxoyKIwb9qEiHKTTxp4AaABAg.95xcMkxyUnu95xgsVUf1-D,UgxoyKIwb9qEiHKTTxp4AaABAg,@organasolo1837,UCf4eZo8wKjUZPoYNjrwQqFg,I’m 9,2,0,False,False,1595203200
yXWw0_UfSFg,UgxoyKIwb9qEiHKTTxp4AaABAg.95xcMkxyUnu95xh33kTtAj,UgxoyKIwb9qEiHKTTxp4AaABAg,@Openarthomes,UCrvkmOLM6qiuzZz7hZ5Rvpg,MrBeast ok,2,0,False,False,1595203200
yXWw0_UfSFg,UgxoyKIwb9qEiHKTTxp4AaABAg.95xcMkxyUnu95xh7X3jo5d,UgxoyKIwb9qEiHKTTxp4AaABAg,@fultzey,UCoTJwJ4WnzADQhwLxLH40lw,Yes,2,0,False,False,1595203200
yXWw0_UfSFg,UgxoyKIwb9qEiHKTTxp4AaABAg.95xcMkxyUnu95xib-Zu7rG,UgxoyKIwb9qEiHKTTxp4AaABAg,@aaronaltuve6908,UCkxqltozlC-SMSVel-NlyVg,Mr beast god bless you for helping all these people,2,0,False,False,1595203200
yXWw0_UfSFg,UgxoyKIwb9qEiHKTTxp4AaABAg.95xcMkxyUnu95xibKKD6qr,UgxoyKIwb9qEiHKTTxp4AaABAg,@sofia..s,UCN8YsnoXXRK9CIPwcVcYrmQ,yes,2,0,False,False,1595203200
yXWw0_UfSFg,UgxoyKIwb9qEiHKTTxp4AaABAg.95xcMkxyUnu95xkLROp2Di,UgxoyKIwb9qEiHKTTxp4AaABAg,@kogosh,UCotw_pWrBvWrM3pCTW5QSZg,.,2,0,False,False,1595203200
yXWw0_UfSFg,UgxoyKIwb9qEiHKTTxp4AaABAg.95xcMkxyUnu95xme8kD-Jp,UgxoyKIwb9qEiHKTTxp4AaABAg,@lordllamaofdoom2456,UCuanAApyoxekqO33K3giWjA,MrBeast yes,2,0,False,False,1595203200
yXWw0_UfSFg,UgxoyKIwb9qEiHKTTxp4AaABAg.95xcMkxyUnu95xmfCoretc,UgxoyKIwb9qEiHKTTxp4AaABAg,@Beepski33,UCGVMabzqJoI5YmUEa2Izf1w,Tank q,2,0,False,False,1595203200
yXWw0_UfSFg,UgxoyKIwb9qEiHKTTxp4AaABAg.95xcMkxyUnu95xrNzzd1Yb,UgxoyKIwb9qEiHKTTxp4AaABAg,@itsajoke9862,UCWoFAHR-yPg6U4D7mzs9OuA,Hi,2,0,False,False,1595203200
yXWw0_UfSFg,UgxoyKIwb9qEiHKTTxp4AaABAg.95xcMkxyUnu95xrcHYC8tX,UgxoyKIwb9qEiHKTTxp4AaABAg,@gracie3535,UCH8zfsnf3xP_EQVgiMq4tlw,Yes pls x,2,0,False,False,1595203200
yXWw0_UfSFg,UgxoyKIwb9qEiHKTTxp4AaABAg.95xcMkxyUnu95xsUOslQIc,UgxoyKIwb9qEiHKTTxp4AaABAg,@kaylamyers6567,UCyRPJfbK6P3ipELaQog7s4A,MrBeast 👋🏼,2,0,False,False,1595203200
yXWw0_UfSFg,UgxoyKIwb9qEiHKTTxp4AaABAg.95xcMkxyUnu95xuoets0N1,UgxoyKIwb9qEiHKTTxp4AaABAg,@kellenplayz2181,UCgYuwt2UN1NJSjjXYKOTisw,MrBeast ok,2,0,False,False,1595203200
yXWw0_UfSFg,Ugx9iNEYsH5hqNr7M714AaABAg,root,@SyedFarhanSafdarSafdar,UCSOb9U_zsMdIoa0Jt2Xb-6w,I really need your help. My family is facing severe financial difficulties and our living conditions are very bad. Please help us. Plzzzzzz😢😭😭😭😭😭😭😭.,0,0,False,False,1784437200
yXWw0_UfSFg,UgyHgNr-mdfGqsfL1S54AaABAg,root,@Quinazzi,UCAJJIGN5Tp3-MQ_JMMFo8EQ,i love you mr. beast. i always watch your videos. from philippines!,0,0,False,False,1784412000
yXWw0_UfSFg,Ugx19o9dins5ovO1sJZ4AaABAg,root,@soul___Master___KIN,UCPI5Z_8qWKOuDWNuFP_YdXQ,"Old mrbeast is normal challenging😊😊 but 2025, 2026 is evil challenge 😢😢",1,0,False,False,1784401200
yXWw0_UfSFg,UgyoEbwBr2ft2v6mc614AaABAg,root,@HiBabuQ,UCLicP0NH64U9Q3ay7lw5WPQ,Bhayamiyon khelte chai Bangladesh,0,0,False,False,1784397600
yXWw0_UfSFg,UgwVveCwaWuJE0RudxR4AaABAg,root,@johngiroux1661,UCNMF-odJBNi7xm1237-Qcvg,I be getting food. Screw electronics,0,0,False,False,1784419200
yXWw0_UfSFg,UgwLQ7UBsRca-UYa5SB4AaABAg,root,@SepidehShiri-s9h,UCFzV_qzdtnDWQG1N6NONFUw,😢❤,0,0,False,False,1784332800
yXWw0_UfSFg,UgzzH8Sf7DSv062nVmx4AaABAg,root,@GMArtiGrafiche,UCBls_f3YesqPSy0ImI7fwfg,only $ that it  $ $ $ $ only $ $ $ boring,0,0,False,False,1784332800
yXWw0_UfSFg,UgxWgZqlpfpeKuCmdwl4AaABAg,root,@OliverBuddle,UC4-AECCk-hFPznfHXfKqwTg,can I do that one day?,1,0,False,False,1784332800
yXWw0_UfSFg,UgyPqzen1qUArxsdgjx4AaABAg,root,@shirinboyew,UCLSK270z1xqxuocLLI-MA_w,17:26 he was a good dad he had a good character before the transformation. He was one of my favorite,2,0,False,False,1784246400
yXWw0_UfSFg,UgyYPvhTPw-nhKcrLuJ4AaABAg,root,@shirinboyew,UCLSK270z1xqxuocLLI-MA_w,The best Mr Beast ever❤,0,0,False,False,1784246400
yXWw0_UfSFg,UgxdTYxB_EpDWZc-ALV4AaABAg,root,@boyindonesia_official,UCLMKJ_4jf0hGh_uarjwc99A,ATtend ⭐🍼😃🥂,1,0,False,False,1784160000
yXWw0_UfSFg,UgxVI-gqtqQiP1g6DAl4AaABAg,root,@shovotgamer,UCd5Red8HrHxjInVhMSaTyqA,Uzbekcha tarjima qilsa boladi videoni ozida ozbekcha gapirishadi ekan zoʻr,0,0,False,False,1784160000
yXWw0_UfSFg,UgxyG8KzWRnTz6Asqi94AaABAg,root,@YSGaming18181-c,UCaSbEDBwATD5pxzkSMH4Znw,Mr Beast 6000 thousand,0,0,False,False,1784160000
yXWw0_UfSFg,UgwN7v7Dbtfd6J8MKpF4AaABAg,root,@PiyaJasosa,UCfqLxMCS9wX22xB5VI473jw,"Assalamu Alaikum, Mr. Beast. I am writing to you from Tando Jam, Hyderabad, Pakistan. I have followed your work for a long time and am deeply inspired by your incredible heart and how you help those in need. I am currently facing a desperate situation; I do not have a home of my own. Rent prices in my area have become so high that my family and I are constantly struggling to choose between paying rent or having enough money for food. I am humbly requesting your support. If it is possible, please consider helping me secure a safe place to live or providing financial assistance so I can purchase a small home. Any help you could provide would be life-changing for us. Thank you for your time and your kindness.",0,0,False,False,1784073600
yXWw0_UfSFg,UgyCNrKN6Ux_JQBdhzF4AaABAg,root,@Sinsubro,UCGWgFRM9ilkMiaMJLFC8S5A,Mr beast please send me readim 🥺,0,0,False,False,1784073600
yXWw0_UfSFg,Ugx30OqJb_Jyi-m0y7x4AaABAg,root,@TheOfficaltaggeditz,UCFD4Fkbh6ngtUxff60ReSPw,Why does the cart look so weird 14:43,0,0,False,False,1784073600
yXWw0_UfSFg,UgxkOdmvuN7ovWcmc_N4AaABAg,root,@KaminJanob-z3w8k,UCboKMZBZgs0HXbvE6DL7hsw,Mrbeast ❤❤❤❤❤❤❤❤❤❤❤❤❤❤,0,0,False,False,1783987200
yXWw0_UfSFg,UgynJHyfsX6TJvtvc-x4AaABAg,root,@nuhunald3194,UCppnLUDU0AwBep2xtHcpqkQ,Cimi senin sıkı hayraninim benide gör TÜRKİYE OSMANİYE 🇹🇷,0,0,False,False,1783900800
yXWw0_UfSFg,UgyAdvjmVIGtrSeVniF4AaABAg,root,@Bobloxclips99,UCFIn4pdSYMQ4i86mP7a3vVg,I miss these vids so much I remeber when it came out but I was too young to leave a comment 😢,2,0,False,False,1783900800
yXWw0_UfSFg,UgyIXtETwyOE-o6rOvZ4AaABAg,root,@jayyoung4094,UC9YTsxelu_caCOIW4QJ6B-Q,We love and follow Mr. Beast here in Beautiful British Columbia Canada!!!,0,0,False,False,1783900800
yXWw0_UfSFg,Ugx-K0mhDqRcXCeJPAF4AaABAg,root,@Riccardo216,UCRKdxkx2othqCWEomONUv_g,❤❤❤❤❤❤❤❤❤,0,0,False,False,1783900800
yXWw0_UfSFg,UgxQBfhVpDNCBw0GrY94AaABAg,root,@MDJOY-u1j,UCCyQbNcm-q8JfVuZyASKlsQ,Hi 🎉,0,0,False,False,1783900800
yXWw0_UfSFg,UgzYbbl4WOIuhJbOk2R4AaABAg,root,@gyantime6795,UCU3B0EbufCzYaZCDjRZnJZw,"Although I quit social media, i belive important updates needs to be posted to save genral public from frauds committed by corporates. I will return wherever there is a need to expose. I post this because many quality conscious youngsters spend money beyond their capacity to buy apple products. There is no need to buy it, as smart phone market is already saturated and other phones work equally well for your use. I post this with good intention that indian youth don't waste their hard earned money on apple. Let this message reach till Shri.Narendra Modi: 

A few years ago, my iPhone 13 developed a display issue after an iOS software update. There was no physical damage or water damage. Instead of paying Apple's expensive repair charges, I got the display replaced at a local repair shop for a much lower cost. The phone worked fine after that, so I gave it to my son. However, that experience left me very disappointed with Apple. I felt the repair costs were unreasonable and I was not satisfied with the overall after-sales experience. Based on that experience, I decided to switch to Vivo instead of buying another iPhone.
However, my wife still wanted to buy an iPhone 14 because she creates educational videos for kids and found iMovie and the iPhone ecosystem much easier for video editing and content creation.
Recently, while she was watching YouTube, her iPhone 14 also developed a display issue shortly after an iOS software update. There was no fall, no water damage, and the phone was just over two years old.
We visited an Apple Authorized Service Provider. They charged ₹1,800 just to run diagnostics and concluded that the display had failed. When I asked why a premium phone's display failed after only two years, I was simply told it was a ""functional failure."" No technical explanation was provided.
I then went to a local repair shop. They diagnosed the same display issue in about 10 minutes, charged nothing for diagnostics, and replaced the display for ₹7,000. The entire repair took about 20 minutes, and the phone has been working perfectly since then.
Seeing similar display issues on both my iPhone 13 and my wife's iPhone 14 after iOS software updates naturally raises doubts in my mind. I cannot say with certainty what caused the failures, but I do wonder whether software updates could be contributing to these failures or whether customers are being pushed towards expensive repairs or AppleCare+.
Apple positions itself as a premium brand, and customers pay a premium expecting reliability, durability, and a hassle-free ownership experience. In my opinion, if a premium phone develops a major display issue in just over two years and the official repair costs are extremely high without a satisfactory explanation for the failure, it becomes difficult to justify paying that premium.
This is my personal experience and opinion. I switched to Vivo after my iPhone 13 experience, and after this latest incident with my wife's iPhone 14, I have no intention of returning to the Apple ecosystem. I hope this helps others evaluate not just the purchase price, but also the long-term cost of ownership before making a buying decision.

For those who fear losing apple's ecosystem - trust me that you will lose nothing coming out of that eco system. Apple needs you, not vice versa. You can still function healthy, have a great life even if apple is not there in your life. What makes me feel so bad is that, Steve Jobs built this to provide premium experience at reasonable price. Once he died, Tim Cook took over, it became operational. If you don't believe me, go back and see when apple product price started to increase beyond justification, you will note that it is after Warren Buffet's Berkshire Hathway took substantial stake in apple. All these are my opinion. It is also my humble opinion that a investment company like Berkshire Hathway that merely exists to make profits to its shareholders, will not think about customer's affordability. They are only there to extract as much money from you, till you say enough, i cant pay anything more. You get it? Thats what is happening. Again, this is just my opinion.",0,0,False,False,1783814400
yXWw0_UfSFg,Ugw2EepZGARU5S1FwvB4AaABAg,root,@kxtempest,UCECw2MM_U_sRalZSbLEJyrw,"10th og mrbeast video yt showed me this week, watched it all, its just so good…",0,0,False,False,1783814400
yXWw0_UfSFg,UgxIvX_qIaw54ufEup94AaABAg,root,@MatiasAlderete-v9e8o,UCR8cIdmKdzR9EelMriR8H5g,Its amazing,0,0,False,False,1783814400
yXWw0_UfSFg,Ugw-hNVTHyHe5WibpVZ4AaABAg,root,@KevinHarrisDrumming,UCa96psYiQIitfcf2c9doV0w,These videos are better,1,0,False,False,1783728000
yXWw0_UfSFg,UgwOg1GJpnCxY0n0rdF4AaABAg,root,@Mr-Slayer2020,UCml7mC1XBuKTP6tXvqezTYQ,HOW IS THIS 6 YEARS AGO,0,0,False,False,1783728000
yXWw0_UfSFg,UgwR6lwE5e6j6x0dQfR4AaABAg,root,@Jael-o3u,UCa9qdLPPm68F2I3z5zDs-Og,"You should do this in Sephora 

I want to be the person you do it for",1,0,False,False,1783728000
yXWw0_UfSFg,UgwZtVS6gXr7bahgtpt4AaABAg,root,@medoge-sv3,UCD4LzuooXbJarcYurTFgkbQ,I'm at the end,0,0,False,False,1783641600
yXWw0_UfSFg,UgxlwRbwLU-Fai5CEB14AaABAg,root,@AbeerAlqahtani-f6w6s,UCzzqbkPicPo9I7cylfBMHKg,‏‪4:50‬‏ don't start crying yet 😂,0,0,False,False,1783641600
yXWw0_UfSFg,UgwF9Rq1fggjYSOMKRB4AaABAg,root,@azhrazlhrnndy,UCe8_ietx_I6nKPhyAgWxsLw,"tiap ganti orang, air mata turun mulu wkwk",0,0,False,False,1783555200
yXWw0_UfSFg,Ugwoe7kT54dVIgiebbN4AaABAg,root,@OmorAli-rz7dg,UCSqsTG3XY0JXg4nZnNWJtqw,He's so sexy ❌                                                 He's so shy ✅,1,0,False,False,1783555200
yXWw0_UfSFg,UgxES7948UHuyPA8BoF4AaABAg,root,@Carter92982,UCvc2_xCSVbPBA359Y7lq34w,Anyone else watching in 2026,1,0,False,False,1783555200
yXWw0_UfSFg,Ugz5hzjbpkFa-F3mey14AaABAg,root,@78Anderson,UC4AVVeB9KE-PJht3vWQ7eFg,Oh your wife's pregnant? congratulations ma'am,0,0,False,False,1783555200
yXWw0_UfSFg,UgxJfpHc7qr4EzZYbgl4AaABAg,root,@ArmenChakhoyan-o5l,UCDJjF0gdM21IU8R-YGMvz9Q,4:43,1,0,False,False,1783555200
yXWw0_UfSFg,UgzgdcIJmBKqrCkQs5V4AaABAg,root,@BrotatoMatthew,UCNvclyDSglo1tBA9Vu1zjqQ,July 2026 🙋‍♂️,0,0,False,False,1783468800
yXWw0_UfSFg,Ugyz137vOjuxyS5_-E14AaABAg,root,@ditohad7720,UCpoLOtdpG9bbRWuGwRbhtuQ,11:15 jack landors power ranger spd,0,0,False,False,1783468800
yXWw0_UfSFg,UgzM7ncJ-fGRHQJDJq94AaABAg,root,@CameronCollings-h6w,UCndUn0nY-GDRx_0bXaHFDKw,I miss this kris,0,0,False,False,1783468800
yXWw0_UfSFg,UgxUEpG4Tp0JZ-TbnZp4AaABAg,root,@eloscuro3680,UCtX6IvDjY4R1k77R63GTNUQ,La chica de los lentes te mamo jimy obvio todo parece que era para ella,0,0,False,False,1783468800
yXWw0_UfSFg,UgxmYSHr_1u7EoLiLEB4AaABAg,root,@TMWmoney3.0,UCvtmTyrbgrr2Li7j_4v3wjA,Bro I miss cris so much the best,0,0,False,False,1783468800
yXWw0_UfSFg,Ugw-Uv6MfPoGti_qPE54AaABAg,root,@Bricksandbogeys,UCl-KJWAvH_grv8EUN9506VA,Can I be in a Mr.beast video,1,0,False,False,1783468800
yXWw0_UfSFg,UgxDxfxlWf5YWWyQPR54AaABAg,root,@christinadufour2674,UCs_RjxCMWZdLn9IBH5keYXg,7:45! My memories from watching this and it hasn't been a meme yet!,0,0,False,False,1783468800
yXWw0_UfSFg,UgzxvwvQxP8_WZH_y1h4AaABAg,root,@JoseCarlos-do9re,UCeyYxPUgpKEl5yNU2qXWyvw,"Venha algum dia para o Brasil, Deus te abençoe. ❤❤❤❤😊😊😊.",0,0,False,False,1783468800
yXWw0_UfSFg,Ugy8hfbjj7EG6GeJ5-14AaABAg,root,@JoseCarlos-do9re,UCeyYxPUgpKEl5yNU2qXWyvw,Isso aqueceu meu coração ❤❤❤.,0,0,False,False,1783468800
yXWw0_UfSFg,Ugzx10X6UKDIqHv6W2J4AaABAg,root,@jimboslice1737,UCpzD44MwA5itHggk5HWJzDA,"Looking back on these kinda videos, it was all a hoax to reach the top. Mrbeast does not do these kinda nice things anymore.",0,0,False,False,1783382400
yXWw0_UfSFg,UgxitZ7s-zjO-poy5Sx4AaABAg,root,@MATINDELBINA1,UCSp_65wv6JVfL1ODdN1qxkQ,اونا تو خیریه کار می کردن فکر کنم ۲۴۰ تا غذا آماده کردن ولی تو ایران در محرم چندین هزار نفر تو شهری مثل تهران غذای رایگان و نذری می گیرن ❤❤,0,0,False,False,1783382400
yXWw0_UfSFg,UgwvGS55qxSE_guILWh4AaABAg,root,@RehanMAILK-x1f,UC27PKKipkzGWcsjhHonqi7w,plese ps5 plese,0,0,False,False,1783382400
yXWw0_UfSFg,UgwHoGJPFQSQsneUi-h4AaABAg,root,@VannesaPavion,UC3pjPV2NaRlJ99oRF-Ojx1w,I wish it was me,0,0,False,False,1783382400
yXWw0_UfSFg,Ugy_OXj94brav4kjA_d4AaABAg,root,@DereckRicardoMoralesHernandez,UCEKTUW47yIDfPQNwcqHUHvQ,cundo llegaras al peru,0,0,False,False,1783382400
yXWw0_UfSFg,Ugz6nJMxM1-C_oq7c0Z4AaABAg,root,@CHILL_ED1T,UC3t3sIe-TRWPy-jxDmybcLg,Who’s watching in July 5th,0,0,False,False,1783382400
yXWw0_UfSFg,UgzzoC3RI1vMngf4tQp4AaABAg,root,@Set_flafe,UCU4z4HpT1Y-3mWQcIi-oFfQ,17,0,0,False,False,1783296000
yXWw0_UfSFg,UgxW0oEjIjiEK51oE0J4AaABAg,root,@OlimNazari,UCsT97tvuVZ30wSbMzItHUUA,💥💥,0,0,False,False,1783296000
yXWw0_UfSFg,UgwdpZ_I6_IHAp4Q-dt4AaABAg,root,@Ravess_,UCAvHX64GkACR69kN6ub3EwQ,Jesus loves you😊,0,0,False,False,1783296000
yXWw0_UfSFg,UgwPqesibL3dvmnJmQl4AaABAg,root,@GregoryAnthony-h8i3v,UCbM1mDJPko46Yk0K4DS2ORA,@MrBeast I’m in Canada & desperately need a new iPhone hint hint 😊,0,0,False,False,1783296000
yXWw0_UfSFg,UgyWlWFE_WZrOv-Kqnl4AaABAg,root,@ShivamKumar-m7i4j,UCRKDg6XXM1I983INbxqk_xA,😮❤❤❤❤❤❤❤❤❤shivam😂😂😂😂😂😂😂😂,0,0,False,False,1783296000
yXWw0_UfSFg,UgzcAoJiFMnpP0E5lVl4AaABAg,root,@Park_Rose-r7s,UCLDx6dU1W2e7Uk9SYvLBPOw,So good video 📷❤❤,0,0,False,False,1783296000
yXWw0_UfSFg,UgyEW0RnFHZOMd6mbgJ4AaABAg,root,@cookieGoblin-67,UColnLNDnvET-maaR6LZ9RAw,Money spread was aura at the end of,0,0,False,False,1783296000
yXWw0_UfSFg,Ugyj116Ym53YcAHp6zh4AaABAg,root,@hemantthakur3218,UCBc8n2mUC6bg4MX62HxGYcA,Love you sir ❤ help me,0,0,False,False,1783296000
yXWw0_UfSFg,UgxzIJNgZrzRZ5KFqqB4AaABAg,root,@asadulloturgunov2000,UCW7QnOQByxgVRuC6Opv3Saw,❤❤,0,0,False,False,1783296000
yXWw0_UfSFg,UgxRcq6Furh1vwpVGIJ4AaABAg,root,@kennethquinnies6023,UCCWfR57XUtmYtKDvBipYqOg,How high can I stack it?,0,0,False,False,1783296000
yXWw0_UfSFg,UgxgOA-SesvFFG_x_Lx4AaABAg,root,@Joeybot1199,UC_b1K7_yWreEeBFhGN-ZJ1A,bro i feel so bad for chandler,1,0,False,False,1783296000
yXWw0_UfSFg,UgxJAYIhOdSBhZHBk9N4AaABAg,root,@christblake2301,UC9gM3URY8VjsyxnxdPqwbgw,Keep us watching,0,0,False,False,1783296000
yXWw0_UfSFg,UgzTStZWADxxfwHYxDR4AaABAg,root,@CarlitosSerranoMartin,UCm7d6CB4sS92I0SXEO6JGbA,Yo,0,0,False,False,1783296000
yXWw0_UfSFg,UgzKTQ87aklrs7zxf8l4AaABAg,root,@Ramo34547,UCrZcNiji7AZNVLp9kXzziOg,Çemberde duranlara mrbeast takip edene 2 kat para demeniz iyi olurdu ekstra takipçi :),0,0,False,False,1783296000
yXWw0_UfSFg,Ugz7uohyAnIGhoDpjq14AaABAg,root,@AmiraliBig-n6c,UCs83IqfunPMn_mQ4po_9u8A,❤❤,0,0,False,False,1783296000
yXWw0_UfSFg,UgxsF6Q0K7F_nyX67xh4AaABAg,root,@Ember_trexVR,UChy0v_ax7pSfoeXUKw8jQIQ,0:07  he knows ball,0,0,False,False,1783296000
yXWw0_UfSFg,UgyktDRqO_q5IU8qs-J4AaABAg,root,@isaaclopez5262,UCxMb15BLuLWQXdPEtu2lGKw,Love this video,0,0,False,False,1783296000
yXWw0_UfSFg,UgxQe2vqFle437VX32d4AaABAg,root,@AnimationOfficial-k3e,UCAoM0c-JFEmpc51IY_BZR4w,ම් b310,0,0,False,False,1783296000
yXWw0_UfSFg,UgyxDtVDqBa_9b2_iid4AaABAg,root,@SiddiqueSand-j3f1p,UC2QLGqbb1MsV5gJEveDw9sw,Love you all people ❤,0,0,False,False,1783296000
yXWw0_UfSFg,UgzuzrA4aG2P2Lp4k_V4AaABAg,root,@SiddiqueSand-j3f1p,UC2QLGqbb1MsV5gJEveDw9sw,Love you all ❤,0,0,False,False,1783296000
yXWw0_UfSFg,UgzCf46t_B0UX58ZsCZ4AaABAg,root,@SiddiqueSand-j3f1p,UC2QLGqbb1MsV5gJEveDw9sw,Love you ❤,0,0,False,False,1783296000
yXWw0_UfSFg,UgweqnBjDQwgJp4oP794AaABAg,root,@SiddiqueSand-j3f1p,UC2QLGqbb1MsV5gJEveDw9sw,Beautiful,0,0,False,False,1783296000
yXWw0_UfSFg,Ugy9Ly0TTCZ3CiOLjL94AaABAg,root,@SiddiqueSand-j3f1p,UC2QLGqbb1MsV5gJEveDw9sw,Wow,0,0,False,False,1783296000
yXWw0_UfSFg,UgzjAb3dr0i4zAt9g0Z4AaABAg,root,@SiddiqueSand-j3f1p,UC2QLGqbb1MsV5gJEveDw9sw,Nice,0,0,False,False,1783296000
